id,name,address,city,level,hechsherId,mashgiachId,kitniyot,expires,status,rabbanutId,notes,lastInspection,lat,lng,foodType,phone,hours
"r_00c775535127b4","השרברב 1 אנטריקוט - פארק הקרח","קניון אייס מול","אילת","Mehadrin","h_1cb26ba92e6d2e","m_558de56a3d26e4","לא צוין","2026-07-01T00:00:00.000Z","ok","rb_a2cffdca6beacc","מקור: עסקים בכשרות מהדרין  תשפ''ה.pdf | כשרות: כשר למהדרין | מיקום משוער לפי עיר; ניתן לתקן במפה.","2026-04-17T00:00:00.000Z","29.552819","34.945115","meat","",""
"r_1c77fa24e11596","שיפודי ציפורה","קאמן 10","אילת","Mehadrin","h_1cb26ba92e6d2e","m_558de56a3d26e4","לא צוין","2026-07-01T00:00:00.000Z","ok","rb_a2cffdca6beacc","מקור: עסקים בכשרות מהדרין  תשפ''ה.pdf | כשרות: כשר למהדרין | מיקום משוער לפי עיר; ניתן לתקן במפה.","2026-04-17T00:00:00.000Z","29.54049","34.94522","meat","",""
"r_cc6cb115107e71","שניצל קונספט אייסמול","קאפמן 9","אילת","Mehadrin","h_1cb26ba92e6d2e","m_558de56a3d26e4","לא צוין","2026-07-01T00:00:00.000Z","ok","rb_a2cffdca6beacc","מקור: עסקים בכשרות מהדרין  תשפ''ה.pdf | כשרות: כשר למהדרין | מיקום משוער לפי עיר; ניתן לתקן במפה.","2026-04-17T00:00:00.000Z","29.557943","34.965829","meat","",""
"r_4e3e868dd1323b","בורגרס בר - פנינת אילת","פנינת אילת","אילת","Mehadrin","h_1cb26ba92e6d2e","m_3b29038d3a2a2a","לא צוין","2026-07-01T00:00:00.000Z","ok","rb_a2cffdca6beacc","מקור: עסקים בכשרות מהדרין  תשפ''ה.pdf | כשרות: כשר למהדרין | מיקום משוער לפי עיר; ניתן לתקן במפה.","2026-04-17T00:00:00.000Z","29.548024","34.957939","meat","",""
"r_9f0223f251c650","דוביל'ה","פנינת אילת","אילת","Mehadrin","h_1cb26ba92e6d2e","m_3b29038d3a2a2a","לא צוין","2026-07-01T00:00:00.000Z","ok","rb_a2cffdca6beacc","מקור: עסקים בכשרות מהדרין  תשפ''ה.pdf | כשרות: כשר למהדרין | מיקום משוער לפי עיר; ניתן לתקן במפה.","2026-04-17T00:00:00.000Z","29.54987","34.946125","meat","",""
"r_392e26b91fca9d","טורטילי","השחם 243/1","אילת","Mehadrin","h_1cb26ba92e6d2e","m_3b29038d3a2a2a","לא צוין","2026-07-01T00:00:00.000Z","ok","rb_a2cffdca6beacc","מקור: עסקים בכשרות מהדרין  תשפ''ה.pdf | כשרות: כשר למהדרין | מיקום משוער לפי עיר; ניתן לתקן במפה.","2026-04-17T00:00:00.000Z","29.561712","34.949339","meat","",""
"r_2f8d9d8f157c86","מנה מנה","פנינת אילת","אילת","Mehadrin","h_1cb26ba92e6d2e","m_3b29038d3a2a2a","לא צוין","2026-07-01T00:00:00.000Z","ok","rb_a2cffdca6beacc","מקור: עסקים בכשרות מהדרין  תשפ''ה.pdf | כשרות: כשר למהדרין | מיקום משוער לפי עיר; ניתן לתקן במפה.","2026-04-17T00:00:00.000Z","29.574116","34.964445","meat","",""
"r_ec641cfbc0ad8c","פיתה ובשר אילת","הפלמ""ח 1","אילת","Mehadrin","h_1cb26ba92e6d2e","m_3b29038d3a2a2a","לא צוין","2026-07-01T00:00:00.000Z","ok","rb_a2cffdca6beacc","מקור: עסקים בכשרות מהדרין  תשפ''ה.pdf | כשרות: כשר למהדרין | מיקום משוער לפי עיר; ניתן לתקן במפה.","2026-04-17T00:00:00.000Z","29.550289","34.943329","meat","",""
"r_8f6e453664954a","קפטן - סניף אילת","מרכז תיירות","אילת","Mehadrin","h_1cb26ba92e6d2e","m_3b29038d3a2a2a","לא צוין","2026-07-01T00:00:00.000Z","ok","rb_a2cffdca6beacc","מקור: עסקים בכשרות מהדרין  תשפ''ה.pdf | כשרות: כשר למהדרין | מיקום משוער לפי עיר; ניתן לתקן במפה.","2026-04-17T00:00:00.000Z","29.563842","34.966383","meat","",""
"r_1d217d7070f329","שניצל קונספט - מול הים","רחוב הפלמ""ח 1","אילת","Mehadrin","h_1cb26ba92e6d2e","m_3b29038d3a2a2a","לא צוין","2026-07-01T00:00:00.000Z","ok","rb_a2cffdca6beacc","מקור: עסקים בכשרות מהדרין  תשפ''ה.pdf | כשרות: כשר למהדרין | מיקום משוער לפי עיר; ניתן לתקן במפה.","2026-04-17T00:00:00.000Z","29.547414","34.962366","meat","",""
"r_d7f5e911b4b310","בורגר ראנץ'","הקניון האדום","אילת","Mehadrin","h_1cb26ba92e6d2e","m_2ffa32eeeef560","לא צוין","2026-07-01T00:00:00.000Z","ok","rb_a2cffdca6beacc","מקור: עסקים בכשרות מהדרין  תשפ''ה.pdf | כשרות: כשר למהדרין | מיקום משוער לפי עיר; ניתן לתקן במפה.","2026-04-17T00:00:00.000Z","29.551903","34.951061","meat","",""
"r_998173afd90adf","בורגרים","שדרות התמרים 11","אילת","Mehadrin","h_1cb26ba92e6d2e","m_2ffa32eeeef560","לא צוין","2026-07-01T00:00:00.000Z","ok","rb_a2cffdca6beacc","מקור: עסקים בכשרות מהדרין  תשפ''ה.pdf | כשרות: כשר למהדרין | מיקום משוער לפי עיר; ניתן לתקן במפה.","2026-04-17T00:00:00.000Z","29.540674","34.951005","meat","",""
"r_665445b84c4e76","ברכת המזון","שד' התמרים","אילת","Mehadrin","h_1cb26ba92e6d2e","m_2ffa32eeeef560","לא צוין","2026-07-01T00:00:00.000Z","ok","rb_a2cffdca6beacc","מקור: עסקים בכשרות מהדרין  תשפ''ה.pdf | כשרות: כשר למהדרין | מיקום משוער לפי עיר; ניתן לתקן במפה.","2026-04-17T00:00:00.000Z","29.544548","34.9614","meat","",""
"r_391fc97ef58410","קייטרינג חגיגת בשרים","התבונה 16","אילת","Mehadrin","h_1cb26ba92e6d2e","m_02abf4fe1844bd","לא צוין","2026-07-01T00:00:00.000Z","ok","rb_a2cffdca6beacc","מקור: עסקים בכשרות מהדרין  תשפ''ה.pdf | כשרות: כשר למהדרין | מיקום משוער לפי עיר; ניתן לתקן במפה.","2026-04-17T00:00:00.000Z","29.564871","34.945634","meat","",""
"r_60982c816c96e7","אצל טויטו","שד' התמרים","אילת","Mehadrin","h_1cb26ba92e6d2e","m_312a860ddb1e9c","לא צוין","2026-07-01T00:00:00.000Z","ok","rb_a2cffdca6beacc","מקור: עסקים בכשרות מהדרין  תשפ''ה.pdf | כשרות: כשר למהדרין | מיקום משוער לפי עיר; ניתן לתקן במפה.","2026-04-17T00:00:00.000Z","29.555407","34.938073","meat","",""
"r_27afa9801b1e0f","פיטל'ה","שדרות התמרים 37","אילת","Mehadrin","h_1cb26ba92e6d2e","m_312a860ddb1e9c","לא צוין","2026-07-01T00:00:00.000Z","ok","rb_a2cffdca6beacc","מקור: עסקים בכשרות מהדרין  תשפ''ה.pdf | כשרות: כשר למהדרין | מיקום משוער לפי עיר; ניתן לתקן במפה.","2026-04-17T00:00:00.000Z","29.562944","34.950043","meat","",""
"r_3d4fd96f4ff2a0","שניצל קונספט - מרכז עינת","מרכז עינת","אילת","Mehadrin","h_1cb26ba92e6d2e","m_5d555e984bc7d7","לא צוין","2026-07-01T00:00:00.000Z","ok","rb_a2cffdca6beacc","מקור: עסקים בכשרות מהדרין  תשפ''ה.pdf | כשרות: כשר למהדרין | מיקום משוער לפי עיר; ניתן לתקן במפה.","2026-04-17T00:00:00.000Z","29.550104","34.958781","meat","",""
"r_37c82be0ad967c","בורגרס בר - ביג","הסתת 20","אילת","Mehadrin","h_1cb26ba92e6d2e","m_6d68bf81be7ac0","לא צוין","2026-07-01T00:00:00.000Z","ok","rb_a2cffdca6beacc","מקור: עסקים בכשרות מהדרין  תשפ''ה.pdf | כשרות: כשר למהדרין | מיקום משוער לפי עיר; ניתן לתקן במפה.","2026-04-17T00:00:00.000Z","29.567193","34.956851","meat","",""
"r_8b43ed6e7195eb","בטעם של קובי","החרש 14","אילת","Mehadrin","h_1cb26ba92e6d2e","m_6d68bf81be7ac0","לא צוין","2026-07-01T00:00:00.000Z","ok","rb_a2cffdca6beacc","מקור: עסקים בכשרות מהדרין  תשפ''ה.pdf | כשרות: כשר למהדרין | מיקום משוער לפי עיר; ניתן לתקן במפה.","2026-04-17T00:00:00.000Z","29.563618","34.963672","meat","",""
"r_5c5d196c9f3f5e","המקסיקני ביג","הסתת 20","אילת","Mehadrin","h_1cb26ba92e6d2e","m_6d68bf81be7ac0","לא צוין","2026-07-01T00:00:00.000Z","ok","rb_a2cffdca6beacc","מקור: עסקים בכשרות מהדרין  תשפ''ה.pdf | כשרות: כשר למהדרין | מיקום משוער לפי עיר; ניתן לתקן במפה.","2026-04-17T00:00:00.000Z","29.564473","34.958402","meat","",""
"r_5e558f01c67fa4","משהו מתבשל פה","המסגר 4","אילת","Mehadrin","h_1cb26ba92e6d2e","m_6d68bf81be7ac0","לא צוין","2026-07-01T00:00:00.000Z","ok","rb_a2cffdca6beacc","מקור: עסקים בכשרות מהדרין  תשפ''ה.pdf | כשרות: כשר למהדרין | מיקום משוער לפי עיר; ניתן לתקן במפה.","2026-04-17T00:00:00.000Z","29.569005","34.955627","meat","",""
"r_6fbb8431216579","ארומה מלכת שבא","קניון מלכת שבא","אילת","Mehadrin","h_1cb26ba92e6d2e","m_62202c251ed2c3","לא צוין","2026-07-01T00:00:00.000Z","ok","rb_a2cffdca6beacc","מקור: עסקים בכשרות מהדרין  תשפ''ה.pdf | כשרות: כשר למהדרין | מיקום משוער לפי עיר; ניתן לתקן במפה.","2026-04-17T00:00:00.000Z","29.553262","34.941291","dairy","",""
"r_263801751b1875","מילאנו","קאפמן 9","אילת","Mehadrin","h_1cb26ba92e6d2e","m_558de56a3d26e4","לא צוין","2026-07-01T00:00:00.000Z","ok","rb_a2cffdca6beacc","מקור: עסקים בכשרות מהדרין  תשפ''ה.pdf | כשרות: כשר למהדרין | מיקום משוער לפי עיר; ניתן לתקן במפה.","2026-04-17T00:00:00.000Z","29.540637","34.966769","dairy","",""
"r_15d9e9c23af602","מיסטר קורן","קניון אייס מול","אילת","Mehadrin","h_1cb26ba92e6d2e","m_558de56a3d26e4","לא צוין","2026-07-01T00:00:00.000Z","ok","rb_a2cffdca6beacc","מקור: עסקים בכשרות מהדרין  תשפ''ה.pdf | כשרות: כשר למהדרין | מיקום משוער לפי עיר; ניתן לתקן במפה.","2026-04-17T00:00:00.000Z","29.564218","34.958639","dairy","",""
"r_fde37c4ccfaa43","קיטצ'ן ביי גרג","פארק הקרח","אילת","Mehadrin","h_1cb26ba92e6d2e","m_558de56a3d26e4","לא צוין","2026-07-01T00:00:00.000Z","ok","rb_a2cffdca6beacc","מקור: עסקים בכשרות מהדרין  תשפ''ה.pdf | כשרות: כשר למהדרין | מיקום משוער לפי עיר; ניתן לתקן במפה.","2026-04-17T00:00:00.000Z","29.557","34.94484","dairy","",""
"r_64da03283b2ab4","ביג אפל פיצה שד' התמרים","שד' התמרים 11","אילת","Mehadrin","h_1cb26ba92e6d2e","m_2ffa32eeeef560","לא צוין","2026-07-01T00:00:00.000Z","ok","rb_a2cffdca6beacc","מקור: עסקים בכשרות מהדרין  תשפ''ה.pdf | כשרות: כשר למהדרין | מיקום משוער לפי עיר; ניתן לתקן במפה.","2026-04-17T00:00:00.000Z","29.540282","34.968766","dairy","",""
"r_e86f1ef617f4d4","פיצה ביס (כמעט חינם)","גן בנימין","אילת","Mehadrin","h_1cb26ba92e6d2e","m_2ffa32eeeef560","לא צוין","2026-07-01T00:00:00.000Z","ok","rb_a2cffdca6beacc","מקור: עסקים בכשרות מהדרין  תשפ''ה.pdf | כשרות: כשר למהדרין | מיקום משוער לפי עיר; ניתן לתקן במפה.","2026-04-17T00:00:00.000Z","29.557026","34.942213","dairy","",""
"r_17e0ad5e70f463","עוגה צאגה - חנות המפעל","צופר 1","אילת","Mehadrin","h_1cb26ba92e6d2e","m_f4f6dcd5592fec","לא צוין","2026-07-01T00:00:00.000Z","ok","rb_a2cffdca6beacc","מקור: עסקים בכשרות מהדרין  תשפ''ה.pdf | כשרות: כשר למהדרין | מיקום משוער לפי עיר; ניתן לתקן במפה.","2026-04-17T00:00:00.000Z","29.559439","34.94251","dairy","",""
"r_e398de1e4c3fd9","ריקוטה","משעול דולב 9","אילת","Mehadrin","h_1cb26ba92e6d2e","m_5d555e984bc7d7","לא צוין","2026-07-01T00:00:00.000Z","ok","rb_a2cffdca6beacc","מקור: עסקים בכשרות מהדרין  תשפ''ה.pdf | כשרות: כשר למהדרין | מיקום משוער לפי עיר; ניתן לתקן במפה.","2026-04-17T00:00:00.000Z","29.574057","34.93673","dairy","",""
"r_59e25732202b15","שיבולים - שד' ששת הימים","שדרות ששת הימים 310","אילת","Mehadrin","h_1cb26ba92e6d2e","m_5d555e984bc7d7","לא צוין","2026-07-01T00:00:00.000Z","ok","rb_a2cffdca6beacc","מקור: עסקים בכשרות מהדרין  תשפ''ה.pdf | כשרות: כשר למהדרין | מיקום משוער לפי עיר; ניתן לתקן במפה.","2026-04-17T00:00:00.000Z","29.570688","34.966758","dairy","",""
"r_386bf1627b5647","אלימי קונדיטוריית שף","האורגים 5","אילת","Mehadrin","h_1cb26ba92e6d2e","m_6d68bf81be7ac0","לא צוין","2026-07-01T00:00:00.000Z","ok","rb_a2cffdca6beacc","מקור: עסקים בכשרות מהדרין  תשפ''ה.pdf | כשרות: כשר למהדרין | מיקום משוער לפי עיר; ניתן לתקן במפה.","2026-04-17T00:00:00.000Z","29.547294","34.949946","dairy","",""
"r_8ebc351e800cba","ארומה - ביג אילת","הסתת 20","אילת","Mehadrin","h_1cb26ba92e6d2e","m_6d68bf81be7ac0","לא צוין","2026-07-01T00:00:00.000Z","ok","rb_a2cffdca6beacc","מקור: עסקים בכשרות מהדרין  תשפ''ה.pdf | כשרות: כשר למהדרין | מיקום משוער לפי עיר; ניתן לתקן במפה.","2026-04-17T00:00:00.000Z","29.561983","34.958769","dairy","",""
"r_d4567b6fa78015","קפה גרג - מתחם ביג","הסתת 20","אילת","Mehadrin","h_1cb26ba92e6d2e","m_6d68bf81be7ac0","לא צוין","2026-07-01T00:00:00.000Z","ok","rb_a2cffdca6beacc","מקור: עסקים בכשרות מהדרין  תשפ''ה.pdf | כשרות: כשר למהדרין | מיקום משוער לפי עיר; ניתן לתקן במפה.","2026-04-17T00:00:00.000Z","29.550521","34.94106","dairy","",""
"r_04a3b0e998344a","שמחה קקס","משעול דולב 9","אילת","Mehadrin","h_1cb26ba92e6d2e","m_5d555e984bc7d7","לא צוין","2026-07-01T00:00:00.000Z","ok","rb_a2cffdca6beacc","מקור: עסקים בכשרות מהדרין  תשפ''ה.pdf | כשרות: כשר למהדרין | מיקום משוער לפי עיר; ניתן לתקן במפה.","2026-04-17T00:00:00.000Z","29.549229","34.96793","pareve","",""
"r_cac3f8b0156ac4","בית מאפה למהדרין","14 אליהו גולומב","אופקים","Mehadrin","h_42b135607c3a54","m_import_default","לא צוין","2026-12-31T00:00:00.000Z","ok","rb_542290b9bb4133","מקור: רשימת מסעדות-7.pdf | סיווג: חלבי/מאפייה פרוה | מיקום משוער לפי עיר; ניתן לתקן במפה.","2026-04-17T00:00:00.000Z","31.315138","34.607985","dairy","08-9926376",""
"r_fe486ddb4f6c23","קצפת","1 ל""צה","אשדוד","Mehadrin","h_42b135607c3a54","m_import_default","לא צוין","2026-12-31T00:00:00.000Z","ok","rb_542290b9bb4133","מקור: רשימת מסעדות-7.pdf | סיווג: גלדריה | מיקום משוער לפי עיר; ניתן לתקן במפה.","2026-04-17T00:00:00.000Z","31.809105","34.649588","pareve","",""
"r_5da9812dc88930","מאפיית הרבי","'בית אל ב.ת.א","בית אל","Mehadrin","h_42b135607c3a54","m_import_default","לא צוין","2026-12-31T00:00:00.000Z","ok","rb_542290b9bb4133","מקור: רשימת מסעדות-7.pdf | סיווג: חלבי/מאפייה פרוה | מיקום משוער לפי עיר; ניתן לתקן במפה.","2026-04-17T00:00:00.000Z","31.943195","35.216191","dairy","",""
"r_812bf120a925cb","ונפיצה בוא","יון השדרהנק 1 חם פורושנהרב מ","בית שמש","Mehadrin","h_42b135607c3a54","m_import_default","לא צוין","2026-12-31T00:00:00.000Z","ok","rb_542290b9bb4133","מקור: רשימת מסעדות-7.pdf | סיווג: פיצה | מיקום משוער לפי עיר; ניתן לתקן במפה.","2026-04-17T00:00:00.000Z","31.736405","34.997233","dairy","02-5445888",""
"r_5c6268b072edc7","סלטוסט","יון השדרהנק 1 חם פורושנהרב מ","בית שמש","Mehadrin","h_42b135607c3a54","m_import_default","לא צוין","2026-12-31T00:00:00.000Z","ok","rb_542290b9bb4133","מקור: רשימת מסעדות-7.pdf | סיווג: טוסטים חלבי | מיקום משוער לפי עיר; ניתן לתקן במפה.","2026-04-17T00:00:00.000Z","31.738155","34.981518","dairy","02-5333515",""
"r_0bd871fc091d3e","לטו'ג","יון השדרהנק 1 חם פורושנהרב מ","בית שמש","Mehadrin","h_42b135607c3a54","m_import_default","לא צוין","2026-12-31T00:00:00.000Z","ok","rb_542290b9bb4133","מקור: רשימת מסעדות-7.pdf | סיווג: פרווה /גלידריה חלבי | מיקום משוער לפי עיר; ניתן לתקן במפה.","2026-04-17T00:00:00.000Z","31.765645","34.994723","dairy","052-6425056",""
"r_054509b12e1e51","האופה בוטיק לחם","13 האמוראים","בית שמש","Mehadrin","h_42b135607c3a54","m_import_default","לא צוין","2026-12-31T00:00:00.000Z","ok","rb_542290b9bb4133","מקור: רשימת מסעדות-7.pdf | סיווג: חלבי/מאפייה פרוה | מיקום משוער לפי עיר; ניתן לתקן במפה.","2026-04-17T00:00:00.000Z","31.741868","35.0022","dairy","",""
"r_b95f6f01bec78f","סושי טוקיו","8 יםניצנ חלנ","בית שמש","Mehadrin","h_42b135607c3a54","m_import_default","לא צוין","2026-12-31T00:00:00.000Z","ok","rb_542290b9bb4133","מקור: רשימת מסעדות-7.pdf | סיווג: סושי פרווה | מיקום משוער לפי עיר; ניתן לתקן במפה.","2026-04-17T00:00:00.000Z","31.759827","34.98244","pareve","076-5403667",""
"r_7da0c130fd78aa","דנגלידל","16 יםניצנ חלנ","בית שמש","Mehadrin","h_42b135607c3a54","m_import_default","לא צוין","2026-12-31T00:00:00.000Z","ok","rb_542290b9bb4133","מקור: רשימת מסעדות-7.pdf | סיווג: גלידריה | מיקום משוער לפי עיר; ניתן לתקן במפה.","2026-04-17T00:00:00.000Z","31.736716","34.991608","dairy","",""
"r_da1f69fab68df1","קצפת","48 חל קישוןנ","בית שמש","Mehadrin","h_42b135607c3a54","m_import_default","לא צוין","2026-12-31T00:00:00.000Z","ok","rb_542290b9bb4133","מקור: רשימת מסעדות-7.pdf | סיווג: גלידריה | מיקום משוער לפי עיר; ניתן לתקן במפה.","2026-04-17T00:00:00.000Z","31.751315","35.005402","dairy","",""
"r_dbb7d6dc6b8dfd","מאפיית חלת הבית","3 יםניצנ חלנ","בית שמש","Mehadrin","h_42b135607c3a54","m_import_default","לא צוין","2026-12-31T00:00:00.000Z","ok","rb_542290b9bb4133","מקור: רשימת מסעדות-7.pdf | סיווג: חלבי/מאפייה פרוה | מיקום משוער לפי עיר; ניתן לתקן במפה.","2026-04-17T00:00:00.000Z","31.747941","34.999732","dairy","",""
"r_1e297eac9fd64d","וופל בר","6 יגאל אלון","בית שמש","Mehadrin","h_42b135607c3a54","m_import_default","לא צוין","2026-12-31T00:00:00.000Z","ok","rb_542290b9bb4133","מקור: רשימת מסעדות-7.pdf | סיווג: מסעדה חלבית | מיקום משוער לפי עיר; ניתן לתקן במפה.","2026-04-17T00:00:00.000Z","31.742872","34.992883","dairy","",""
"r_7194fe1ac4db82","מיסטר מיט","22 ביאניחזקאל ה","בית שמש","Mehadrin","h_42b135607c3a54","m_import_default","לא צוין","2026-12-31T00:00:00.000Z","ok","rb_542290b9bb4133","מקור: רשימת מסעדות-7.pdf | סיווג: בשרי | מיקום משוער לפי עיר; ניתן לתקן במפה.","2026-04-17T00:00:00.000Z","31.768015","34.973858","meat","02-6258858",""
"r_1496e8d743938f","מאפיית חלת הבית","2 ונמשה רבי","בית שמש","Mehadrin","h_42b135607c3a54","m_import_default","לא צוין","2026-12-31T00:00:00.000Z","ok","rb_542290b9bb4133","מקור: רשימת מסעדות-7.pdf | סיווג: חלבי/מאפייה פרוה | מיקום משוער לפי עיר; ניתן לתקן במפה.","2026-04-17T00:00:00.000Z","31.768784","34.972264","dairy","02-5439047",""
"r_32d7f82a44825f","קצפת","6 יגאל אלון","בית שמש","Mehadrin","h_42b135607c3a54","m_import_default","לא צוין","2026-12-31T00:00:00.000Z","ok","rb_542290b9bb4133","מקור: רשימת מסעדות-7.pdf | סיווג: גלידריה | מיקום משוער לפי עיר; ניתן לתקן במפה.","2026-04-17T00:00:00.000Z","31.755713","34.979468","dairy","",""
"r_b699529f05a4fd","דובי דגים","8 יםניצנ חלנ","בית שמש","Mehadrin","h_42b135607c3a54","m_import_default","לא צוין","2026-12-31T00:00:00.000Z","ok","rb_542290b9bb4133","מקור: רשימת מסעדות-7.pdf | סיווג: דגים | מיקום משוער לפי עיר; ניתן לתקן במפה.","2026-04-17T00:00:00.000Z","31.746242","35.001945","pareve","02-9990703",""
"r_40e260ce6c56ba","הולי בייגל","19 חל דולבנ","בית שמש","Mehadrin","h_42b135607c3a54","m_import_default","לא צוין","2026-12-31T00:00:00.000Z","ok","rb_542290b9bb4133","מקור: רשימת מסעדות-7.pdf | סיווג: מסעדה חלבי | מיקום משוער לפי עיר; ניתן לתקן במפה.","2026-04-17T00:00:00.000Z","31.746131","34.990464","dairy","02-9993121",""
"r_d2cf3313ac6928","וגטיןנ","62 הרב שלמה זלמן אוירבך","בית שמש","Mehadrin","h_42b135607c3a54","m_import_default","לא צוין","2026-12-31T00:00:00.000Z","ok","rb_542290b9bb4133","מקור: רשימת מסעדות-7.pdf | סיווג: פרווה / מאפייה חלבי | מיקום משוער לפי עיר; ניתן לתקן במפה.","2026-04-17T00:00:00.000Z","31.744218","35.001671","dairy","",""
"r_384d76778bebbb","םנפיצה כמעט חי","10 חלקת יהושע","בית שמש","Mehadrin","h_42b135607c3a54","m_import_default","לא צוין","2026-12-31T00:00:00.000Z","ok","rb_542290b9bb4133","מקור: רשימת מסעדות-7.pdf | סיווג: פיצה | מיקום משוער לפי עיר; ניתן לתקן במפה.","2026-04-17T00:00:00.000Z","31.752395","35.001905","dairy","02-5661615",""
"r_f7bc4ef1b58faa","מאפיית חלת הבית","24 האומראים 'שד","בית שמש","Mehadrin","h_42b135607c3a54","m_import_default","לא צוין","2026-12-31T00:00:00.000Z","ok","rb_542290b9bb4133","מקור: רשימת מסעדות-7.pdf | סיווג: חלבי/מאפייה פרוה | מיקום משוער לפי עיר; ניתן לתקן במפה.","2026-04-17T00:00:00.000Z","31.757977","35.004643","dairy","02-6405555",""
"r_601ec941f3b837","היימיש סושי","סת מרדכינכ","ביתר עילית","Mehadrin","h_42b135607c3a54","m_import_default","לא צוין","2026-12-31T00:00:00.000Z","ok","rb_542290b9bb4133","מקור: רשימת מסעדות-7.pdf | סיווג: סושי | מיקום משוער לפי עיר; ניתן לתקן במפה.","2026-04-17T00:00:00.000Z","31.710792","35.122024","pareve","052-7164224",""
"r_67845851711570","מאפיית מן הארץ","17 אלעזר המודעי","ביתר עילית","Mehadrin","h_42b135607c3a54","m_import_default","לא צוין","2026-12-31T00:00:00.000Z","ok","rb_542290b9bb4133","מקור: רשימת מסעדות-7.pdf | סיווג: חלבי/מאפייה פרוה | מיקום משוער לפי עיר; ניתן לתקן במפה.","2026-04-17T00:00:00.000Z","31.714394","35.115797","dairy","",""
"r_408899010f479c","קצפת","8 ין דודנב","ביתר עילית","Mehadrin","h_42b135607c3a54","m_import_default","לא צוין","2026-12-31T00:00:00.000Z","ok","rb_542290b9bb4133","מקור: רשימת מסעדות-7.pdf | סיווג: גלידריה | מיקום משוער לפי עיר; ניתן לתקן במפה.","2026-04-17T00:00:00.000Z","31.693004","35.110403","dairy","",""
"r_53b80c7e6ca9b7","יוסלה","14 ן""הר","ביתר עילית","Mehadrin","h_42b135607c3a54","m_import_default","לא צוין","2026-12-31T00:00:00.000Z","ok","rb_542290b9bb4133","מקור: רשימת מסעדות-7.pdf | סיווג: בשרי | מיקום משוער לפי עיר; ניתן לתקן במפה.","2026-04-17T00:00:00.000Z","31.712658","35.128598","meat","02-5950111",""
"r_e3bb97baf1e53c","פיצה האט","4 הרב ברים","ביתר עילית","Mehadrin","h_42b135607c3a54","m_import_default","לא צוין","2026-12-31T00:00:00.000Z","ok","rb_542290b9bb4133","מקור: רשימת מסעדות-7.pdf | סיווג: פיצה | מיקום משוער לפי עיר; ניתן לתקן במפה.","2026-04-17T00:00:00.000Z","31.698237","35.126128","dairy","1700506070",""
"r_ee8f426d6d0b8e","פיצה האט","2 סקינבוטי'ז","בני ברק","Mehadrin","h_42b135607c3a54","m_import_default","לא צוין","2026-12-31T00:00:00.000Z","ok","rb_542290b9bb4133","מקור: רשימת מסעדות-7.pdf | סיווג: פיצה | מיקום משוער לפי עיר; ניתן לתקן במפה.","2026-04-17T00:00:00.000Z","32.09707","34.849756","dairy","1700506070",""
"r_b7c69a6de060f6","זיסלק","76 רבי עקיבא","בני ברק","Mehadrin","h_42b135607c3a54","m_import_default","לא צוין","2026-12-31T00:00:00.000Z","ok","rb_542290b9bb4133","מקור: רשימת מסעדות-7.pdf | סיווג: גלידריה | מיקום משוער לפי עיר; ניתן לתקן במפה.","2026-04-17T00:00:00.000Z","32.076631","34.837547","dairy","",""
"r_f6307acf30f60a","טה קרלונמושיקו מבית מו","72 אלנאברב","בני ברק","Mehadrin","h_42b135607c3a54","m_import_default","לא צוין","2026-12-31T00:00:00.000Z","ok","rb_542290b9bb4133","מקור: רשימת מסעדות-7.pdf | סיווג: צליהנש | מיקום משוער לפי עיר; ניתן לתקן במפה.","2026-04-17T00:00:00.000Z","32.073097","34.820418","pareve","053-4521972",""
"r_1a0746fee490fb","פיצוחי אביב","72 אלנאברב","בני ברק","Mehadrin","h_42b135607c3a54","m_import_default","לא צוין","2026-12-31T00:00:00.000Z","ok","rb_542290b9bb4133","מקור: רשימת מסעדות-7.pdf | סיווג: יםנתבלי/פיצוחים | מיקום משוער לפי עיר; ניתן לתקן במפה.","2026-04-17T00:00:00.000Z","32.069933","34.837156","pareve","",""
"r_6e858f3a387427","טנול'קרייזי צ","7 אבוחצירה","בני ברק","Mehadrin","h_42b135607c3a54","m_import_default","לא צוין","2026-12-31T00:00:00.000Z","ok","rb_542290b9bb4133","מקור: רשימת מסעדות-7.pdf | סיווג: טנצול | מיקום משוער לפי עיר; ניתן לתקן במפה.","2026-04-17T00:00:00.000Z","32.095048","34.843849","pareve","",""
"r_ee7380c8105b80","טייסטי מיט","4 הרב קוק","בני ברק","Mehadrin","h_42b135607c3a54","m_import_default","לא צוין","2026-12-31T00:00:00.000Z","ok","rb_542290b9bb4133","מקור: רשימת מסעדות-7.pdf | סיווג: יק בשרינקנ טוסט | מיקום משוער לפי עיר; ניתן לתקן במפה.","2026-04-17T00:00:00.000Z","32.080123","34.847073","meat","03-8020700",""
"r_9e1322d486b9de","קצפת","מגדל הכשרת היישוב 9 סקינזבוטי","בני ברק","Mehadrin","h_42b135607c3a54","m_import_default","לא צוין","2026-12-31T00:00:00.000Z","ok","rb_542290b9bb4133","מקור: רשימת מסעדות-7.pdf | סיווג: גלידריה | מיקום משוער לפי עיר; ניתן לתקן במפה.","2026-04-17T00:00:00.000Z","32.07415","34.830579","dairy","",""
"r_4054c49208a328","'גסנהערי","7 סקינזבוטי","בני ברק","Mehadrin","h_42b135607c3a54","m_import_default","לא צוין","2026-12-31T00:00:00.000Z","ok","rb_542290b9bb4133","מקור: רשימת מסעדות-7.pdf | סיווג: יםנדגים מעוש,גנהערי | מיקום משוער לפי עיר; ניתן לתקן במפה.","2026-04-17T00:00:00.000Z","32.086264","34.847306","pareve","03-6404595",""
"r_daba434da52119","ט עולמינטשול","142 רבי עקיבא","בני ברק","Mehadrin","h_42b135607c3a54","m_import_default","לא צוין","2026-12-31T00:00:00.000Z","ok","rb_542290b9bb4133","מקור: רשימת מסעדות-7.pdf | סיווג: טנצול | מיקום משוער לפי עיר; ניתן לתקן במפה.","2026-04-17T00:00:00.000Z","32.076045","34.825935","pareve","",""
"r_7711685c831d5d","טי פייבנפיצה טוו","100 מןנהרב כה","בני ברק","Mehadrin","h_42b135607c3a54","m_import_default","לא צוין","2026-12-31T00:00:00.000Z","ok","rb_542290b9bb4133","מקור: רשימת מסעדות-7.pdf | סיווג: פיצה | מיקום משוער לפי עיר; ניתן לתקן במפה.","2026-04-17T00:00:00.000Z","32.091073","34.848929","dairy","03-5292529",""
"r_daf419a6b9038e","מסעדת פרמזן","'ב 9 מצדה","בני ברק","Mehadrin","h_42b135607c3a54","m_import_default","לא צוין","2026-12-31T00:00:00.000Z","ok","rb_542290b9bb4133","מקור: רשימת מסעדות-7.pdf | סיווג: מסעדה חלבית | מיקום משוער לפי עיר; ניתן לתקן במפה.","2026-04-17T00:00:00.000Z","32.087708","34.841633","dairy","03-7295700",""
"r_b3b33e4abd7dcd","קצפת","514 סקינזבוטי","גבעת שמואל","Mehadrin","h_42b135607c3a54","m_import_default","לא צוין","2026-12-31T00:00:00.000Z","ok","rb_542290b9bb4133","מקור: רשימת מסעדות-7.pdf | סיווג: גלידריה | מיקום משוער לפי עיר; ניתן לתקן במפה.","2026-04-17T00:00:00.000Z","32.063366","34.845318","dairy","03-6767780",""
"r_4bbaced891bc80","פיצה יגאל","2 שיאנה","חדרה","Mehadrin","h_42b135607c3a54","m_import_default","לא צוין","2026-12-31T00:00:00.000Z","ok","rb_542290b9bb4133","מקור: רשימת מסעדות-7.pdf | סיווג: פיצה | מיקום משוער לפי עיר; ניתן לתקן במפה.","2026-04-17T00:00:00.000Z","32.441445","34.903495","dairy","04-6100098",""
"r_6afe97c3ff180b","וי אר בית מאפה","קרית חיים 25 האצטדיון","חיפה","Mehadrin","h_42b135607c3a54","m_import_default","לא צוין","2026-12-31T00:00:00.000Z","ok","rb_542290b9bb4133","מקור: רשימת מסעדות-7.pdf | סיווג: חלבי/מאפייה פרוה | מיקום משוער לפי עיר; ניתן לתקן במפה.","2026-04-17T00:00:00.000Z","32.798303","34.989062","dairy","04-6329165",""
"r_99cf1e2626af47","ונר איטליאנויי","קרית חיים 25 האצטדיון","חיפה","Mehadrin","h_42b135607c3a54","m_import_default","לא צוין","2026-12-31T00:00:00.000Z","ok","rb_542290b9bb4133","מקור: רשימת מסעדות-7.pdf | סיווג: מסעדה חלבית | מיקום משוער לפי עיר; ניתן לתקן במפה.","2026-04-17T00:00:00.000Z","32.79702","35.004331","dairy","04-6329165",""
"r_1796a432298822","פיצה העמק","9 בן גוריון, חצור הגלילית","חצור","Mehadrin","h_42b135607c3a54","m_import_default","לא צוין","2026-12-31T00:00:00.000Z","ok","rb_542290b9bb4133","מקור: רשימת מסעדות-7.pdf | סיווג: פיצה | מיקום משוער לפי עיר; ניתן לתקן במפה.","2026-04-17T00:00:00.000Z","32.992517","35.537824","dairy","04-9577011",""
"r_c977ae7acb1fdc","פיצוחי הגליל כהן","38 י המעגלנמעלה חו, חצור הגלילית","חצור","Mehadrin","h_42b135607c3a54","m_import_default","לא צוין","2026-12-31T00:00:00.000Z","ok","rb_542290b9bb4133","מקור: רשימת מסעדות-7.pdf | סיווג: יםנתבלי/פיצוחים | מיקום משוער לפי עיר; ניתן לתקן במפה.","2026-04-17T00:00:00.000Z","32.983172","35.534534","pareve","",""
"r_aee546d9845ef7","קצפת","102 הרצל 'שד, בית הכרם","ירושלים","Mehadrin","h_42b135607c3a54","m_import_default","לא צוין","2026-12-31T00:00:00.000Z","ok","rb_542290b9bb4133","מקור: רשימת מסעדות-7.pdf | סיווג: גלידריה | מיקום משוער לפי עיר; ניתן לתקן במפה.","2026-04-17T00:00:00.000Z","31.782948","35.22757","dairy","",""
"r_1a18023434dc7f","סושי בית וגן","37 הפסגה, בית וגן","ירושלים","Mehadrin","h_42b135607c3a54","m_import_default","לא צוין","2026-12-31T00:00:00.000Z","ok","rb_542290b9bb4133","מקור: רשימת מסעדות-7.pdf | סיווג: סושי | מיקום משוער לפי עיר; ניתן לתקן במפה.","2026-04-17T00:00:00.000Z","31.752545","35.225021","pareve","02-5901155",""
"r_6470f684ab6521","ון הפסגהנמז","23 הפסגה, בית וגן","ירושלים","Mehadrin","h_42b135607c3a54","m_import_default","לא צוין","2026-12-31T00:00:00.000Z","ok","rb_542290b9bb4133","מקור: רשימת מסעדות-7.pdf | סיווג: בשרי | מיקום משוער לפי עיר; ניתן לתקן במפה.","2026-04-17T00:00:00.000Z","31.754156","35.198827","meat","02-6429240",""
"r_422cf2b16e6fa7","קצפת","1 גווילנישראל ז, בית וגן","ירושלים","Mehadrin","h_42b135607c3a54","m_import_default","לא צוין","2026-12-31T00:00:00.000Z","ok","rb_542290b9bb4133","מקור: רשימת מסעדות-7.pdf | סיווג: גלידריה | מיקום משוער לפי עיר; ניתן לתקן במפה.","2026-04-17T00:00:00.000Z","31.76693","35.205944","dairy","",""
"r_06dadc1279e2cc","וגטיןנ","28 עוזיאל, בית וגן","ירושלים","Mehadrin","h_42b135607c3a54","m_import_default","לא צוין","2026-12-31T00:00:00.000Z","ok","rb_542290b9bb4133","מקור: רשימת מסעדות-7.pdf | סיווג: מסעדה חלבי | מיקום משוער לפי עיר; ניתן לתקן במפה.","2026-04-17T00:00:00.000Z","31.771672","35.218297","dairy","02-6421242",""
"r_31a7e6339c4a33","קצפת","יון רב שפענק 16 שמגר, בעלז","ירושלים","Mehadrin","h_42b135607c3a54","m_import_default","לא צוין","2026-12-31T00:00:00.000Z","ok","rb_542290b9bb4133","מקור: רשימת מסעדות-7.pdf | סיווג: גלידריה | מיקום משוער לפי עיר; ניתן לתקן במפה.","2026-04-17T00:00:00.000Z","31.754529","35.209324","dairy","",""
"r_624e0a399d8dc9","בורגר ביט","יון רב שפענק 16 שמגר, בעלז","ירושלים","Mehadrin","h_42b135607c3a54","m_import_default","לא צוין","2026-12-31T00:00:00.000Z","ok","rb_542290b9bb4133","מקור: רשימת מסעדות-7.pdf | סיווג: בשרי | מיקום משוער לפי עיר; ניתן לתקן במפה.","2026-04-17T00:00:00.000Z","31.766643","35.2154","meat","02-5382660",""
"r_8fe105b859bf3d","מיסטר בייגל","יון רב שפענק 16 שמגר, בעלז","ירושלים","Mehadrin","h_42b135607c3a54","m_import_default","לא צוין","2026-12-31T00:00:00.000Z","ok","rb_542290b9bb4133","מקור: רשימת מסעדות-7.pdf | סיווג: חלבי | מיקום משוער לפי עיר; ניתן לתקן במפה.","2026-04-17T00:00:00.000Z","31.754126","35.205799","dairy","02-5614444",""
"r_fccc8970921e1c","THE RYE מאפיית","18 הרב סרוצקין, בעלז","ירושלים","Mehadrin","h_42b135607c3a54","m_import_default","לא צוין","2026-12-31T00:00:00.000Z","ok","rb_542290b9bb4133","מקור: רשימת מסעדות-7.pdf | סיווג: מאפיית לחמים מיוחדים | מיקום משוער לפי עיר; ניתן לתקן במפה.","2026-04-17T00:00:00.000Z","31.762439","35.226493","pareve","054-5280234",""
"r_f5412885584846","מיץ פרי","1 הישיבה, גאולה","ירושלים","Mehadrin","h_42b135607c3a54","m_import_default","לא צוין","2026-12-31T00:00:00.000Z","ok","rb_542290b9bb4133","מקור: רשימת מסעדות-7.pdf | סיווג: מיצים | מיקום משוער לפי עיר; ניתן לתקן במפה.","2026-04-17T00:00:00.000Z","31.781736","35.204731","pareve","054-8166359",""
"r_5a79314afdfd83","סאם בייגל","26 מלכי ישראל, גאולה","ירושלים","Mehadrin","h_42b135607c3a54","m_import_default","לא צוין","2026-12-31T00:00:00.000Z","ok","rb_542290b9bb4133","מקור: רשימת מסעדות-7.pdf | סיווג: חלבי | מיקום משוער לפי עיר; ניתן לתקן במפה.","2026-04-17T00:00:00.000Z","31.757995","35.207209","dairy","02-5383262",""
"r_4dd3b6310b3de2","ט על הגגנטשול","5 מלכי ישראל, גאולה","ירושלים","Mehadrin","h_42b135607c3a54","m_import_default","לא צוין","2026-12-31T00:00:00.000Z","ok","rb_542290b9bb4133","מקור: רשימת מסעדות-7.pdf | סיווג: בשרי | מיקום משוער לפי עיר; ניתן לתקן במפה.","2026-04-17T00:00:00.000Z","31.766688","35.213945","meat","054-6930096",""
"r_8e7b4e2b72cb91","חלב ודבש בוטיק קפה","מרכז מסחרי 21 הנההג, גבעה הצרפתית","ירושלים","Mehadrin","h_42b135607c3a54","m_import_default","לא צוין","2026-12-31T00:00:00.000Z","ok","rb_542290b9bb4133","מקור: רשימת מסעדות-7.pdf | סיווג: בית קפה | מיקום משוער לפי עיר; ניתן לתקן במפה.","2026-04-17T00:00:00.000Z","31.783487","35.218295","dairy","",""
"r_ab53987fbcf234","ריז בורגר","13 שריםנ פינכ, גבעת שאול","ירושלים","Mehadrin","h_42b135607c3a54","m_import_default","לא צוין","2026-12-31T00:00:00.000Z","ok","rb_542290b9bb4133","מקור: רשימת מסעדות-7.pdf | סיווג: בשרי | מיקום משוער לפי עיר; ניתן לתקן במפה.","2026-04-17T00:00:00.000Z","31.754427","35.198602","meat","",""
"r_bd4c4bee50a25e","פיצה לארי","66 שריםנ כהפי, גבעת שאול","ירושלים","Mehadrin","h_42b135607c3a54","m_import_default","לא צוין","2026-12-31T00:00:00.000Z","ok","rb_542290b9bb4133","מקור: רשימת מסעדות-7.pdf | סיווג: פיצה | מיקום משוער לפי עיר; ניתן לתקן במפה.","2026-04-17T00:00:00.000Z","31.768809","35.228968","dairy","02-6540383",""
"r_85648ff91cf268","איטליז מטעם חפץ חיים","13 בית הדפוס, גבעת שאול","ירושלים","Mehadrin","h_42b135607c3a54","m_import_default","לא צוין","2026-12-31T00:00:00.000Z","ok","rb_542290b9bb4133","מקור: רשימת מסעדות-7.pdf | סיווג: איטליז | מיקום משוער לפי עיר; ניתן לתקן במפה.","2026-04-17T00:00:00.000Z","31.757436","35.220545","pareve","",""
"r_b0c26f7c945f80","יוסלה מוקיר שבת","2 אלקבץ, גבעת שאול","ירושלים","Mehadrin","h_42b135607c3a54","m_import_default","לא צוין","2026-12-31T00:00:00.000Z","ok","rb_542290b9bb4133","מקור: רשימת מסעדות-7.pdf | סיווג: אוכל מוכן לשבת | מיקום משוער לפי עיר; ניתן לתקן במפה.","2026-04-17T00:00:00.000Z","31.751079","35.200234","takeaway","054-9170420",""
"r_92ae46cdd85afd","ביג אפל פיצה","35 שריםנ פינכ, גבעת שאול","ירושלים","Mehadrin","h_42b135607c3a54","m_import_default","לא צוין","2026-12-31T00:00:00.000Z","ok","rb_542290b9bb4133","מקור: רשימת מסעדות-7.pdf | סיווג: פיצה | מיקום משוער לפי עיר; ניתן לתקן במפה.","2026-04-17T00:00:00.000Z","31.766736","35.206271","dairy","",""
"r_0eaf287bc2af7d","מוסקט","24 שריםנ פינכ, גבעת שאול","ירושלים","Mehadrin","h_42b135607c3a54","m_import_default","לא צוין","2026-12-31T00:00:00.000Z","ok","rb_542290b9bb4133","מקור: רשימת מסעדות-7.pdf | סיווג: חלבי | מיקום משוער לפי עיר; ניתן לתקן במפה.","2026-04-17T00:00:00.000Z","31.774351","35.197096","dairy","02-6524414",""
"r_8d81cc1e7317a6","מאמא טעם של בית","3 עם ועולמו, גבעת שאול","ירושלים","Mehadrin","h_42b135607c3a54","m_import_default","לא צוין","2026-12-31T00:00:00.000Z","ok","rb_542290b9bb4133","מקור: רשימת מסעדות-7.pdf | סיווג: ון חלבינמז | מיקום משוער לפי עיר; ניתן לתקן במפה.","2026-04-17T00:00:00.000Z","31.777455","35.230549","dairy","",""
"r_92f037aff1d662","פאזל סלט קפה ובייגל","10 שריםנ פינכ, גבעת שאול","ירושלים","Mehadrin","h_42b135607c3a54","m_import_default","לא צוין","2026-12-31T00:00:00.000Z","ok","rb_542290b9bb4133","מקור: רשימת מסעדות-7.pdf | סיווג: ג חלבינמסעדה וקייטרי | מיקום משוער לפי עיר; ניתן לתקן במפה.","2026-04-17T00:00:00.000Z","31.757433","35.203725","dairy","077-4100256",""
"r_f831336cf5b94d","קצפת","35 שריםנ פינכ, גבעת שאול","ירושלים","Mehadrin","h_42b135607c3a54","m_import_default","לא צוין","2026-12-31T00:00:00.000Z","ok","rb_542290b9bb4133","מקור: רשימת מסעדות-7.pdf | סיווג: גלדריה | מיקום משוער לפי עיר; ניתן לתקן במפה.","2026-04-17T00:00:00.000Z","31.763565","35.220812","pareve","",""
"r_5f9ba6d38b4404","וגטיןנ","1 המרפא, הר חוצבים","ירושלים","Mehadrin","h_42b135607c3a54","m_import_default","לא צוין","2026-12-31T00:00:00.000Z","ok","rb_542290b9bb4133","מקור: רשימת מסעדות-7.pdf | סיווג: מסעדה חלבי | מיקום משוער לפי עיר; ניתן לתקן במפה.","2026-04-17T00:00:00.000Z","31.77246","35.223683","dairy","02-6421242",""
"r_370bb56d3c3eed","ר פיצה""ד","10 הרטום, הר חוצבים","ירושלים","Mehadrin","h_42b135607c3a54","m_import_default","לא צוין","2026-12-31T00:00:00.000Z","ok","rb_542290b9bb4133","מקור: רשימת מסעדות-7.pdf | סיווג: חלבי | מיקום משוער לפי עיר; ניתן לתקן במפה.","2026-04-17T00:00:00.000Z","31.762231","35.223288","dairy","02-5325707",""
"r_e28dd9e600b59e","רודריגז","3 קרית מדע, הר חוצבים","ירושלים","Mehadrin","h_42b135607c3a54","m_import_default","לא צוין","2026-12-31T00:00:00.000Z","ok","rb_542290b9bb4133","מקור: רשימת מסעדות-7.pdf | סיווג: מסעדה בשרית | מיקום משוער לפי עיר; ניתן לתקן במפה.","2026-04-17T00:00:00.000Z","31.781577","35.202632","meat","02-5815815",""
"r_ad40423689264e","סאם בורגר","3 קרית מדע, הר חוצבים","ירושלים","Mehadrin","h_42b135607c3a54","m_import_default","לא צוין","2026-12-31T00:00:00.000Z","ok","rb_542290b9bb4133","מקור: רשימת מסעדות-7.pdf | סיווג: בשרי | מיקום משוער לפי עיר; ניתן לתקן במפה.","2026-04-17T00:00:00.000Z","31.775859","35.200191","meat","02-9998190",""
"r_a32939e7e84d09","חומוס אליהו","3 קרית מדע, הר חוצבים","ירושלים","Mehadrin","h_42b135607c3a54","m_import_default","לא צוין","2026-12-31T00:00:00.000Z","ok","rb_542290b9bb4133","מקור: רשימת מסעדות-7.pdf | סיווג: חומוס | מיקום משוער לפי עיר; ניתן לתקן במפה.","2026-04-17T00:00:00.000Z","31.779021","35.207519","pareve","",""
"r_415dcb1cb105d5","ג לה קארטנקייטרי","55 לבויגןנקצ, וףנ הר","ירושלים","Mehadrin","h_42b135607c3a54","m_import_default","לא צוין","2026-12-31T00:00:00.000Z","ok","rb_542290b9bb4133","מקור: רשימת מסעדות-7.pdf | סיווג: בשרי וחלבי | מיקום משוער לפי עיר; ניתן לתקן במפה.","2026-04-17T00:00:00.000Z","31.762276","35.209787","meat","052-6488934",""
"r_2649ba6906d586","וףנ בייגלס הר","58 שאולזון, וףנ הר","ירושלים","Mehadrin","h_42b135607c3a54","m_import_default","לא צוין","2026-12-31T00:00:00.000Z","ok","rb_542290b9bb4133","מקור: רשימת מסעדות-7.pdf | סיווג: חלבי | מיקום משוער לפי עיר; ניתן לתקן במפה.","2026-04-17T00:00:00.000Z","31.784798","35.229494","dairy","02-6522447",""
"r_bac3b4ce44dfa4","וגטיןנ","49 שאולזון, וףנ הר","ירושלים","Mehadrin","h_42b135607c3a54","m_import_default","לא צוין","2026-12-31T00:00:00.000Z","ok","rb_542290b9bb4133","מקור: רשימת מסעדות-7.pdf | סיווג: מסעדה חלבי | מיקום משוער לפי עיר; ניתן לתקן במפה.","2026-04-17T00:00:00.000Z","31.768388","35.221122","dairy","02-6421242",""
"r_e70c415276438f","טוקיו","12 פלדננזו, מיר","ירושלים","Mehadrin","h_42b135607c3a54","m_import_default","לא צוין","2026-12-31T00:00:00.000Z","ok","rb_542290b9bb4133","מקור: רשימת מסעדות-7.pdf | סיווג: סושי | מיקום משוער לפי עיר; ניתן לתקן במפה.","2026-04-17T00:00:00.000Z","31.761157","35.208162","pareve","076-5403667",""
"r_d8b033e57b6012","פליימס","2 בית ישראל, מיר","ירושלים","Mehadrin","h_42b135607c3a54","m_import_default","לא צוין","2026-12-31T00:00:00.000Z","ok","rb_542290b9bb4133","מקור: רשימת מסעדות-7.pdf | סיווג: בשרי | מיקום משוער לפי עיר; ניתן לתקן במפה.","2026-04-17T00:00:00.000Z","31.758984","35.210046","meat","054-8439080",""
"r_8faef16599eee9","מיטיים / ט עולמינטשול","2 גרנה, מיר","ירושלים","Mehadrin","h_42b135607c3a54","m_import_default","לא צוין","2026-12-31T00:00:00.000Z","ok","rb_542290b9bb4133","מקור: רשימת מסעדות-7.pdf | סיווג: טוסטים בשרי | מיקום משוער לפי עיר; ניתן לתקן במפה.","2026-04-17T00:00:00.000Z","31.763855","35.197328","meat","",""
"r_13cccfb233c3bc","פיזליה","3 משה הס, ממילה","ירושלים","Mehadrin","h_42b135607c3a54","m_import_default","לא צוין","2026-12-31T00:00:00.000Z","ok","rb_542290b9bb4133","מקור: רשימת מסעדות-7.pdf | סיווג: פיצה | מיקום משוער לפי עיר; ניתן לתקן במפה.","2026-04-17T00:00:00.000Z","31.771607","35.224527","dairy","058-7732790",""
"r_55cf2b97734408","פיצה פפידו","3 שטראוס, מרכז","ירושלים","Mehadrin","h_42b135607c3a54","m_import_default","לא צוין","2026-12-31T00:00:00.000Z","ok","rb_542290b9bb4133","מקור: רשימת מסעדות-7.pdf | סיווג: פיצה | מיקום משוער לפי עיר; ניתן לתקן במפה.","2026-04-17T00:00:00.000Z","31.765112","35.211981","dairy","02-5333500",""
"r_ba9e6514c1db91","זיסלק","1 טרנס, מרכז","ירושלים","Mehadrin","h_42b135607c3a54","m_import_default","לא צוין","2026-12-31T00:00:00.000Z","ok","rb_542290b9bb4133","מקור: רשימת מסעדות-7.pdf | סיווג: גלידריה | מיקום משוער לפי עיר; ניתן לתקן במפה.","2026-04-17T00:00:00.000Z","31.764895","35.222647","dairy","02-6506565",""
"r_8aa27e569f6bbc","יית מרציפןנמגד","1 טרנס, מרכז","ירושלים","Mehadrin","h_42b135607c3a54","m_import_default","לא צוין","2026-12-31T00:00:00.000Z","ok","rb_542290b9bb4133","מקור: רשימת מסעדות-7.pdf | סיווג: חלבי/מאפייה פרוה | מיקום משוער לפי עיר; ניתן לתקן במפה.","2026-04-17T00:00:00.000Z","31.76236","35.205979","dairy","",""
"r_9f049117a9158e","סושי פיוז","מרכז, 053-4933893","ירושלים","Mehadrin","h_42b135607c3a54","m_import_default","לא צוין","2026-12-31T00:00:00.000Z","ok","rb_542290b9bb4133","מקור: רשימת מסעדות-7.pdf | סיווג: פרווה | מיקום משוער לפי עיר; ניתן לתקן במפה.","2026-04-17T00:00:00.000Z","31.770795","35.203695","pareve","",""
"r_5f1955a8a5718e","גולדנמאפיית לחם פיי","1 ת האפרסקנפי, מרכז","ירושלים","Mehadrin","h_42b135607c3a54","m_import_default","לא צוין","2026-12-31T00:00:00.000Z","ok","rb_542290b9bb4133","מקור: רשימת מסעדות-7.pdf | סיווג: לחמים | מיקום משוער לפי עיר; ניתן לתקן במפה.","2026-04-17T00:00:00.000Z","31.758663","35.226467","pareve","",""
"r_263081ae1960d8","MEAT CHOICE","88 אגריפס, מרכז","ירושלים","Mehadrin","h_42b135607c3a54","m_import_default","לא צוין","2026-12-31T00:00:00.000Z","ok","rb_542290b9bb4133","מקור: רשימת מסעדות-7.pdf | סיווג: איטליז | מיקום משוער לפי עיר; ניתן לתקן במפה.","2026-04-17T00:00:00.000Z","31.756903","35.196577","pareve","02-6770779",""
"r_c0a71814e93d93","טוקיו","111 אגריפס, מרכז","ירושלים","Mehadrin","h_42b135607c3a54","m_import_default","לא צוין","2026-12-31T00:00:00.000Z","ok","rb_542290b9bb4133","מקור: רשימת מסעדות-7.pdf | סיווג: סושי | מיקום משוער לפי עיר; ניתן לתקן במפה.","2026-04-17T00:00:00.000Z","31.753317","35.206744","pareve","076-5403667",""
"r_c942c0a17aaa2a","איטליז מטעם חפץ חיים","8 אגריפס, מרכז","ירושלים","Mehadrin","h_42b135607c3a54","m_import_default","לא צוין","2026-12-31T00:00:00.000Z","ok","rb_542290b9bb4133","מקור: רשימת מסעדות-7.pdf | סיווג: איטליז | מיקום משוער לפי עיר; ניתן לתקן במפה.","2026-04-17T00:00:00.000Z","31.776108","35.205376","pareve","02-6232839",""
"r_1348089fc4807b","יית מרציפןנמגד","44 אגריפס, מרכז","ירושלים","Mehadrin","h_42b135607c3a54","m_import_default","לא צוין","2026-12-31T00:00:00.000Z","ok","rb_542290b9bb4133","מקור: רשימת מסעדות-7.pdf | סיווג: חלבי/מאפייה פרוה | מיקום משוער לפי עיר; ניתן לתקן במפה.","2026-04-17T00:00:00.000Z","31.77155","35.204022","dairy","",""
"r_4413ff36d9e88c","יית מרציפןנמגד","81 אגריפס, מרכז","ירושלים","Mehadrin","h_42b135607c3a54","m_import_default","לא צוין","2026-12-31T00:00:00.000Z","ok","rb_542290b9bb4133","מקור: רשימת מסעדות-7.pdf | סיווג: חלבי/מאפייה פרוה | מיקום משוער לפי עיר; ניתן לתקן במפה.","2026-04-17T00:00:00.000Z","31.782288","35.203312","dairy","",""
"r_d5a9564d0d72ff","יהנה ועגבנגבי","52 'ורג'המלך ג, מרכז","ירושלים","Mehadrin","h_42b135607c3a54","m_import_default","לא צוין","2026-12-31T00:00:00.000Z","ok","rb_542290b9bb4133","מקור: רשימת מסעדות-7.pdf | סיווג: חלבי | מיקום משוער לפי עיר; ניתן לתקן במפה.","2026-04-17T00:00:00.000Z","31.757214","35.223045","dairy","02-5666060",""
"r_245c6583ad6d9b","פיצה האט","טהנדקל מ.ת 1 יאורנזלמן ש, יותנ","ירושלים","Mehadrin","h_42b135607c3a54","m_import_default","לא צוין","2026-12-31T00:00:00.000Z","ok","rb_542290b9bb4133","מקור: רשימת מסעדות-7.pdf | סיווג: פיצה | מיקום משוער לפי עיר; ניתן לתקן במפה.","2026-04-17T00:00:00.000Z","31.778335","35.215797","dairy","1700506070",""
"r_a15d7a85e1b74e","פיצה רויאל","מרכז מסחרי, ווה יעקבנ","ירושלים","Mehadrin","h_42b135607c3a54","m_import_default","לא צוין","2026-12-31T00:00:00.000Z","ok","rb_542290b9bb4133","מקור: רשימת מסעדות-7.pdf | סיווג: חלבי | מיקום משוער לפי עיר; ניתן לתקן במפה.","2026-04-17T00:00:00.000Z","31.781621","35.197983","dairy","02-5833992",""
"r_d788d7b6a712d8","מפגש האש שלי","מרכז מסחרי, ווה יעקבנ","ירושלים","Mehadrin","h_42b135607c3a54","m_import_default","לא צוין","2026-12-31T00:00:00.000Z","ok","rb_542290b9bb4133","מקור: רשימת מסעדות-7.pdf | סיווג: בשרי | מיקום משוער לפי עיר; ניתן לתקן במפה.","2026-04-17T00:00:00.000Z","31.781217","35.228501","meat","",""
"r_11e86340d94290","גולדנמאפיית לחם פיי","42 ח""הפלמ, עמק רפאים","ירושלים","Mehadrin","h_42b135607c3a54","m_import_default","לא צוין","2026-12-31T00:00:00.000Z","ok","rb_542290b9bb4133","מקור: רשימת מסעדות-7.pdf | סיווג: פרווה/בית קפה חלבי | מיקום משוער לפי עיר; ניתן לתקן במפה.","2026-04-17T00:00:00.000Z","31.784719","35.218013","dairy","",""
"r_3025627c94aa32","גולדנמאפיית לחם פיי","20 הרכבת, קטמון","ירושלים","Mehadrin","h_42b135607c3a54","m_import_default","לא צוין","2026-12-31T00:00:00.000Z","ok","rb_542290b9bb4133","מקור: רשימת מסעדות-7.pdf | סיווג: פרווה/בית קפה חלבי | מיקום משוער לפי עיר; ניתן לתקן במפה.","2026-04-17T00:00:00.000Z","31.775233","35.205252","dairy","",""
"r_a4153b74455a39","מיט סטיישן","2 תפארת ישראל, רובע יהודי","ירושלים","Mehadrin","h_42b135607c3a54","m_import_default","לא צוין","2026-12-31T00:00:00.000Z","ok","rb_542290b9bb4133","מקור: רשימת מסעדות-7.pdf | סיווג: בשרי | מיקום משוער לפי עיר; ניתן לתקן במפה.","2026-04-17T00:00:00.000Z","31.75952","35.222227","meat","02-6263092",""
"r_e3b481f5e652f7","פאפס","2 תפארת ישראל, רובע יהודי","ירושלים","Mehadrin","h_42b135607c3a54","m_import_default","לא צוין","2026-12-31T00:00:00.000Z","ok","rb_542290b9bb4133","מקור: רשימת מסעדות-7.pdf | סיווג: בשרי | מיקום משוער לפי עיר; ניתן לתקן במפה.","2026-04-17T00:00:00.000Z","31.781508","35.209557","meat","02-6263092",""
"r_79b4d32c0a8d19","זיסלק","18 תפארת ישראל, רובע יהודי","ירושלים","Mehadrin","h_42b135607c3a54","m_import_default","לא צוין","2026-12-31T00:00:00.000Z","ok","rb_542290b9bb4133","מקור: רשימת מסעדות-7.pdf | סיווג: פרווה/חלבי | מיקום משוער לפי עיר; ניתן לתקן במפה.","2026-04-17T00:00:00.000Z","31.766735","35.219242","dairy","02-5852184",""
"r_78604879b7ee73","סלט אקספרס","40 משגב לדך, רובע יהודי","ירושלים","Mehadrin","h_42b135607c3a54","m_import_default","לא צוין","2026-12-31T00:00:00.000Z","ok","rb_542290b9bb4133","מקור: רשימת מסעדות-7.pdf | סיווג: חלבי /דויצים פרווהנס | מיקום משוער לפי עיר; ניתן לתקן במפה.","2026-04-17T00:00:00.000Z","31.751221","35.226733","dairy","050-6363560",""
"r_fc06dfe4ad894a","י השבתנמעד","62 ד""חב, רובע יהודי","ירושלים","Mehadrin","h_42b135607c3a54","m_import_default","לא צוין","2026-12-31T00:00:00.000Z","ok","rb_542290b9bb4133","מקור: רשימת מסעדות-7.pdf | סיווג: אוכל מוכן לשבת | מיקום משוער לפי עיר; ניתן לתקן במפה.","2026-04-17T00:00:00.000Z","31.7789","35.209719","takeaway","054-8921433",""
"r_e6562f09dd119a","קצפת","123 היהודים, רובע יהודי","ירושלים","Mehadrin","h_42b135607c3a54","m_import_default","לא צוין","2026-12-31T00:00:00.000Z","ok","rb_542290b9bb4133","מקור: רשימת מסעדות-7.pdf | סיווג: גלידריה | מיקום משוער לפי עיר; ניתן לתקן במפה.","2026-04-17T00:00:00.000Z","31.778461","35.204384","dairy","",""
"r_303c00e72b5e64","פיצה מוצרלה","1 בית אל, רובע יהודי","ירושלים","Mehadrin","h_42b135607c3a54","m_import_default","לא צוין","2026-12-31T00:00:00.000Z","ok","rb_542290b9bb4133","מקור: רשימת מסעדות-7.pdf | סיווג: פיצריה | מיקום משוער לפי עיר; ניתן לתקן במפה.","2026-04-17T00:00:00.000Z","31.75499","35.220174","pareve","",""
"r_45f78536c190c9","הולי בייגל","5 תפארת ישראל, רובע יהודי","ירושלים","Mehadrin","h_42b135607c3a54","m_import_default","לא צוין","2026-12-31T00:00:00.000Z","ok","rb_542290b9bb4133","מקור: רשימת מסעדות-7.pdf | סיווג: מסעדה חלבית | מיקום משוער לפי עיר; ניתן לתקן במפה.","2026-04-17T00:00:00.000Z","31.77634","35.225157","dairy","02-6280081",""
"r_c2dfca1a3f382d","ג סלמוןנקי","21 ירמיהו, רוממה","ירושלים","Mehadrin","h_42b135607c3a54","m_import_default","לא צוין","2026-12-31T00:00:00.000Z","ok","rb_542290b9bb4133","מקור: רשימת מסעדות-7.pdf | סיווג: דגים | מיקום משוער לפי עיר; ניתן לתקן במפה.","2026-04-17T00:00:00.000Z","31.752414","35.224932","pareve","02-6227711",""
"r_a828a097331f86","אצה סושי בר","13 ירמיהו, רוממה","ירושלים","Mehadrin","h_42b135607c3a54","m_import_default","לא צוין","2026-12-31T00:00:00.000Z","ok","rb_542290b9bb4133","מקור: רשימת מסעדות-7.pdf | סיווג: פרוה/מסעדה בשרי | מיקום משוער לפי עיר; ניתן לתקן במפה.","2026-04-17T00:00:00.000Z","31.776985","35.201463","meat","02-5026232",""
"r_b452f5e8f6c1b8","קצפת","15 שרי ישראל, רוממה","ירושלים","Mehadrin","h_42b135607c3a54","m_import_default","לא צוין","2026-12-31T00:00:00.000Z","ok","rb_542290b9bb4133","מקור: רשימת מסעדות-7.pdf | סיווג: גלדריה | מיקום משוער לפי עיר; ניתן לתקן במפה.","2026-04-17T00:00:00.000Z","31.771006","35.198184","pareve","",""
"r_c0ea84016ea71b","וופל בר","4 שמגר, רוממה","ירושלים","Mehadrin","h_42b135607c3a54","m_import_default","לא צוין","2026-12-31T00:00:00.000Z","ok","rb_542290b9bb4133","מקור: רשימת מסעדות-7.pdf | סיווג: מסעדה חלבי | מיקום משוער לפי עיר; ניתן לתקן במפה.","2026-04-17T00:00:00.000Z","31.785794","35.201791","dairy","",""
"r_a9208f306ec578","גולדנמאפיית לחם פיי","68 ירמיהו, רוממה","ירושלים","Mehadrin","h_42b135607c3a54","m_import_default","לא צוין","2026-12-31T00:00:00.000Z","ok","rb_542290b9bb4133","מקור: רשימת מסעדות-7.pdf | סיווג: לחמים | מיקום משוער לפי עיר; ניתן לתקן במפה.","2026-04-17T00:00:00.000Z","31.777747","35.221879","pareve","",""
"r_45f3eec58f0ef5","קצפת","19 קרן קיימת, רחביה","ירושלים","Mehadrin","h_42b135607c3a54","m_import_default","לא צוין","2026-12-31T00:00:00.000Z","ok","rb_542290b9bb4133","מקור: רשימת מסעדות-7.pdf | סיווג: גלדריה | מיקום משוער לפי עיר; ניתן לתקן במפה.","2026-04-17T00:00:00.000Z","31.774658","35.216961","pareve","",""
"r_bf859bb06cacd8","פיצה קפרזה","22 קרן קיימת, רחביה","ירושלים","Mehadrin","h_42b135607c3a54","m_import_default","לא צוין","2026-12-31T00:00:00.000Z","ok","rb_542290b9bb4133","מקור: רשימת מסעדות-7.pdf | סיווג: פיצה | מיקום משוער לפי עיר; ניתן לתקן במפה.","2026-04-17T00:00:00.000Z","31.775781","35.22312","dairy","",""
"r_b5cd1ffc3c7609","גרין גוט פוד","26 קרן קיימת, רחביה","ירושלים","Mehadrin","h_42b135607c3a54","m_import_default","לא צוין","2026-12-31T00:00:00.000Z","ok","rb_542290b9bb4133","מקור: רשימת מסעדות-7.pdf | סיווג: מסעדה חלבי | מיקום משוער לפי עיר; ניתן לתקן במפה.","2026-04-17T00:00:00.000Z","31.753681","35.203889","dairy","02-5635680",""
"r_0b35bc29cdc896","תןנ הקפה של","37 אוסישקין, רחביה","ירושלים","Mehadrin","h_42b135607c3a54","m_import_default","לא צוין","2026-12-31T00:00:00.000Z","ok","rb_542290b9bb4133","מקור: רשימת מסעדות-7.pdf | סיווג: טוסטים חלבי | מיקום משוער לפי עיר; ניתן לתקן במפה.","2026-04-17T00:00:00.000Z","31.7527","35.217955","dairy","",""
"r_dee50682816e71","פיצה סיטי","15 כיסופים, רמות","ירושלים","Mehadrin","h_42b135607c3a54","m_import_default","לא צוין","2026-12-31T00:00:00.000Z","ok","rb_542290b9bb4133","מקור: רשימת מסעדות-7.pdf | סיווג: פיצה | מיקום משוער לפי עיר; ניתן לתקן במפה.","2026-04-17T00:00:00.000Z","31.751352","35.210992","dairy","",""
"r_4dcd9192d135d3","פיצה האט","יון רמותנגולדה מאיר ק 'שד, רמות","ירושלים","Mehadrin","h_42b135607c3a54","m_import_default","לא צוין","2026-12-31T00:00:00.000Z","ok","rb_542290b9bb4133","מקור: רשימת מסעדות-7.pdf | סיווג: פיצה | מיקום משוער לפי עיר; ניתן לתקן במפה.","2026-04-17T00:00:00.000Z","31.782327","35.218314","dairy","1700506070",""
"r_2ae3aa3fc40ae8","אדמה","יון רמותנגולדה מאיר ק 'שד, רמות","ירושלים","Mehadrin","h_42b135607c3a54","m_import_default","לא צוין","2026-12-31T00:00:00.000Z","ok","rb_542290b9bb4133","מקור: רשימת מסעדות-7.pdf | סיווג: ציפס פרווה | מיקום משוער לפי עיר; ניתן לתקן במפה.","2026-04-17T00:00:00.000Z","31.768384","35.217753","pareve","",""
"r_049af40faed16e","וופל בר","יון רמותנגולדה מאיר ק 'שד, רמות","ירושלים","Mehadrin","h_42b135607c3a54","m_import_default","לא צוין","2026-12-31T00:00:00.000Z","ok","rb_542290b9bb4133","מקור: רשימת מסעדות-7.pdf | סיווג: מסעדה חלבי | מיקום משוער לפי עיר; ניתן לתקן במפה.","2026-04-17T00:00:00.000Z","31.784363","35.20186","dairy","02-5702525",""
"r_87deec4f538c68","וסי בר'ג","יון רמותנגולדה מאיר ק 'שד, רמות","ירושלים","Mehadrin","h_42b135607c3a54","m_import_default","לא צוין","2026-12-31T00:00:00.000Z","ok","rb_542290b9bb4133","מקור: רשימת מסעדות-7.pdf | סיווג: חלבי,דוכן | מיקום משוער לפי עיר; ניתן לתקן במפה.","2026-04-17T00:00:00.000Z","31.759283","35.220872","dairy","054-9404194",""
"r_e10b00fe8bf58f","הולי בייגל","יון רמותנגולדה מאיר ק 'שד, רמות","ירושלים","Mehadrin","h_42b135607c3a54","m_import_default","לא צוין","2026-12-31T00:00:00.000Z","ok","rb_542290b9bb4133","מקור: רשימת מסעדות-7.pdf | סיווג: מסעדה חלבית | מיקום משוער לפי עיר; ניתן לתקן במפה.","2026-04-17T00:00:00.000Z","31.761378","35.203337","dairy","02-5796034",""
"r_48cb90da07b96b","קצפת","יון רמותנגולדה מאיר ק 'שד, רמות","ירושלים","Mehadrin","h_42b135607c3a54","m_import_default","לא צוין","2026-12-31T00:00:00.000Z","ok","rb_542290b9bb4133","מקור: רשימת מסעדות-7.pdf | סיווג: גלדריה | מיקום משוער לפי עיר; ניתן לתקן במפה.","2026-04-17T00:00:00.000Z","31.778846","35.202853","pareve","",""
"r_e545595fc722a6","2 פיצה ירושלים","801 כיסופים, רמות","ירושלים","Mehadrin","h_42b135607c3a54","m_import_default","לא צוין","2026-12-31T00:00:00.000Z","ok","rb_542290b9bb4133","מקור: רשימת מסעדות-7.pdf | סיווג: פיצה | מיקום משוער לפי עיר; ניתן לתקן במפה.","2026-04-17T00:00:00.000Z","31.751612","35.197964","dairy","02-5863004",""
"r_377cf7f042d509","20 פסטה בר","יון רמותנגולדה מאיר ק 'שד, רמות","ירושלים","Mehadrin","h_42b135607c3a54","m_import_default","לא צוין","2026-12-31T00:00:00.000Z","ok","rb_542290b9bb4133","מקור: רשימת מסעדות-7.pdf | סיווג: מסעדה חלבית | מיקום משוער לפי עיר; ניתן לתקן במפה.","2026-04-17T00:00:00.000Z","31.784807","35.222801","dairy","02-5796034",""
"r_1aa0377f80038f","ביג אפל פיצה","5 פארן, רמת אשכול","ירושלים","Mehadrin","h_42b135607c3a54","m_import_default","לא צוין","2026-12-31T00:00:00.000Z","ok","rb_542290b9bb4133","מקור: רשימת מסעדות-7.pdf | סיווג: פיצה | מיקום משוער לפי עיר; ניתן לתקן במפה.","2026-04-17T00:00:00.000Z","31.77192","35.217616","dairy","02-5327798",""
"r_19c33750920a25","אין בורגר","7 פארן, רמת אשכול","ירושלים","Mehadrin","h_42b135607c3a54","m_import_default","לא צוין","2026-12-31T00:00:00.000Z","ok","rb_542290b9bb4133","מקור: רשימת מסעדות-7.pdf | סיווג: בשרי | מיקום משוער לפי עיר; ניתן לתקן במפה.","2026-04-17T00:00:00.000Z","31.777759","35.2053","meat","054-5670755",""
"r_456d1f90dfe070","וופל בר","7 פארן, רמת אשכול","ירושלים","Mehadrin","h_42b135607c3a54","m_import_default","לא צוין","2026-12-31T00:00:00.000Z","ok","rb_542290b9bb4133","מקור: רשימת מסעדות-7.pdf | סיווג: חלבי | מיקום משוער לפי עיר; ניתן לתקן במפה.","2026-04-17T00:00:00.000Z","31.757646","35.222139","dairy","02-5815434",""
"r_956ccd8bb5eea1","ית גרליץנמגד","5 מעבר המתלה, רמת אשכול","ירושלים","Mehadrin","h_42b135607c3a54","m_import_default","לא צוין","2026-12-31T00:00:00.000Z","ok","rb_542290b9bb4133","מקור: רשימת מסעדות-7.pdf | סיווג: חלבי/מאפייה פרוה | מיקום משוער לפי עיר; ניתן לתקן במפה.","2026-04-17T00:00:00.000Z","31.761441","35.208931","dairy","02-5815257",""
"r_0e1a0c1831ba88","סאם בייגל","15 פארן, רמת אשכול","ירושלים","Mehadrin","h_42b135607c3a54","m_import_default","לא צוין","2026-12-31T00:00:00.000Z","ok","rb_542290b9bb4133","מקור: רשימת מסעדות-7.pdf | סיווג: חלבי | מיקום משוער לפי עיר; ניתן לתקן במפה.","2026-04-17T00:00:00.000Z","31.759016","35.207574","dairy","02-5813388",""
"r_e04b04e72099cd","גולדנמאפיית לחם פיי","7 פארן, רמת אשכול","ירושלים","Mehadrin","h_42b135607c3a54","m_import_default","לא צוין","2026-12-31T00:00:00.000Z","ok","rb_542290b9bb4133","מקור: רשימת מסעדות-7.pdf | סיווג: לחמים | מיקום משוער לפי עיר; ניתן לתקן במפה.","2026-04-17T00:00:00.000Z","31.773855","35.202232","pareve","",""
"r_5780e9f2916f6e","ינפיצה רימי","9 פארן, רמת אשכול","ירושלים","Mehadrin","h_42b135607c3a54","m_import_default","לא צוין","2026-12-31T00:00:00.000Z","ok","rb_542290b9bb4133","מקור: רשימת מסעדות-7.pdf | סיווג: חלבי | מיקום משוער לפי עיר; ניתן לתקן במפה.","2026-04-17T00:00:00.000Z","31.773571","35.201728","dairy","02-5815405",""
"r_3a36949bbe83b5","קצפת","9 פארן, רמת אשכול","ירושלים","Mehadrin","h_42b135607c3a54","m_import_default","לא צוין","2026-12-31T00:00:00.000Z","ok","rb_542290b9bb4133","מקור: רשימת מסעדות-7.pdf | סיווג: גלידריה | מיקום משוער לפי עיר; ניתן לתקן במפה.","2026-04-17T00:00:00.000Z","31.762378","35.21173","dairy","",""
"r_4d7cf1be64b88c","ROOST רוסט","7 פארן, רמת אשכול","ירושלים","Mehadrin","h_42b135607c3a54","m_import_default","לא צוין","2026-12-31T00:00:00.000Z","ok","rb_542290b9bb4133","מקור: רשימת מסעדות-7.pdf | סיווג: בשרי | מיקום משוער לפי עיר; ניתן לתקן במפה.","2026-04-17T00:00:00.000Z","31.785257","35.217375","meat","058-746-2589",""
"r_ae4c8b612da6a8","ר טוסט""ד","100 ביאנשמואל ה, ביאנשמואל ה","ירושלים","Mehadrin","h_42b135607c3a54","m_import_default","לא צוין","2026-12-31T00:00:00.000Z","ok","rb_542290b9bb4133","מקור: רשימת מסעדות-7.pdf | סיווג: חלבי | מיקום משוער לפי עיר; ניתן לתקן במפה.","2026-04-17T00:00:00.000Z","31.762994","35.225744","dairy","02-5820058",""
"r_30d9d8eda07293","מוןנג קינקייטרי","46 ביאנשמואל ה, ביאנשמואל ה","ירושלים","Mehadrin","h_42b135607c3a54","m_import_default","לא צוין","2026-12-31T00:00:00.000Z","ok","rb_542290b9bb4133","מקור: רשימת מסעדות-7.pdf | סיווג: ג בשרי וחלבינקייטרי | מיקום משוער לפי עיר; ניתן לתקן במפה.","2026-04-17T00:00:00.000Z","31.764906","35.220906","meat","02-6561565",""
"r_fce0d31b52d2e5","ר דגיםנאב","101 דרך חברון, תלפיות","ירושלים","Mehadrin","h_42b135607c3a54","m_import_default","לא צוין","2026-12-31T00:00:00.000Z","ok","rb_542290b9bb4133","מקור: רשימת מסעדות-7.pdf | סיווג: ות דגיםנח | מיקום משוער לפי עיר; ניתן לתקן במפה.","2026-04-17T00:00:00.000Z","31.762077","35.198505","pareve","",""
"r_fe121873ff7ee8","בר סטייק האוסנד","101 דרך חברון, תלפיות","ירושלים","Mehadrin","h_42b135607c3a54","m_import_default","לא צוין","2026-12-31T00:00:00.000Z","ok","rb_542290b9bb4133","מקור: רשימת מסעדות-7.pdf | סיווג: מסעדה בשרית | מיקום משוער לפי עיר; ניתן לתקן במפה.","2026-04-17T00:00:00.000Z","31.77895","35.230289","meat","02-5664466",""
"r_a3e2efa4ddce20","גולדנמאפיית פיי","29 האומן, תלפיות","ירושלים","Mehadrin","h_42b135607c3a54","m_import_default","לא צוין","2026-12-31T00:00:00.000Z","ok","rb_542290b9bb4133","מקור: רשימת מסעדות-7.pdf | סיווג: מאפייה פרוה | מיקום משוער לפי עיר; ניתן לתקן במפה.","2026-04-17T00:00:00.000Z","31.781136","35.217856","dairy","",""
"r_3a50028d3db778","פיצה האט","1 משה אדרת","לוד","Mehadrin","h_42b135607c3a54","m_import_default","לא צוין","2026-12-31T00:00:00.000Z","ok","rb_542290b9bb4133","מקור: רשימת מסעדות-7.pdf | סיווג: פיצה | מיקום משוער לפי עיר; ניתן לתקן במפה.","2026-04-17T00:00:00.000Z","31.962958","34.888878","dairy","1700506070",""
"r_18fc8e346e4bca","אצל שמעון","צומת מושב מירון","מירון","Mehadrin","h_42b135607c3a54","m_import_default","לא צוין","2026-12-31T00:00:00.000Z","ok","rb_542290b9bb4133","מקור: רשימת מסעדות-7.pdf | סיווג: מסעדה בשרית | מיקום משוער לפי עיר; ניתן לתקן במפה.","2026-04-17T00:00:00.000Z","32.98926","35.437091","meat","052-3283532",""
"r_0d637242ee2d5b","בית מאפה עידית","3 פריאל","מישור אדומים","Mehadrin","h_42b135607c3a54","m_import_default","לא צוין","2026-12-31T00:00:00.000Z","ok","rb_542290b9bb4133","מקור: רשימת מסעדות-7.pdf | סיווג: חלבי/מאפייה פרוה | מיקום משוער לפי עיר; ניתן לתקן במפה.","2026-04-17T00:00:00.000Z","31.781545","35.329291","dairy","02-6563953",""
"r_5294b602242f4a","קצפת","6 דקלה","מישור אדומים","Mehadrin","h_42b135607c3a54","m_import_default","לא צוין","2026-12-31T00:00:00.000Z","ok","rb_542290b9bb4133","מקור: רשימת מסעדות-7.pdf | סיווג: גלידריה | מיקום משוער לפי עיר; ניתן לתקן במפה.","2026-04-17T00:00:00.000Z","31.769422","35.323365","dairy","",""
"r_cad41fa329bcbf","ציזנפיצה מא","6 דקלה","מישור אדומים","Mehadrin","h_42b135607c3a54","m_import_default","לא צוין","2026-12-31T00:00:00.000Z","ok","rb_542290b9bb4133","מקור: רשימת מסעדות-7.pdf | סיווג: פיצה | מיקום משוער לפי עיר; ניתן לתקן במפה.","2026-04-17T00:00:00.000Z","31.774615","35.342544","dairy","",""
"r_8e7182af117518","פיצה סופר","134 ירושלים 'שד","נתיבות","Mehadrin","h_42b135607c3a54","m_import_default","לא צוין","2026-12-31T00:00:00.000Z","ok","rb_542290b9bb4133","מקור: רשימת מסעדות-7.pdf | סיווג: פיצה | מיקום משוער לפי עיר; ניתן לתקן במפה.","2026-04-17T00:00:00.000Z","31.415803","34.583351","dairy","08-9932860",""
"r_4f38500e5b53e1","פיצה האט","164 משה דיין 'שד","פסגת זאב","Mehadrin","h_42b135607c3a54","m_import_default","לא צוין","2026-12-31T00:00:00.000Z","ok","rb_542290b9bb4133","מקור: רשימת מסעדות-7.pdf | סיווג: פיצה | מיקום משוער לפי עיר; ניתן לתקן במפה.","2026-04-17T00:00:00.000Z","31.836242","35.231568","dairy","1700506070",""
"r_7c19dd0d1d677b","קצפת","יון לב הפסגהנמשה דיין ק 'שד","פסגת זאב","Mehadrin","h_42b135607c3a54","m_import_default","לא צוין","2026-12-31T00:00:00.000Z","ok","rb_542290b9bb4133","מקור: רשימת מסעדות-7.pdf | סיווג: גלדריה | מיקום משוער לפי עיר; ניתן לתקן במפה.","2026-04-17T00:00:00.000Z","31.8226","35.237959","pareve","",""
"r_081a793dc8fbc4","זיסלק","11 ישעיהו המשורר","פתח תקוה","Mehadrin","h_42b135607c3a54","m_import_default","לא צוין","2026-12-31T00:00:00.000Z","ok","rb_542290b9bb4133","מקור: רשימת מסעדות-7.pdf | סיווג: פיצות,טוסטים,גלידריה | מיקום משוער לפי עיר; ניתן לתקן במפה.","2026-04-17T00:00:00.000Z","32.069272","34.905099","dairy","055-6688755",""
"r_0dd284fb33f3ac","פיצה האט","96 יםנעין ג","פתח תקוה","Mehadrin","h_42b135607c3a54","m_import_default","לא צוין","2026-12-31T00:00:00.000Z","ok","rb_542290b9bb4133","מקור: רשימת מסעדות-7.pdf | סיווג: פיצה | מיקום משוער לפי עיר; ניתן לתקן במפה.","2026-04-17T00:00:00.000Z","32.087366","34.874313","dairy","1700506070",""
"r_b458f08c5c97c2","חתוםנמאפיית פת ה","1 המלך כורש","פתח תקוה","Mehadrin","h_42b135607c3a54","m_import_default","לא צוין","2026-12-31T00:00:00.000Z","ok","rb_542290b9bb4133","מקור: רשימת מסעדות-7.pdf | סיווג: מאפייה פרווה וחלבי | מיקום משוער לפי עיר; ניתן לתקן במפה.","2026-04-17T00:00:00.000Z","32.077952","34.883619","dairy","050-4000521",""
"r_e51f4403c336a0","י""פיצה רשב","11 וייצמן","צפת","Mehadrin","h_42b135607c3a54","m_import_default","לא צוין","2026-12-31T00:00:00.000Z","ok","rb_542290b9bb4133","מקור: רשימת מסעדות-7.pdf | סיווג: פיצה | מיקום משוער לפי עיר; ניתן לתקן במפה.","2026-04-17T00:00:00.000Z","32.975651","35.500931","dairy","04-6921005",""
"r_b15dbede23fb7b","יצל פלוסנש","20 הרצל","צפת","Mehadrin","h_42b135607c3a54","m_import_default","לא צוין","2026-12-31T00:00:00.000Z","ok","rb_542290b9bb4133","מקור: רשימת מסעדות-7.pdf | סיווג: יצלנש+ פלאפל | מיקום משוער לפי עיר; ניתן לתקן במפה.","2026-04-17T00:00:00.000Z","32.977201","35.479154","pareve","04-8723322",""
"r_01333322e5217f","שווארמה חזאקי","2 דרך ירושלים","רחובות","Mehadrin","h_42b135607c3a54","m_import_default","לא צוין","2026-12-31T00:00:00.000Z","ok","rb_542290b9bb4133","מקור: רשימת מסעדות-7.pdf | סיווג: שווארמה | מיקום משוער לפי עיר; ניתן לתקן במפה.","2026-04-17T00:00:00.000Z","31.879603","34.799979","meat","08-9364222",""
"r_4057f444e8003c","פיצה הכפריה","9 ר יוסףנוי","רחובות","Mehadrin","h_42b135607c3a54","m_import_default","לא צוין","2026-12-31T00:00:00.000Z","ok","rb_542290b9bb4133","מקור: רשימת מסעדות-7.pdf | סיווג: פיצה | מיקום משוער לפי עיר; ניתן לתקן במפה.","2026-04-17T00:00:00.000Z","31.887793","34.803489","dairy","08-9477887",""
"r_f4268ad21a02c1","פלאפל הלב הרחב","9 ר יוסףנוי","רחובות","Mehadrin","h_42b135607c3a54","m_import_default","לא צוין","2026-12-31T00:00:00.000Z","ok","rb_542290b9bb4133","מקור: רשימת מסעדות-7.pdf | סיווג: פלאפל פרווה | מיקום משוער לפי עיר; ניתן לתקן במפה.","2026-04-17T00:00:00.000Z","31.885162","34.799472","pareve","08-9477887",""
"r_47435a3d807bc4","ה'בילקעל","3 ש""חי","רחובות","Mehadrin","h_42b135607c3a54","m_import_default","לא צוין","2026-12-31T00:00:00.000Z","ok","rb_542290b9bb4133","מקור: רשימת מסעדות-7.pdf | סיווג: חלבי/מאפייה פרוה | מיקום משוער לפי עיר; ניתן לתקן במפה.","2026-04-17T00:00:00.000Z","31.878737","34.805684","dairy","072-2382121",""
"r_ff96fad7aedc93","מאפיית דהרי זכריה","48 אפרים זקש","רחובות","Mehadrin","h_42b135607c3a54","m_import_default","לא צוין","2026-12-31T00:00:00.000Z","ok","rb_542290b9bb4133","מקור: רשימת מסעדות-7.pdf | סיווג: מאפיית פיתות | מיקום משוער לפי עיר; ניתן לתקן במפה.","2026-04-17T00:00:00.000Z","31.899227","34.826848","pareve","08-9419685",""
"r_a80e2e1313827c","גנס קייטרי'הערשי","3 ש""חי","רחובות","Mehadrin","h_42b135607c3a54","m_import_default","לא צוין","2026-12-31T00:00:00.000Z","ok","rb_542290b9bb4133","מקור: רשימת מסעדות-7.pdf | סיווג: ג בשרינקייטרי | מיקום משוער לפי עיר; ניתן לתקן במפה.","2026-04-17T00:00:00.000Z","31.88236","34.795848","meat","050-4129416",""
"r_28133ef41a53e4","פיצה האט","23 משה לוי","רמלה","Mehadrin","h_42b135607c3a54","m_import_default","לא צוין","2026-12-31T00:00:00.000Z","ok","rb_542290b9bb4133","מקור: רשימת מסעדות-7.pdf | סיווג: פיצה | מיקום משוער לפי עיר; ניתן לתקן במפה.","2026-04-17T00:00:00.000Z","31.912733","34.851221","dairy","1700506070",""
"r_3f8336e66ae166","טייסטי מיט","45 חיבת ציון","רמת גן","Mehadrin","h_42b135607c3a54","m_import_default","לא צוין","2026-12-31T00:00:00.000Z","ok","rb_542290b9bb4133","מקור: רשימת מסעדות-7.pdf | סיווג: יק בשרינקנ טוסט | מיקום משוער לפי עיר; ניתן לתקן במפה.","2026-04-17T00:00:00.000Z","32.057134","34.834951","meat","03-8020700",""
"r_f30c90ffd18b5a","בייגלק","מרכז ירדן, צומת שילת","שילת","Mehadrin","h_42b135607c3a54","m_import_default","לא צוין","2026-12-31T00:00:00.000Z","ok","rb_542290b9bb4133","מקור: רשימת מסעדות-7.pdf | סיווג: מסעדה חלבית | מיקום משוער לפי עיר; ניתן לתקן במפה.","2026-04-17T00:00:00.000Z","31.917603","35.019849","dairy","055-5590124",""
"r_50bad6ab21b613","לה פריזיאן 26","ישראל זנגוויל 14","נתניה","Mehadrin","h_d6e6f7efe6c151","m_075e4ef90a93b7","לא צוין","2026-12-31T00:00:00.000Z","ok","rb_d7d851974986cf","מקור: רשימת עסקים בד''ץ 'בהידור הכשדרות' ו'מהדרין' נתניה - כסלו תשפו.pdf | ענף: קונדיטוריות | מיקום משוער לפי עיר; ניתן לתקן במפה.","2026-04-17T00:00:00.000Z","32.316823","34.860865","pareve","09-8844426",""
"r_2ef61f9601c902","מלך הפיתות מלכה","שוהם 10","נתניה","Mehadrin","h_d6e6f7efe6c151","m_075e4ef90a93b7","לא צוין","2026-12-31T00:00:00.000Z","ok","rb_d7d851974986cf","מקור: רשימת עסקים בד''ץ 'בהידור הכשדרות' ו'מהדרין' נתניה - כסלו תשפו.pdf | ענף: קונדיטוריות | מיקום משוער לפי עיר; ניתן לתקן במפה.","2026-04-17T00:00:00.000Z","32.307748","34.867234","pareve","09-8614512",""
"r_230d83a6d7832a","מקורות תימן מאפיית פיתות","אריה מוצקין 23","נתניה","Mehadrin","h_d6e6f7efe6c151","m_01a087c528e14f","לא צוין","2026-12-31T00:00:00.000Z","ok","rb_d7d851974986cf","מקור: רשימת עסקים בד''ץ 'בהידור הכשדרות' ו'מהדרין' נתניה - כסלו תשפו.pdf | ענף: קונדיטוריות | מיקום משוער לפי עיר; ניתן לתקן במפה.","2026-04-17T00:00:00.000Z","32.323995","34.848428","pareve","054-5633577",""
"r_281dfdf243fa73","מרקיז בגט מאפיית בגטים פתח","תקוה 42","נתניה","Mehadrin","h_d6e6f7efe6c151","m_c589bcbd86aaaa","לא צוין","2026-12-31T00:00:00.000Z","ok","rb_d7d851974986cf","מקור: רשימת עסקים בד''ץ 'בהידור הכשדרות' ו'מהדרין' נתניה - כסלו תשפו.pdf | ענף: קונדיטוריות | מיקום משוער לפי עיר; ניתן לתקן במפה.","2026-04-17T00:00:00.000Z","32.304656","34.841534","pareve","09-8820034",""
"r_cb4d0474779f0e","נתי פיתה מאפיית פיתות","דרך דגניה 14","נתניה","Mehadrin","h_d6e6f7efe6c151","m_cef6ac9eb6ed48","לא צוין","2026-12-31T00:00:00.000Z","ok","rb_d7d851974986cf","מקור: רשימת עסקים בד''ץ 'בהידור הכשדרות' ו'מהדרין' נתניה - כסלו תשפו.pdf | ענף: קונדיטוריות | מיקום משוער לפי עיר; ניתן לתקן במפה.","2026-04-17T00:00:00.000Z","32.315045","34.870206","pareve","052-8266227",""
"r_4fd56e630ecfeb","עוגיות מרוקאיות חנות המפעל","יד חרוצים 27","נתניה","Mehadrin","h_d6e6f7efe6c151","m_5d90b0c3a1499c","לא צוין","2026-12-31T00:00:00.000Z","ok","rb_d7d851974986cf","מקור: רשימת עסקים בד''ץ 'בהידור הכשדרות' ו'מהדרין' נתניה - כסלו תשפו.pdf | ענף: קונדיטוריות | מיקום משוער לפי עיר; ניתן לתקן במפה.","2026-04-17T00:00:00.000Z","32.309586","34.844697","pareve","09-8651615",""
"r_8526dffdb7ac18","קונדיטוריה סוזנס","הקדר 20","נתניה","Mehadrin","h_d6e6f7efe6c151","m_71d1d900bc9e16","לא צוין","2026-12-31T00:00:00.000Z","ok","rb_d7d851974986cf","מקור: רשימת עסקים בד''ץ 'בהידור הכשדרות' ו'מהדרין' נתניה - כסלו תשפו.pdf | ענף: קונדיטוריות | מיקום משוער לפי עיר; ניתן לתקן במפה.","2026-04-17T00:00:00.000Z","32.311201","34.855548","pareve","052-6949919",""
"r_119caa5b1a237e","שיבולת השרון","סמילנסקי 1","נתניה","Mehadrin","h_d6e6f7efe6c151","m_cda8a847a3ed1a","לא צוין","2026-12-31T00:00:00.000Z","ok","rb_d7d851974986cf","מקור: רשימת עסקים בד''ץ 'בהידור הכשדרות' ו'מהדרין' נתניה - כסלו תשפו.pdf | ענף: קונדיטוריות | מיקום משוער לפי עיר; ניתן לתקן במפה. | מקור: �מאגר_מסעדות_לאנש_חבד_ניסן_התשפה.pdf | שיבולת השרון – סמילנסקי 1, פרווה/חלבי, לנדא","2026-04-17T00:00:00.000Z","32.318083","34.838864","pareve","054-9794694",""
"r_724c2838df291a","אודליש","הרצל 5","נתניה","Mehadrin","h_d6e6f7efe6c151","m_8a29f33b7d8e2d","לא צוין","2026-12-31T00:00:00.000Z","ok","rb_d7d851974986cf","מקור: רשימת עסקים בד''ץ 'בהידור הכשדרות' ו'מהדרין' נתניה - כסלו תשפו.pdf | ענף: בשרי | מיקום משוער לפי עיר; ניתן לתקן במפה.","2026-04-17T00:00:00.000Z","32.329232","34.850319","meat","053-3842167",""
"r_3ce8159f75e3d9","איקאה מ סעדה / מזנון","גיבורי ישראל 1","נתניה","Mehadrin","h_d6e6f7efe6c151","m_2e0031d1b146c8","לא צוין","2026-12-31T00:00:00.000Z","ok","rb_d7d851974986cf","מקור: רשימת עסקים בד''ץ 'בהידור הכשדרות' ו'מהדרין' נתניה - כסלו תשפו.pdf | ענף: בשרי | מיקום משוער לפי עיר; ניתן לתקן במפה.","2026-04-17T00:00:00.000Z","32.318091","34.85391","meat","09-8928888",""
"r_2fb30ab66f3425","בורגרס בר / פיאנו עיר ימים","שושנה דמארי 10","נתניה","Mehadrin","h_d6e6f7efe6c151","m_0cd22659e36f61","לא צוין","2026-12-31T00:00:00.000Z","ok","rb_d7d851974986cf","מקור: רשימת עסקים בד''ץ 'בהידור הכשדרות' ו'מהדרין' נתניה - כסלו תשפו.pdf | ענף: בשרי | מיקום משוער לפי עיר; ניתן לתקן במפה.","2026-04-17T00:00:00.000Z","32.327848","34.864329","meat","*2242",""
"r_52069c1acc6823","גורמה מסעד ה","אלון צבי 6","נתניה","Mehadrin","h_d6e6f7efe6c151","m_cd7381ad9691c7","לא צוין","2026-12-31T00:00:00.000Z","ok","rb_d7d851974986cf","מקור: רשימת עסקים בד''ץ 'בהידור הכשדרות' ו'מהדרין' נתניה - כסלו תשפו.pdf | ענף: בשרי | מיקום משוער לפי עיר; ניתן לתקן במפה.","2026-04-17T00:00:00.000Z","32.332101","34.836169","takeaway","09-8337720",""
"r_9f002161553993","מסעדת מזרחי","דוד פנקס 14","נתניה","Mehadrin","h_d6e6f7efe6c151","m_e946a4bd3980f1","לא צוין","2026-12-31T00:00:00.000Z","ok","rb_d7d851974986cf","מקור: רשימת עסקים בד''ץ 'בהידור הכשדרות' ו'מהדרין' נתניה - כסלו תשפו.pdf | ענף: בשרי | מיקום משוער לפי עיר; ניתן לתקן במפה.","2026-04-17T00:00:00.000Z","32.32752","34.867305","takeaway","050-5525005",""
"r_d1bdbaabb4bf42","מפגש הארזים שווארמה / גריל","פתח תקוה 82","נתניה","Mehadrin","h_d6e6f7efe6c151","m_b0997a267384d1","לא צוין","2026-12-31T00:00:00.000Z","ok","rb_d7d851974986cf","מקור: רשימת עסקים בד''ץ 'בהידור הכשדרות' ו'מהדרין' נתניה - כסלו תשפו.pdf | ענף: בשרי | מיקום משוער לפי עיר; ניתן לתקן במפה.","2026-04-17T00:00:00.000Z","32.337006","34.839929","meat","09-8872078",""
"r_7ac1670dff96c0","סנדוויץ' בר","לילנבלום 9","נתניה","Mehadrin","h_d6e6f7efe6c151","m_dd732c42d654c4","לא צוין","2026-12-31T00:00:00.000Z","ok","rb_d7d851974986cf","מקור: רשימת עסקים בד''ץ 'בהידור הכשדרות' ו'מהדרין' נתניה - כסלו תשפו.pdf | ענף: בשרי | מיקום משוער לפי עיר; ניתן לתקן במפה.","2026-04-17T00:00:00.000Z","32.315649","34.866053","meat","053-5366001",""
"r_8bd336e2d2dcf5","פיצוץ של טעמים","פתח תקוה 76","נתניה","Mehadrin","h_d6e6f7efe6c151","m_9e029671efb580","לא צוין","2026-12-31T00:00:00.000Z","ok","rb_d7d851974986cf","מקור: רשימת עסקים בד''ץ 'בהידור הכשדרות' ו'מהדרין' נתניה - כסלו תשפו.pdf | ענף: בשרי | מיקום משוער לפי עיר; ניתן לתקן במפה.","2026-04-17T00:00:00.000Z","32.317527","34.865813","meat","050-5276609",""
"r_56278df5fd93a1","איקאה מסעדה","גיבורי ישראל 1","נתניה","Mehadrin","h_d6e6f7efe6c151","m_2e0031d1b146c8","לא צוין","2026-12-31T00:00:00.000Z","ok","rb_d7d851974986cf","מקור: רשימת עסקים בד''ץ 'בהידור הכשדרות' ו'מהדרין' נתניה - כסלו תשפו.pdf | ענף: איקאה - מסעדה חלבית גיבורי ישראל 1 09-8928888 053-3122608 | מיקום משוער לפי עיר; ניתן לתקן במפה.","2026-04-17T00:00:00.000Z","32.310163","34.840675","dairy","09-8928888",""
"r_8e70aaa948970f","שוקולד דלוקס","הרצל 5","נתניה","Mehadrin","h_d6e6f7efe6c151","m_8a29f33b7d8e2d","לא צוין","2026-12-31T00:00:00.000Z","ok","rb_d7d851974986cf","מקור: רשימת עסקים בד''ץ 'בהידור הכשדרות' ו'מהדרין' נתניה - כסלו תשפו.pdf | ענף: איקאה - מסעדה חלבית גיבורי ישראל 1 09-8928888 053-3122608 | מיקום משוער לפי עיר; ניתן לתקן במפה.","2026-04-17T00:00:00.000Z","32.327936","34.838058","dairy","054-9047070",""
"r_9c5ff676d68122","לה פיצריה","פתח תקוה 42","נתניה","Mehadrin","h_d6e6f7efe6c151","m_5d97dd3268844f","לא צוין","2026-12-31T00:00:00.000Z","ok","rb_d7d851974986cf","מקור: רשימת עסקים בד''ץ 'בהידור הכשדרות' ו'מהדרין' נתניה - כסלו תשפו.pdf | ענף: פיצריות | מיקום משוער לפי עיר; ניתן לתקן במפה.","2026-04-17T00:00:00.000Z","32.321888","34.870201","pareve","09-7991515",""
"r_49cdb25845f957","נתניה מזרח","הברבור 1","נתניה","Mehadrin","h_d6e6f7efe6c151","m_f7d9a9e6952fc1","לא צוין","2026-12-31T00:00:00.000Z","ok","rb_d7d851974986cf","מקור: רשימת עסקים בד''ץ 'בהידור הכשדרות' ו'מהדרין' נתניה - כסלו תשפו.pdf | ענף: פיצריות | מיקום משוער לפי עיר; ניתן לתקן במפה.","2026-04-17T00:00:00.000Z","32.334499","34.838161","dairy","09-8800885",""
"r_f8467c9d095bf6","נתניה מרכז","פתח תקוה 82","נתניה","Mehadrin","h_d6e6f7efe6c151","m_5b6fdb2927ebaf","לא צוין","2026-12-31T00:00:00.000Z","ok","rb_d7d851974986cf","מקור: רשימת עסקים בד''ץ 'בהידור הכשדרות' ו'מהדרין' נתניה - כסלו תשפו.pdf | ענף: פיצריות | מיקום משוער לפי עיר; ניתן לתקן במפה.","2026-04-17T00:00:00.000Z","32.324575","34.84451","dairy","09-8612180",""
"r_1e4ae93cfd46dd","ליל י","נבלום 11","נתניה","Mehadrin","h_d6e6f7efe6c151","m_11c2879f363d29","לא צוין","2026-12-31T00:00:00.000Z","ok","rb_d7d851974986cf","מקור: רשימת עסקים בד''ץ 'בהידור הכשדרות' ו'מהדרין' נתניה - כסלו תשפו.pdf | ענף: פיצריות | מיקום משוער לפי עיר; ניתן לתקן במפה.","2026-04-17T00:00:00.000Z","32.336439","34.861941","dairy","077-7010101",""
"r_ea8a0ee8c66a24","קרייזי טוסט / הרצל","הרצל 41","נתניה","Mehadrin","h_d6e6f7efe6c151","m_cd7381ad9691c7","לא צוין","2026-12-31T00:00:00.000Z","ok","rb_d7d851974986cf","מקור: רשימת עסקים בד''ץ 'בהידור הכשדרות' ו'מהדרין' נתניה - כסלו תשפו.pdf | ענף: פיצריות | מיקום משוער לפי עיר; ניתן לתקן במפה.","2026-04-17T00:00:00.000Z","32.330459","34.850819","pareve","09-8829911",""
"r_101f4595983566","/ דגניה","דרך דגניה 14","נתניה","Mehadrin","h_d6e6f7efe6c151","m_cef6ac9eb6ed48","לא צוין","2026-12-31T00:00:00.000Z","ok","rb_d7d851974986cf","מקור: רשימת עסקים בד''ץ 'בהידור הכשדרות' ו'מהדרין' נתניה - כסלו תשפו.pdf | ענף: הפלאפליה / דגניה דרך דגניה 14 052-8266227 054-5280323 | מיקום משוער לפי עיר; ניתן לתקן במפה.","2026-04-17T00:00:00.000Z","32.338423","34.854679","pareve","052-8266227",""
"r_2c60faa7e4e225","הסחוג הביתי של רומיה","אורט 10","נתניה","Mehadrin","h_d6e6f7efe6c151","m_cef6ac9eb6ed48","לא צוין","2026-12-31T00:00:00.000Z","ok","rb_d7d851974986cf","מקור: רשימת עסקים בד''ץ 'בהידור הכשדרות' ו'מהדרין' נתניה - כסלו תשפו.pdf | ענף: מפעלים | מיקום משוער לפי עיר; ניתן לתקן במפה.","2026-04-17T00:00:00.000Z","32.330046","34.847565","pareve","09-8349994",""
"r_5201f9f75995e9","ונציה","יוסף ספיר 4","נתניה","Mehadrin","h_d6e6f7efe6c151","m_ba55da318c4230","לא צוין","2026-12-31T00:00:00.000Z","ok","rb_d7d851974986cf","מקור: רשימת עסקים בד''ץ 'בהידור הכשדרות' ו'מהדרין' נתניה - כסלו תשפו.pdf | ענף: מפעלים | מיקום משוער לפי עיר; ניתן לתקן במפה.","2026-04-17T00:00:00.000Z","32.336332","34.854597","pareve","054-6208333",""
"r_7bdc54e16f6c29","טחנת קמח שטיבל","צבי שכטרמן 2","נתניה","Mehadrin","h_d6e6f7efe6c151","m_2c8e37c667e7ef","לא צוין","2026-12-31T00:00:00.000Z","ok","rb_d7d851974986cf","מקור: רשימת עסקים בד''ץ 'בהידור הכשדרות' ו'מהדרין' נתניה - כסלו תשפו.pdf | ענף: מפעלים | מיקום משוער לפי עיר; ניתן לתקן במפה.","2026-04-17T00:00:00.000Z","32.330899","34.845614","pareve","09-8824801",""
"r_d8451c10fad235","טמפו","גיבורי ישראל 2","נתניה","Mehadrin","h_d6e6f7efe6c151","m_430f02f608c37e","לא צוין","2026-12-31T00:00:00.000Z","ok","rb_d7d851974986cf","מקור: רשימת עסקים בד''ץ 'בהידור הכשדרות' ו'מהדרין' נתניה - כסלו תשפו.pdf | ענף: מפעלים | מיקום משוער לפי עיר; ניתן לתקן במפה.","2026-04-17T00:00:00.000Z","32.330411","34.861955","pareve","1-800-300370",""
"r_e3e5fdb3ce2507","מאפיית אדל פיתות / לאפות","אורט 1","נתניה","Mehadrin","h_d6e6f7efe6c151","m_618e1b22a732da","לא צוין","2026-12-31T00:00:00.000Z","ok","rb_d7d851974986cf","מקור: רשימת עסקים בד''ץ 'בהידור הכשדרות' ו'מהדרין' נתניה - כסלו תשפו.pdf | ענף: מפעלים | מיקום משוער לפי עיר; ניתן לתקן במפה.","2026-04-17T00:00:00.000Z","32.331733","34.854257","pareve","050-6788001",""
"r_c025860e0e38da","ח.מ. לחמים","הבונים 14","נתניה","Mehadrin","h_d6e6f7efe6c151","m_5b6fdb2927ebaf","לא צוין","2026-12-31T00:00:00.000Z","ok","rb_d7d851974986cf","מקור: רשימת עסקים בד''ץ 'בהידור הכשדרות' ו'מהדרין' נתניה - כסלו תשפו.pdf | ענף: מפעלים | מיקום משוער לפי עיר; ניתן לתקן במפה.","2026-04-17T00:00:00.000Z","32.309574","34.85454","pareve","058-5888858",""
"r_ae33d8a9a8bcac","נתי שטרודל וינאי","הקדר 42","נתניה","Mehadrin","h_d6e6f7efe6c151","m_6e3fb8863938a5","לא צוין","2026-12-31T00:00:00.000Z","ok","rb_d7d851974986cf","מקור: רשימת עסקים בד''ץ 'בהידור הכשדרות' ו'מהדרין' נתניה - כסלו תשפו.pdf | ענף: מפעלים | מיקום משוער לפי עיר; ניתן לתקן במפה.","2026-04-17T00:00:00.000Z","32.317021","34.869892","pareve","09-7996284",""
"r_fb097b8164a0d4","עוגיות מרוקאיות / פירורים","יד חרוצים 27","נתניה","Mehadrin","h_d6e6f7efe6c151","m_5d90b0c3a1499c","לא צוין","2026-12-31T00:00:00.000Z","ok","rb_d7d851974986cf","מקור: רשימת עסקים בד''ץ 'בהידור הכשדרות' ו'מהדרין' נתניה - כסלו תשפו.pdf | ענף: מפעלים | מיקום משוער לפי עיר; ניתן לתקן במפה.","2026-04-17T00:00:00.000Z","32.321712","34.841784","pareve","09-8651615",""
"r_7886437b77e0b0","פיצוחי אדמתי","המסגר 14","נתניה","Mehadrin","h_d6e6f7efe6c151","m_aa35137e731448","לא צוין","2026-12-31T00:00:00.000Z","ok","rb_d7d851974986cf","מקור: רשימת עסקים בד''ץ 'בהידור הכשדרות' ו'מהדרין' נתניה - כסלו תשפו.pdf | ענף: מפעלים | מיקום משוער לפי עיר; ניתן לתקן במפה.","2026-04-17T00:00:00.000Z","32.33688","34.838851","pareve","09-8872465",""
"r_fd1065f9b771ad","פרידמן תעשיות חומץ","הרכב 2","נתניה","Mehadrin","h_d6e6f7efe6c151","m_f78f0dd5a068f6","לא צוין","2026-12-31T00:00:00.000Z","ok","rb_d7d851974986cf","מקור: רשימת עסקים בד''ץ 'בהידור הכשדרות' ו'מהדרין' נתניה - כסלו תשפו.pdf | ענף: מפעלים | מיקום משוער לפי עיר; ניתן לתקן במפה.","2026-04-17T00:00:00.000Z","32.33205","34.858796","pareve","052-8690077",""
"r_6ea1202b9602c6","קוסקוס מזון","אריה רגב 3","נתניה","Mehadrin","h_d6e6f7efe6c151","m_8352fc2783045b","לא צוין","2026-12-31T00:00:00.000Z","ok","rb_d7d851974986cf","מקור: רשימת עסקים בד''ץ 'בהידור הכשדרות' ו'מהדרין' נתניה - כסלו תשפו.pdf | ענף: מפעלים | מיקום משוער לפי עיר; ניתן לתקן במפה.","2026-04-17T00:00:00.000Z","32.335858","34.859641","pareve","09-8652864",""
"r_4b47ff504545c2","ריאו","הפלדה 26","נתניה","Mehadrin","h_d6e6f7efe6c151","m_4c190560ff9b99","לא צוין","2026-12-31T00:00:00.000Z","ok","rb_d7d851974986cf","מקור: רשימת עסקים בד''ץ 'בהידור הכשדרות' ו'מהדרין' נתניה - כסלו תשפו.pdf | ענף: מפעלים | מיקום משוער לפי עיר; ניתן לתקן במפה.","2026-04-17T00:00:00.000Z","32.317796","34.861326","pareve","09-8823024",""
"r_4b87b66ae38245","טרי בלבד","שיטרית 14","נתניה","Mehadrin","h_d6e6f7efe6c151","m_dd732c42d654c4","לא צוין","2026-12-31T00:00:00.000Z","ok","rb_d7d851974986cf","מקור: רשימת עסקים בד''ץ 'בהידור הכשדרות' ו'מהדרין' נתניה - כסלו תשפו.pdf | ענף: מפעלים | מיקום משוער לפי עיר; ניתן לתקן במפה.","2026-04-17T00:00:00.000Z","32.30856","34.860393","pareve","054-6954480",""
"r_7ce6c67a7f622b","מכולת גלעדי","גבע 7","נתניה","Mehadrin","h_d6e6f7efe6c151","m_875e5b1e3ca7bb","לא צוין","2026-12-31T00:00:00.000Z","ok","rb_d7d851974986cf","מקור: רשימת עסקים בד''ץ 'בהידור הכשדרות' ו'מהדרין' נתניה - כסלו תשפו.pdf | ענף: מפעלים | מיקום משוער לפי עיר; ניתן לתקן במפה.","2026-04-17T00:00:00.000Z","32.317731","34.859503","pareve","052-3165335",""
"r_6ce86886df6fd9","מפרי ארצנו","שד' בנימין 16","נתניה","Mehadrin","h_d6e6f7efe6c151","m_bfe55b6749a905","לא צוין","2026-12-31T00:00:00.000Z","ok","rb_d7d851974986cf","מקור: רשימת עסקים בד''ץ 'בהידור הכשדרות' ו'מהדרין' נתניה - כסלו תשפו.pdf | ענף: מפעלים | מיקום משוער לפי עיר; ניתן לתקן במפה.","2026-04-17T00:00:00.000Z","32.338623","34.847399","pareve","09-9657707",""
"r_ab425cf35adfa4","נתיב החסד / האר""י","האר""י 20","נתניה","Mehadrin","h_d6e6f7efe6c151","m_ac4d97a5f3cb7a","לא צוין","2026-12-31T00:00:00.000Z","ok","rb_d7d851974986cf","מקור: רשימת עסקים בד''ץ 'בהידור הכשדרות' ו'מהדרין' נתניה - כסלו תשפו.pdf | ענף: מפעלים | מיקום משוער לפי עיר; ניתן לתקן במפה. | ענף: קצביה","2026-04-17T00:00:00.000Z","32.335209","34.836939","pareve","052-8702597",""
"r_e13a90ed760562","נתיב החסד / שוהם","שוהם 29","נתניה","Mehadrin","h_d6e6f7efe6c151","m_ac4d97a5f3cb7a","לא צוין","2026-12-31T00:00:00.000Z","ok","rb_d7d851974986cf","מקור: רשימת עסקים בד''ץ 'בהידור הכשדרות' ו'מהדרין' נתניה - כסלו תשפו.pdf | ענף: מפעלים | מיקום משוער לפי עיר; ניתן לתקן במפה. | ענף: קצביה | ענף: פיצריות","2026-04-17T00:00:00.000Z","32.329244","34.85259","pareve","09-7454235",""
"r_945e86fe40f0c6","קרפור מרקט","האר""י 12","נתניה","Mehadrin","h_d6e6f7efe6c151","m_67adcc5080965c","לא צוין","2026-12-31T00:00:00.000Z","ok","rb_d7d851974986cf","מקור: רשימת עסקים בד''ץ 'בהידור הכשדרות' ו'מהדרין' נתניה - כסלו תשפו.pdf | ענף: מפעלים | מיקום משוער לפי עיר; ניתן לתקן במפה. | ענף: קצביה","2026-04-17T00:00:00.000Z","32.311627","34.843714","pareve","1-700-557773",""
"r_0fea390638501a","זול למהדרין","לילינבלום 11","נתניה","Mehadrin","h_d6e6f7efe6c151","m_dd732c42d654c4","לא צוין","2026-12-31T00:00:00.000Z","ok","rb_d7d851974986cf","מקור: רשימת עסקים בד''ץ 'בהידור הכשדרות' ו'מהדרין' נתניה - כסלו תשפו.pdf | ענף: קצביה | מיקום משוער לפי עיר; ניתן לתקן במפה.","2026-04-17T00:00:00.000Z","32.32696","34.856902","meat","09-7604422",""
"r_3b73bb1cc5aa14","Finns Bay","המלכים 35","נתניה","Mehadrin","h_d6e6f7efe6c151","m_9148c5c3703b4f","לא צוין","2026-12-31T00:00:00.000Z","ok","rb_d7d851974986cf","מקור: רשימת עסקים בד''ץ 'בהידור הכשדרות' ו'מהדרין' נתניה - כסלו תשפו.pdf | ענף: חלבי | מיקום משוער לפי עיר; ניתן לתקן במפה.","2026-04-17T00:00:00.000Z","32.306096","34.842518","dairy","052-2229578",""
"r_2d00f110b226f4","Jony Forno","גד מכנס 2","נתניה","Mehadrin","h_d6e6f7efe6c151","m_92c6305b1c1737","לא צוין","2026-12-31T00:00:00.000Z","ok","rb_d7d851974986cf","מקור: רשימת עסקים בד''ץ 'בהידור הכשדרות' ו'מהדרין' נתניה - כסלו תשפו.pdf | ענף: חלבי | מיקום משוער לפי עיר; ניתן לתקן במפה.","2026-04-17T00:00:00.000Z","32.332115","34.855966","dairy","077-7242072",""
"r_7b27bb262a4bcb","Namy Sushi","תל חי 1","נתניה","Mehadrin","h_d6e6f7efe6c151","m_a82724b0a56728","לא צוין","2026-12-31T00:00:00.000Z","ok","rb_d7d851974986cf","מקור: רשימת עסקים בד''ץ 'בהידור הכשדרות' ו'מהדרין' נתניה - כסלו תשפו.pdf | ענף: חלבי | מיקום משוער לפי עיר; ניתן לתקן במפה.","2026-04-17T00:00:00.000Z","32.32142","34.870143","dairy","050-3689119",""
"r_aea68143f854e9","Ohi Sushi","שער הגיא 12","נתניה","Mehadrin","h_d6e6f7efe6c151","m_76e35b8a758a6b","לא צוין","2026-12-31T00:00:00.000Z","ok","rb_d7d851974986cf","מקור: רשימת עסקים בד''ץ 'בהידור הכשדרות' ו'מהדרין' נתניה - כסלו תשפו.pdf | ענף: חלבי | מיקום משוער לפי עיר; ניתן לתקן במפה.","2026-04-17T00:00:00.000Z","32.335527","34.854372","dairy","053-4909590",""
"r_5461966c4a46e2","Sea You","המלאכה 12","נתניה","Mehadrin","h_d6e6f7efe6c151","m_11bebfeda93732","לא צוין","2026-12-31T00:00:00.000Z","ok","rb_d7d851974986cf","מקור: רשימת עסקים בד''ץ 'בהידור הכשדרות' ו'מהדרין' נתניה - כסלו תשפו.pdf | ענף: חלבי | מיקום משוער לפי עיר; ניתן לתקן במפה.","2026-04-17T00:00:00.000Z","32.33557","34.865778","dairy","058-4271193",""
"r_ed08fefe8769a9","אספרסו סנדביץ' בר","דוד רמז 13","נתניה","Mehadrin","h_d6e6f7efe6c151","m_e8d5db778fcbc8","לא צוין","2026-12-31T00:00:00.000Z","ok","rb_d7d851974986cf","מקור: רשימת עסקים בד''ץ 'בהידור הכשדרות' ו'מהדרין' נתניה - כסלו תשפו.pdf | ענף: חלבי | מיקום משוער לפי עיר; ניתן לתקן במפה.","2026-04-17T00:00:00.000Z","32.333138","34.843409","dairy","050-9908099",""
"r_29c8eedbddec27","ארומה / קניון עיר ימים","בני ברמן 2","נתניה","Mehadrin","h_d6e6f7efe6c151","m_f82465dc19aa36","לא צוין","2026-12-31T00:00:00.000Z","ok","rb_d7d851974986cf","מקור: רשימת עסקים בד''ץ 'בהידור הכשדרות' ו'מהדרין' נתניה - כסלו תשפו.pdf | ענף: חלבי | מיקום משוער לפי עיר; ניתן לתקן במפה.","2026-04-17T00:00:00.000Z","32.332698","34.862604","dairy","09-8326950",""
"r_73d32ae73b47de","בורקס הסולטן","אלון צבי 7","נתניה","Mehadrin","h_d6e6f7efe6c151","m_5d97dd3268844f","לא צוין","2026-12-31T00:00:00.000Z","ok","rb_d7d851974986cf","מקור: רשימת עסקים בד''ץ 'בהידור הכשדרות' ו'מהדרין' נתניה - כסלו תשפו.pdf | ענף: חלבי | מיקום משוער לפי עיר; ניתן לתקן במפה.","2026-04-17T00:00:00.000Z","32.327347","34.842798","dairy","050-2654490",""
"r_4a43e0f0a3fda1","בורקס יושקו","סמילנסקי 7","נתניה","Mehadrin","h_d6e6f7efe6c151","m_256cc3595275fc","לא צוין","2026-12-31T00:00:00.000Z","ok","rb_d7d851974986cf","מקור: רשימת עסקים בד''ץ 'בהידור הכשדרות' ו'מהדרין' נתניה - כסלו תשפו.pdf | ענף: חלבי | מיקום משוער לפי עיר; ניתן לתקן במפה.","2026-04-17T00:00:00.000Z","32.327011","34.858822","dairy","053-9247932",""
"r_dbdc212d5db286","בייגל קפה / קניון עיר ימים","בני ברמן 2","נתניה","Mehadrin","h_d6e6f7efe6c151","m_f82465dc19aa36","לא צוין","2026-12-31T00:00:00.000Z","ok","rb_d7d851974986cf","מקור: רשימת עסקים בד''ץ 'בהידור הכשדרות' ו'מהדרין' נתניה - כסלו תשפו.pdf | ענף: חלבי | מיקום משוער לפי עיר; ניתן לתקן במפה.","2026-04-17T00:00:00.000Z","32.333777","34.861419","dairy","054-9115001",""
"r_11cee07eaf3b70","בית קפה יוליוס מיינל","הרצל 15","נתניה","Mehadrin","h_d6e6f7efe6c151","m_de414c1ff0fc63","לא צוין","2026-12-31T00:00:00.000Z","ok","rb_d7d851974986cf","מקור: רשימת עסקים בד''ץ 'בהידור הכשדרות' ו'מהדרין' נתניה - כסלו תשפו.pdf | ענף: חלבי | מיקום משוער לפי עיר; ניתן לתקן במפה.","2026-04-17T00:00:00.000Z","32.322522","34.868759","dairy","052-7277524",""
"r_072bbb6429bbad","בלונז'רי 96","האורזים 2","נתניה","Mehadrin","h_d6e6f7efe6c151","m_1ebc366f31fd08","לא צוין","2026-12-31T00:00:00.000Z","ok","rb_d7d851974986cf","מקור: רשימת עסקים בד''ץ 'בהידור הכשדרות' ו'מהדרין' נתניה - כסלו תשפו.pdf | ענף: חלבי | מיקום משוער לפי עיר; ניתן לתקן במפה. | ענף: מאפיות קונדיטוריות","2026-04-17T00:00:00.000Z","32.307802","34.860754","dairy","09-8855025",""
"r_911762670d5bda","ברדו / תל חי","שטמפפר 4","נתניה","Mehadrin","h_d6e6f7efe6c151","m_b0997a267384d1","לא צוין","2026-12-31T00:00:00.000Z","ok","rb_d7d851974986cf","מקור: רשימת עסקים בד''ץ 'בהידור הכשדרות' ו'מהדרין' נתניה - כסלו תשפו.pdf | ענף: חלבי | מיקום משוער לפי עיר; ניתן לתקן במפה.","2026-04-17T00:00:00.000Z","32.322875","34.869957","dairy","09-7726236",""
"r_a456a6096cd5ad","גוסטו","גיבורי ישראל 14","נתניה","Mehadrin","h_d6e6f7efe6c151","m_eb292a71b8abee","לא צוין","2026-12-31T00:00:00.000Z","ok","rb_d7d851974986cf","מקור: רשימת עסקים בד''ץ 'בהידור הכשדרות' ו'מהדרין' נתניה - כסלו תשפו.pdf | ענף: חלבי | מיקום משוער לפי עיר; ניתן לתקן במפה.","2026-04-17T00:00:00.000Z","32.337433","34.847094","dairy","09-8912211",""
"r_ac7c5f8037455c","הולי בייגל","קראוזה 1","נתניה","Mehadrin","h_d6e6f7efe6c151","m_849f530c384e09","לא צוין","2026-12-31T00:00:00.000Z","ok","rb_d7d851974986cf","מקור: רשימת עסקים בד''ץ 'בהידור הכשדרות' ו'מהדרין' נתניה - כסלו תשפו.pdf | ענף: חלבי | מיקום משוער לפי עיר; ניתן לתקן במפה.","2026-04-17T00:00:00.000Z","32.310898","34.856113","dairy","052-7706770",""
"r_3a6832f4619796","חבלז קפה","אריה רגב 7","נתניה","Mehadrin","h_d6e6f7efe6c151","m_d3cd554a871c70","לא צוין","2026-12-31T00:00:00.000Z","ok","rb_d7d851974986cf","מקור: רשימת עסקים בד''ץ 'בהידור הכשדרות' ו'מהדרין' נתניה - כסלו תשפו.pdf | ענף: חלבי | מיקום משוער לפי עיר; ניתן לתקן במפה.","2026-04-17T00:00:00.000Z","32.305598","34.837068","dairy","052-5215487",""
"r_1e30c4767ab12c","חצ'פורי פלוס / נעימי","טום לנטוס 60","נתניה","Mehadrin","h_d6e6f7efe6c151","m_ac4d97a5f3cb7a","לא צוין","2026-12-31T00:00:00.000Z","ok","rb_d7d851974986cf","מקור: רשימת עסקים בד''ץ 'בהידור הכשדרות' ו'מהדרין' נתניה - כסלו תשפו.pdf | ענף: חלבי | מיקום משוער לפי עיר; ניתן לתקן במפה.","2026-04-17T00:00:00.000Z","32.309285","34.870384","dairy","054-7728755",""
"r_6fdc92ef43088a","לה קרפ","הרצל 1","נתניה","Mehadrin","h_d6e6f7efe6c151","m_21ec7318ae0624","לא צוין","2026-12-31T00:00:00.000Z","ok","rb_d7d851974986cf","מקור: רשימת עסקים בד''ץ 'בהידור הכשדרות' ו'מהדרין' נתניה - כסלו תשפו.pdf | ענף: חלבי | מיקום משוער לפי עיר; ניתן לתקן במפה.","2026-04-17T00:00:00.000Z","32.30854","34.85465","dairy","050-3636715",""
"r_ae3206d246e189","מאמארוני","המלאכה 12","נתניה","Mehadrin","h_d6e6f7efe6c151","m_11bebfeda93732","לא צוין","2026-12-31T00:00:00.000Z","ok","rb_d7d851974986cf","מקור: רשימת עסקים בד''ץ 'בהידור הכשדרות' ו'מהדרין' נתניה - כסלו תשפו.pdf | ענף: חלבי | מיקום משוער לפי עיר; ניתן לתקן במפה.","2026-04-17T00:00:00.000Z","32.322597","34.866801","dairy","09-8355225",""
"r_2ddd474671a327","מסעדת אלונזו","ככר העצמאות 13","נתניה","Mehadrin","h_d6e6f7efe6c151","m_a82724b0a56728","לא צוין","2026-12-31T00:00:00.000Z","ok","rb_d7d851974986cf","מקור: רשימת עסקים בד''ץ 'בהידור הכשדרות' ו'מהדרין' נתניה - כסלו תשפו.pdf | ענף: חלבי | מיקום משוער לפי עיר; ניתן לתקן במפה.","2026-04-17T00:00:00.000Z","32.337403","34.850002","dairy","09-7996267",""
"r_36bdd2fe2d38f8","מסעדת היקב","גד מכנס 6","נתניה","Mehadrin","h_d6e6f7efe6c151","m_cda8a847a3ed1a","לא צוין","2026-12-31T00:00:00.000Z","ok","rb_d7d851974986cf","מקור: רשימת עסקים בד''ץ 'בהידור הכשדרות' ו'מהדרין' נתניה - כסלו תשפו.pdf | ענף: חלבי | מיקום משוער לפי עיר; ניתן לתקן במפה.","2026-04-17T00:00:00.000Z","32.315351","34.839163","dairy","09-8622220",""
"r_0332470d079cf1","עמליה בייגלס / נעימי","טום לנטוס 60","נתניה","Mehadrin","h_d6e6f7efe6c151","m_bdce72f718d2c5","לא צוין","2026-12-31T00:00:00.000Z","ok","rb_d7d851974986cf","מקור: רשימת עסקים בד''ץ 'בהידור הכשדרות' ו'מהדרין' נתניה - כסלו תשפו.pdf | ענף: חלבי | מיקום משוער לפי עיר; ניתן לתקן במפה.","2026-04-17T00:00:00.000Z","32.327629","34.85171","dairy","09-9652478",""
"r_4d96c3a5c05dc9","פיצוציית האופה","יוסף בוסל 76","נתניה","Mehadrin","h_d6e6f7efe6c151","m_5d97dd3268844f","לא צוין","2026-12-31T00:00:00.000Z","ok","rb_d7d851974986cf","מקור: רשימת עסקים בד''ץ 'בהידור הכשדרות' ו'מהדרין' נתניה - כסלו תשפו.pdf | ענף: חלבי | מיקום משוער לפי עיר; ניתן לתקן במפה.","2026-04-17T00:00:00.000Z","32.31924","34.858242","dairy","076-8881700",""
"r_d0494ef48fd28a","קסטלי","דיזינגוף 33","נתניה","Mehadrin","h_d6e6f7efe6c151","m_a82724b0a56728","לא צוין","2026-12-31T00:00:00.000Z","ok","rb_d7d851974986cf","מקור: רשימת עסקים בד''ץ 'בהידור הכשדרות' ו'מהדרין' נתניה - כסלו תשפו.pdf | ענף: חלבי | מיקום משוער לפי עיר; ניתן לתקן במפה.","2026-04-17T00:00:00.000Z","32.319667","34.844542","dairy","077-7004510",""
"r_150c36f11aab6e","קפה בסלע","הרב נריה 18","נתניה","Mehadrin","h_d6e6f7efe6c151","m_4e15a89ff0a034","לא צוין","2026-12-31T00:00:00.000Z","ok","rb_d7d851974986cf","מקור: רשימת עסקים בד''ץ 'בהידור הכשדרות' ו'מהדרין' נתניה - כסלו תשפו.pdf | ענף: חלבי | מיקום משוער לפי עיר; ניתן לתקן במפה.","2026-04-17T00:00:00.000Z","32.32316","34.863643","dairy","09-8325050",""
"r_f16c82e3de8774","קפה גרג / קניון השרון","הרצל 60","נתניה","Mehadrin","h_d6e6f7efe6c151","m_f62baba2b3602a","לא צוין","2026-12-31T00:00:00.000Z","ok","rb_d7d851974986cf","מקור: רשימת עסקים בד''ץ 'בהידור הכשדרות' ו'מהדרין' נתניה - כסלו תשפו.pdf | ענף: חלבי | מיקום משוער לפי עיר; ניתן לתקן במפה.","2026-04-17T00:00:00.000Z","32.323906","34.860189","dairy","053-3374774",""
"r_a2305e9059541f","קרפ","קראוזה 2","נתניה","Mehadrin","h_d6e6f7efe6c151","m_cd7381ad9691c7","לא צוין","2026-12-31T00:00:00.000Z","ok","rb_d7d851974986cf","מקור: רשימת עסקים בד''ץ 'בהידור הכשדרות' ו'מהדרין' נתניה - כסלו תשפו.pdf | ענף: חלבי | מיקום משוער לפי עיר; ניתן לתקן במפה.","2026-04-17T00:00:00.000Z","32.312053","34.857604","dairy","053-9611261",""
"r_c11bd1bad56041","ראנץ' קופיקס / קניון השרון","הרצל 60","נתניה","Mehadrin","h_d6e6f7efe6c151","m_bd3f9130238f89","לא צוין","2026-12-31T00:00:00.000Z","ok","rb_d7d851974986cf","מקור: רשימת עסקים בד''ץ 'בהידור הכשדרות' ו'מהדרין' נתניה - כסלו תשפו.pdf | ענף: חלבי | מיקום משוער לפי עיר; ניתן לתקן במפה.","2026-04-17T00:00:00.000Z","32.306338","34.863128","dairy","050-5289090",""
"r_a11e617c8edc4f","רחלה בית קפה","דבורה 14","נתניה","Mehadrin","h_d6e6f7efe6c151","m_ac4d97a5f3cb7a","לא צוין","2026-12-31T00:00:00.000Z","ok","rb_d7d851974986cf","מקור: רשימת עסקים בד''ץ 'בהידור הכשדרות' ו'מהדרין' נתניה - כסלו תשפו.pdf | ענף: חלבי | מיקום משוער לפי עיר; ניתן לתקן במפה.","2026-04-17T00:00:00.000Z","32.323003","34.839738","dairy","050-2290223",""
"r_6f5b134f64b694","תפוח אדמה לוהט / קניון השרון","הרצל 60","נתניה","Mehadrin","h_d6e6f7efe6c151","m_bd3f9130238f89","לא צוין","2026-12-31T00:00:00.000Z","ok","rb_d7d851974986cf","מקור: רשימת עסקים בד''ץ 'בהידור הכשדרות' ו'מהדרין' נתניה - כסלו תשפו.pdf | ענף: חלבי | מיקום משוער לפי עיר; ניתן לתקן במפה.","2026-04-17T00:00:00.000Z","32.313155","34.870533","dairy","054-4748434",""
"r_58cb18b764957c","בגט מאיר רפאל","גולדה מאיר 37","נתניה","Mehadrin","h_d6e6f7efe6c151","m_11bebfeda93732","לא צוין","2026-12-31T00:00:00.000Z","ok","rb_d7d851974986cf","מקור: רשימת עסקים בד''ץ 'בהידור הכשדרות' ו'מהדרין' נתניה - כסלו תשפו.pdf | ענף: בשרי | מיקום משוער לפי עיר; ניתן לתקן במפה.","2026-04-17T00:00:00.000Z","32.317787","34.870332","meat","09-8351199",""
"r_9c440c5b8a214f","בורגרים / אגמים","אגם כנרת 6","נתניה","Mehadrin","h_d6e6f7efe6c151","m_02d4eb1e6ebd67","לא צוין","2026-12-31T00:00:00.000Z","ok","rb_d7d851974986cf","מקור: רשימת עסקים בד''ץ 'בהידור הכשדרות' ו'מהדרין' נתניה - כסלו תשפו.pdf | ענף: בשרי | מיקום משוער לפי עיר; ניתן לתקן במפה.","2026-04-17T00:00:00.000Z","32.318427","34.854757","meat","09-8808168",""
"r_0cf1191d425212","בורגרים / מתחם סונול","דרך הרכבת 14","נתניה","Mehadrin","h_d6e6f7efe6c151","m_9e029671efb580","לא צוין","2026-12-31T00:00:00.000Z","ok","rb_d7d851974986cf","מקור: רשימת עסקים בד''ץ 'בהידור הכשדרות' ו'מהדרין' נתניה - כסלו תשפו.pdf | ענף: בשרי | מיקום משוער לפי עיר; ניתן לתקן במפה.","2026-04-17T00:00:00.000Z","32.324785","34.836342","meat","09-8344944",""
"r_96854500f4e6dd","בורגראנץ' / פולג","גיבורי ישראל 5","נתניה","Mehadrin","h_d6e6f7efe6c151","m_3e25c88a1d6d62","לא צוין","2026-12-31T00:00:00.000Z","ok","rb_d7d851974986cf","מקור: רשימת עסקים בד''ץ 'בהידור הכשדרות' ו'מהדרין' נתניה - כסלו תשפו.pdf | ענף: בשרי | מיקום משוער לפי עיר; ניתן לתקן במפה.","2026-04-17T00:00:00.000Z","32.3379","34.848119","meat","072-3232384",""
"r_8168a8459c2336","בורגראנץ' / קניון השרון","הרצל 60","נתניה","Mehadrin","h_d6e6f7efe6c151","m_bd3f9130238f89","לא צוין","2026-12-31T00:00:00.000Z","ok","rb_d7d851974986cf","מקור: רשימת עסקים בד''ץ 'בהידור הכשדרות' ו'מהדרין' נתניה - כסלו תשפו.pdf | ענף: בשרי | מיקום משוער לפי עיר; ניתן לתקן במפה.","2026-04-17T00:00:00.000Z","32.323298","34.856618","meat","072-3232384",""
"r_d28a1f77c94683","בורגראנץ' / קניון עיר ימים","בני ברמן 2","נתניה","Mehadrin","h_d6e6f7efe6c151","m_3e25c88a1d6d62","לא צוין","2026-12-31T00:00:00.000Z","ok","rb_d7d851974986cf","מקור: רשימת עסקים בד''ץ 'בהידור הכשדרות' ו'מהדרין' נתניה - כסלו תשפו.pdf | ענף: בשרי | מיקום משוער לפי עיר; ניתן לתקן במפה.","2026-04-17T00:00:00.000Z","32.30814","34.868936","meat","072-3232384",""
"r_6b7e2c97c036a4","ג'אסט מיט","האורזים 23","נתניה","Mehadrin","h_d6e6f7efe6c151","m_01a087c528e14f","לא צוין","2026-12-31T00:00:00.000Z","ok","rb_d7d851974986cf","מקור: רשימת עסקים בד''ץ 'בהידור הכשדרות' ו'מהדרין' נתניה - כסלו תשפו.pdf | ענף: בשרי | מיקום משוער לפי עיר; ניתן לתקן במפה.","2026-04-17T00:00:00.000Z","32.332654","34.857311","meat","077-3034214",""
"r_30a22167ab1c42","ג'אפן ג'אפן","האורזים 23","נתניה","Mehadrin","h_d6e6f7efe6c151","m_ec99dd644a14be","לא צוין","2026-12-31T00:00:00.000Z","ok","rb_d7d851974986cf","מקור: רשימת עסקים בד''ץ 'בהידור הכשדרות' ו'מהדרין' נתניה - כסלו תשפו.pdf | ענף: בשרי | מיקום משוער לפי עיר; ניתן לתקן במפה.","2026-04-17T00:00:00.000Z","32.328857","34.854192","meat","077-9733990",""
"r_7724c8ffaf1adf","דליס של יהודה","האומנות 20","נתניה","Mehadrin","h_d6e6f7efe6c151","m_9988d2e1be23c4","לא צוין","2026-12-31T00:00:00.000Z","ok","rb_d7d851974986cf","מקור: רשימת עסקים בד''ץ 'בהידור הכשדרות' ו'מהדרין' נתניה - כסלו תשפו.pdf | ענף: בשרי | מיקום משוער לפי עיר; ניתן לתקן במפה.","2026-04-17T00:00:00.000Z","32.305797","34.853296","meat","053-7084148",""
"r_bd9cd5b022b603","המבורגברי","החינוך העברי 6","נתניה","Mehadrin","h_d6e6f7efe6c151","m_9988d2e1be23c4","לא צוין","2026-12-31T00:00:00.000Z","ok","rb_d7d851974986cf","מקור: רשימת עסקים בד''ץ 'בהידור הכשדרות' ו'מהדרין' נתניה - כסלו תשפו.pdf | ענף: בשרי | מיקום משוער לפי עיר; ניתן לתקן במפה.","2026-04-17T00:00:00.000Z","32.33577","34.857972","meat","052-8855337",""
"r_fe3125f4a0588b","הרצבורגר","הרצל 42","נתניה","Mehadrin","h_d6e6f7efe6c151","m_e74dcbc0625523","לא צוין","2026-12-31T00:00:00.000Z","ok","rb_d7d851974986cf","מקור: רשימת עסקים בד''ץ 'בהידור הכשדרות' ו'מהדרין' נתניה - כסלו תשפו.pdf | ענף: בשרי | מיקום משוער לפי עיר; ניתן לתקן במפה.","2026-04-17T00:00:00.000Z","32.334001","34.855593","meat","058-7895060",""
"r_0f32bc6bb201d5","מאמא צ'יקן","הרצל 5","נתניה","Mehadrin","h_d6e6f7efe6c151","m_44845440514133","לא צוין","2026-12-31T00:00:00.000Z","ok","rb_d7d851974986cf","מקור: רשימת עסקים בד''ץ 'בהידור הכשדרות' ו'מהדרין' נתניה - כסלו תשפו.pdf | ענף: בשרי | מיקום משוער לפי עיר; ניתן לתקן במפה.","2026-04-17T00:00:00.000Z","32.306114","34.836682","meat","052-5383429",""
"r_0a346b3fc0c204","מסעדת שף על האש","אחד העם 14","נתניה","Mehadrin","h_d6e6f7efe6c151","m_5d97dd3268844f","לא צוין","2026-12-31T00:00:00.000Z","ok","rb_d7d851974986cf","מקור: רשימת עסקים בד''ץ 'בהידור הכשדרות' ו'מהדרין' נתניה - כסלו תשפו.pdf | ענף: בשרי | מיקום משוער לפי עיר; ניתן לתקן במפה.","2026-04-17T00:00:00.000Z","32.331152","34.845066","meat","077-5509492",""
"r_20f7f809b3b1c5","מפגש העיר","אלון צבי 8","נתניה","Mehadrin","h_d6e6f7efe6c151","m_bfe55b6749a905","לא צוין","2026-12-31T00:00:00.000Z","ok","rb_d7d851974986cf","מקור: רשימת עסקים בד''ץ 'בהידור הכשדרות' ו'מהדרין' נתניה - כסלו תשפו.pdf | ענף: בשרי | מיקום משוער לפי עיר; ניתן לתקן במפה.","2026-04-17T00:00:00.000Z","32.33801","34.856252","meat","052-5468249",""
"r_f0d216ab4422f6","מרילו","אוסישקין 2","נתניה","Mehadrin","h_d6e6f7efe6c151","m_a82724b0a56728","לא צוין","2026-12-31T00:00:00.000Z","ok","rb_d7d851974986cf","מקור: רשימת עסקים בד''ץ 'בהידור הכשדרות' ו'מהדרין' נתניה - כסלו תשפו.pdf | ענף: בשרי | מיקום משוער לפי עיר; ניתן לתקן במפה.","2026-04-17T00:00:00.000Z","32.31948","34.850297","meat","052-5345224",""
"r_bc68f6c9a691a6","ס א מסה אסיה","סמילנסקי 4","נתניה","Mehadrin","h_d6e6f7efe6c151","m_d9eb029b80749c","לא צוין","2026-12-31T00:00:00.000Z","ok","rb_d7d851974986cf","מקור: רשימת עסקים בד''ץ 'בהידור הכשדרות' ו'מהדרין' נתניה - כסלו תשפו.pdf | ענף: בשרי | מיקום משוער לפי עיר; ניתן לתקן במפה.","2026-04-17T00:00:00.000Z","32.335278","34.847519","meat","052-6545444",""
"r_40786dc1ccf6c6","רדמיט","הרצל 40","נתניה","Mehadrin","h_d6e6f7efe6c151","m_b7ca9c6337547a","לא צוין","2026-12-31T00:00:00.000Z","ok","rb_d7d851974986cf","מקור: רשימת עסקים בד''ץ 'בהידור הכשדרות' ו'מהדרין' נתניה - כסלו תשפו.pdf | ענף: בשרי | מיקום משוער לפי עיר; ניתן לתקן במפה.","2026-04-17T00:00:00.000Z","32.333601","34.859534","meat","058-4999997",""
"r_897bb68ed7b1a4","שיפודי סבא חנניה / נעימי","טום לנטוס 60","נתניה","Mehadrin","h_d6e6f7efe6c151","m_a5ed65fd9cb0d1","לא צוין","2026-12-31T00:00:00.000Z","ok","rb_d7d851974986cf","מקור: רשימת עסקים בד''ץ 'בהידור הכשדרות' ו'מהדרין' נתניה - כסלו תשפו.pdf | ענף: בשרי | מיקום משוער לפי עיר; ניתן לתקן במפה.","2026-04-17T00:00:00.000Z","32.305259","34.844756","meat","050-6757506",""
"r_c69975944151aa","מטבח ישראלי / נעימי","טום לנטוס 60","נתניה","Mehadrin","h_d6e6f7efe6c151","m_4e15a89ff0a034","לא צוין","2026-12-31T00:00:00.000Z","ok","rb_d7d851974986cf","מקור: רשימת עסקים בד''ץ 'בהידור הכשדרות' ו'מהדרין' נתניה - כסלו תשפו.pdf | ענף: פלאפל | מיקום משוער לפי עיר; ניתן לתקן במפה.","2026-04-17T00:00:00.000Z","32.323248","34.849259","pareve","050-6161181",""
"r_5ee07ed6254b52","סביחי","שד' בנימין 7","נתניה","Mehadrin","h_d6e6f7efe6c151","m_e1b1b23820e068","לא צוין","2026-12-31T00:00:00.000Z","ok","rb_d7d851974986cf","מקור: רשימת עסקים בד''ץ 'בהידור הכשדרות' ו'מהדרין' נתניה - כסלו תשפו.pdf | ענף: פלאפל | מיקום משוער לפי עיר; ניתן לתקן במפה.","2026-04-17T00:00:00.000Z","32.322003","34.847418","pareve","054-6448364",""
"r_56d25d811428f9","פיתה כפרע","הרצל 14","נתניה","Mehadrin","h_d6e6f7efe6c151","m_cc8973826d0dcf","לא צוין","2026-12-31T00:00:00.000Z","ok","rb_d7d851974986cf","מקור: רשימת עסקים בד''ץ 'בהידור הכשדרות' ו'מהדרין' נתניה - כסלו תשפו.pdf | ענף: פלאפל יעל פרווה פתח תקוה 82 09-8620702 050-4114920 | מיקום משוער לפי עיר; ניתן לתקן במפה.","2026-04-17T00:00:00.000Z","32.314438","34.860389","pareve","054-2493303",""
"r_290690dcd2508c","Buonana שושנה","דמארי 10","נתניה","Mehadrin","h_d6e6f7efe6c151","m_0cd22659e36f61","לא צוין","2026-12-31T00:00:00.000Z","ok","rb_d7d851974986cf","מקור: רשימת עסקים בד''ץ 'בהידור הכשדרות' ו'מהדרין' נתניה - כסלו תשפו.pdf | ענף: רק פלאפל פרווה הברבור 1 09-8850036 050-8884558 | מיקום משוער לפי עיר; ניתן לתקן במפה.","2026-04-17T00:00:00.000Z","32.323738","34.844807","pareve","09-7787746",""
"r_e785dc54aee1fe","עוגיות מרוקאיות / שמואל הנציב","שמואל הנציב 10","נתניה","Mehadrin","h_d6e6f7efe6c151","m_21ec7318ae0624","לא צוין","2026-12-31T00:00:00.000Z","ok","rb_d7d851974986cf","מקור: רשימת עסקים בד''ץ 'בהידור הכשדרות' ו'מהדרין' נתניה - כסלו תשפו.pdf | ענף: מפעלים | מיקום משוער לפי עיר; ניתן לתקן במפה.","2026-04-17T00:00:00.000Z","32.325808","34.865319","pareve","09-8827826",""
"r_dc7179a24fc576","בי פרש / קניון עיר ימים","בני ברמן 2","נתניה","Mehadrin","h_d6e6f7efe6c151","m_f82465dc19aa36","לא צוין","2026-12-31T00:00:00.000Z","ok","rb_d7d851974986cf","מקור: רשימת עסקים בד''ץ 'בהידור הכשדרות' ו'מהדרין' נתניה - כסלו תשפו.pdf | ענף: מפעלים | מיקום משוער לפי עיר; ניתן לתקן במפה.","2026-04-17T00:00:00.000Z","32.310111","34.840566","pareve","050-9070167",""
"r_212e3fd0a78b78","ג'לטו פלוס","אגם כנרת 6","נתניה","Mehadrin","h_d6e6f7efe6c151","m_02d4eb1e6ebd67","לא צוין","2026-12-31T00:00:00.000Z","ok","rb_d7d851974986cf","מקור: רשימת עסקים בד''ץ 'בהידור הכשדרות' ו'מהדרין' נתניה - כסלו תשפו.pdf | ענף: מפעלים | מיקום משוער לפי עיר; ניתן לתקן במפה.","2026-04-17T00:00:00.000Z","32.323013","34.8665","pareve","09-7404637",""
"r_20f57c57f6125f","גולדה הכשר / גשר האר""י","טום לנטוס 1","נתניה","Mehadrin","h_d6e6f7efe6c151","m_850e31f09cf190","לא צוין","2026-12-31T00:00:00.000Z","ok","rb_d7d851974986cf","מקור: רשימת עסקים בד''ץ 'בהידור הכשדרות' ו'מהדרין' נתניה - כסלו תשפו.pdf | ענף: מפעלים | מיקום משוער לפי עיר; ניתן לתקן במפה.","2026-04-17T00:00:00.000Z","32.324884","34.868274","pareve","09-7452646",""
"r_07c43c30b45843","גולדה הכשר / ככר העצמאות","הרצל 7","נתניה","Mehadrin","h_d6e6f7efe6c151","m_e74dcbc0625523","לא צוין","2026-12-31T00:00:00.000Z","ok","rb_d7d851974986cf","מקור: רשימת עסקים בד''ץ 'בהידור הכשדרות' ו'מהדרין' נתניה - כסלו תשפו.pdf | ענף: מפעלים | מיקום משוער לפי עיר; ניתן לתקן במפה.","2026-04-17T00:00:00.000Z","32.337532","34.860666","pareve","09-9777551",""
"r_b33543955f9689","גולדה הכשר / פיאנו עיר ימים","שושנה דמארי 10","נתניה","Mehadrin","h_d6e6f7efe6c151","m_0cd22659e36f61","לא צוין","2026-12-31T00:00:00.000Z","ok","rb_d7d851974986cf","מקור: רשימת עסקים בד''ץ 'בהידור הכשדרות' ו'מהדרין' נתניה - כסלו תשפו.pdf | ענף: מפעלים | מיקום משוער לפי עיר; ניתן לתקן במפה.","2026-04-17T00:00:00.000Z","32.318134","34.861534","pareve","09-9777552",""
"r_68ec71930d0316","קפה גילדה ככר","העצמאות 12","נתניה","Mehadrin","h_d6e6f7efe6c151","m_92c6305b1c1737","לא צוין","2026-12-31T00:00:00.000Z","ok","rb_d7d851974986cf","מקור: רשימת עסקים בד''ץ 'בהידור הכשדרות' ו'מהדרין' נתניה - כסלו תשפו.pdf | ענף: מפעלים | מיקום משוער לפי עיר; ניתן לתקן במפה.","2026-04-17T00:00:00.000Z","32.311037","34.86477","pareve","09-7787168",""
"r_6c2a2347165d70","Keto Baker","התרופה 14","נתניה","Mehadrin","h_d6e6f7efe6c151","m_e1b1b23820e068","לא צוין","2026-12-31T00:00:00.000Z","ok","rb_d7d851974986cf","מקור: רשימת עסקים בד''ץ 'בהידור הכשדרות' ו'מהדרין' נתניה - כסלו תשפו.pdf | ענף: מאפיות קונדיטוריות | מיקום משוער לפי עיר; ניתן לתקן במפה.","2026-04-17T00:00:00.000Z","32.325243","34.848881","pareve","050-8277778",""
"r_b7ea4f7a73e8a9","Lalov Bakery & More","פתח תקוה 6","נתניה","Mehadrin","h_d6e6f7efe6c151","m_26d7b70e8df70f","לא צוין","2026-12-31T00:00:00.000Z","ok","rb_d7d851974986cf","מקור: רשימת עסקים בד''ץ 'בהידור הכשדרות' ו'מהדרין' נתניה - כסלו תשפו.pdf | ענף: מאפיות קונדיטוריות | מיקום משוער לפי עיר; ניתן לתקן במפה.","2026-04-17T00:00:00.000Z","32.337515","34.86806","pareve","052-3526500",""
"r_d2e7a4fb1a58f5","Le Moulin Dore / Krause","קראוזה 2","נתניה","Mehadrin","h_d6e6f7efe6c151","m_1cb0f59a814d83","לא צוין","2026-12-31T00:00:00.000Z","ok","rb_d7d851974986cf","מקור: רשימת עסקים בד''ץ 'בהידור הכשדרות' ו'מהדרין' נתניה - כסלו תשפו.pdf | ענף: מאפיות קונדיטוריות | מיקום משוער לפי עיר; ניתן לתקן במפה.","2026-04-17T00:00:00.000Z","32.316704","34.847393","pareve","09-9414416",""
"r_275c916cd24a37","Le Moulin Dore / Binyamin","שד' בנימין 31","נתניה","Mehadrin","h_d6e6f7efe6c151","m_1cb0f59a814d83","לא צוין","2026-12-31T00:00:00.000Z","ok","rb_d7d851974986cf","מקור: רשימת עסקים בד''ץ 'בהידור הכשדרות' ו'מהדרין' נתניה - כסלו תשפו.pdf | ענף: מאפיות קונדיטוריות | מיקום משוער לפי עיר; ניתן לתקן במפה.","2026-04-17T00:00:00.000Z","32.336517","34.848347","pareve","09-9414416",""
"r_b25ce99994066c","בונז'ור באגט","אירוס הארגמן 55","נתניה","Mehadrin","h_d6e6f7efe6c151","m_9662baed9a54af","לא צוין","2026-12-31T00:00:00.000Z","ok","rb_d7d851974986cf","מקור: רשימת עסקים בד''ץ 'בהידור הכשדרות' ו'מהדרין' נתניה - כסלו תשפו.pdf | ענף: מאפיות קונדיטוריות | מיקום משוער לפי עיר; ניתן לתקן במפה.","2026-04-17T00:00:00.000Z","32.326851","34.84993","pareve","09-8655520",""
"r_1ec332d8734db8","Le Moulin Dore","אורט 10","נתניה","Mehadrin","h_d6e6f7efe6c151","m_be07d6cee39d23","לא צוין","2026-12-31T00:00:00.000Z","ok","rb_d7d851974986cf","מקור: רשימת עסקים בד''ץ 'בהידור הכשדרות' ו'מהדרין' נתניה - כסלו תשפו.pdf | ענף: מפעלים | מיקום משוער לפי עיר; ניתן לתקן במפה.","2026-04-17T00:00:00.000Z","32.329152","34.848779","pareve","050-6658880",""
"r_f4351fc195d408","ביסקוטי / פיאנו עיר ימים","שושנה דמארי 10","נתניה","Mehadrin","h_d6e6f7efe6c151","m_0cd22659e36f61","לא צוין","2026-12-31T00:00:00.000Z","ok","rb_d7d851974986cf","מקור: רשימת עסקים בד''ץ 'בהידור הכשדרות' ו'מהדרין' נתניה - כסלו תשפו.pdf | ענף: מפעלים | מיקום משוער לפי עיר; ניתן לתקן במפה.","2026-04-17T00:00:00.000Z","32.307323","34.864362","pareve","09-8848734",""
"r_968a49445ce460","בריוש","ככר העצמאות 10","נתניה","Mehadrin","h_d6e6f7efe6c151","m_26d7b70e8df70f","לא צוין","2026-12-31T00:00:00.000Z","ok","rb_d7d851974986cf","מקור: רשימת עסקים בד''ץ 'בהידור הכשדרות' ו'מהדרין' נתניה - כסלו תשפו.pdf | ענף: מפעלים | מיקום משוער לפי עיר; ניתן לתקן במפה.","2026-04-17T00:00:00.000Z","32.320424","34.862999","pareve","052-5858299",""
"r_c5e28b7a30d2b5","דני בתי מאפה / אגם סנטר","קרל פופר 4","נתניה","Mehadrin","h_d6e6f7efe6c151","m_aa07fed6dcf96a","לא צוין","2026-12-31T00:00:00.000Z","ok","rb_d7d851974986cf","מקור: רשימת עסקים בד''ץ 'בהידור הכשדרות' ו'מהדרין' נתניה - כסלו תשפו.pdf | ענף: מפעלים | מיקום משוער לפי עיר; ניתן לתקן במפה.","2026-04-17T00:00:00.000Z","32.319278","34.852205","pareve","050-2648655",""
"r_8b01e7c829c0d4","דני בתי מאפה / קרית השרון טום לנטוס 10 503 703 700 1 8447999 054 חמוש","ככר העצמאות 5","נתניה","Mehadrin","h_d6e6f7efe6c151","m_5e96b34e8438d7","לא צוין","2026-12-31T00:00:00.000Z","ok","rb_d7d851974986cf","מקור: רשימת עסקים בד''ץ 'בהידור הכשדרות' ו'מהדרין' נתניה - כסלו תשפו.pdf | ענף: מפעלים | מיקום משוער לפי עיר; ניתן לתקן במפה.","2026-04-17T00:00:00.000Z","32.313797","34.845666","pareve","054-2106126",""
"r_42d89da647db1d","יודלה מתוקים / שכטרמן צבי","שכטרמן 33","נתניה","Mehadrin","h_d6e6f7efe6c151","m_c64be08dba175c","לא צוין","2026-12-31T00:00:00.000Z","ok","rb_d7d851974986cf","מקור: רשימת עסקים בד''ץ 'בהידור הכשדרות' ו'מהדרין' נתניה - כסלו תשפו.pdf | ענף: מפעלים | מיקום משוער לפי עיר; ניתן לתקן במפה.","2026-04-17T00:00:00.000Z","32.32883","34.869681","pareve","09-8845842",""
"r_552d08b9bc6697","יודלה מתוקים / שמואל הנציב","שמואל הנציב 14","נתניה","Mehadrin","h_d6e6f7efe6c151","m_c64be08dba175c","לא צוין","2026-12-31T00:00:00.000Z","ok","rb_d7d851974986cf","מקור: רשימת עסקים בד''ץ 'בהידור הכשדרות' ו'מהדרין' נתניה - כסלו תשפו.pdf | ענף: מפעלים | מיקום משוער לפי עיר; ניתן לתקן במפה.","2026-04-17T00:00:00.000Z","32.317323","34.852066","pareve","09-8845842",""
"r_0d5aa5e29635da","יוני פטיסרי","שטמפפר 13","נתניה","Mehadrin","h_d6e6f7efe6c151","m_cc8973826d0dcf","לא צוין","2026-12-31T00:00:00.000Z","ok","rb_d7d851974986cf","מקור: רשימת עסקים בד''ץ 'בהידור הכשדרות' ו'מהדרין' נתניה - כסלו תשפו.pdf | ענף: מפעלים | מיקום משוער לפי עיר; ניתן לתקן במפה.","2026-04-17T00:00:00.000Z","32.320728","34.853163","pareve","058-6833063",""
"r_eb601b31268b52","לחם האופים","החינוך העברי 4","נתניה","Mehadrin","h_d6e6f7efe6c151","m_9988d2e1be23c4","לא צוין","2026-12-31T00:00:00.000Z","ok","rb_d7d851974986cf","מקור: רשימת עסקים בד''ץ 'בהידור הכשדרות' ו'מהדרין' נתניה - כסלו תשפו.pdf | ענף: מפעלים | מיקום משוער לפי עיר; ניתן לתקן במפה.","2026-04-17T00:00:00.000Z","32.309244","34.845572","pareve","09-8840888",""
"r_29b24996f40c0e","לחם האופים / מתנ""ס","טום לנטוס 31","נתניה","Mehadrin","h_d6e6f7efe6c151","m_9988d2e1be23c4","לא צוין","2026-12-31T00:00:00.000Z","ok","rb_d7d851974986cf","מקור: רשימת עסקים בד''ץ 'בהידור הכשדרות' ו'מהדרין' נתניה - כסלו תשפו.pdf | ענף: מפעלים | מיקום משוער לפי עיר; ניתן לתקן במפה.","2026-04-17T00:00:00.000Z","32.325582","34.838614","pareve","09-8901818",""
"r_8b756dc4d8ea26","מאפה נאמן / קניון עיר ימים","בני ברמן 2","נתניה","Mehadrin","h_d6e6f7efe6c151","m_50f394624d726e","לא צוין","2026-12-31T00:00:00.000Z","ok","rb_d7d851974986cf","מקור: רשימת עסקים בד''ץ 'בהידור הכשדרות' ו'מהדרין' נתניה - כסלו תשפו.pdf | ענף: מפעלים | מיקום משוער לפי עיר; ניתן לתקן במפה.","2026-04-17T00:00:00.000Z","32.308682","34.855762","pareve","09-7717112",""
"r_6560b9e9044ed1","מאפה נאמן / תחנה מרכזית","שד' בנימין 7","נתניה","Mehadrin","h_d6e6f7efe6c151","m_e1b1b23820e068","לא צוין","2026-12-31T00:00:00.000Z","ok","rb_d7d851974986cf","מקור: רשימת עסקים בד''ץ 'בהידור הכשדרות' ו'מהדרין' נתניה - כסלו תשפו.pdf | ענף: מפעלים | מיקום משוער לפי עיר; ניתן לתקן במפה.","2026-04-17T00:00:00.000Z","32.335115","34.853919","pareve","09-7490174",""
"r_10f47b30780db8","מאפיית אריאל","פנחס בלקני 23","נתניה","Mehadrin","h_d6e6f7efe6c151","m_b76d3ecce955d5","לא צוין","2026-12-31T00:00:00.000Z","ok","rb_d7d851974986cf","מקור: רשימת עסקים בד''ץ 'בהידור הכשדרות' ו'מהדרין' נתניה - כסלו תשפו.pdf | ענף: מפעלים | מיקום משוער לפי עיר; ניתן לתקן במפה.","2026-04-17T00:00:00.000Z","32.331097","34.84169","pareve","09-8667466",""
"r_9ca541ab246610","Sweet Event","טום לנטוס 60","נתניה","Mehadrin","h_d6e6f7efe6c151","m_9988d2e1be23c4","לא צוין","2026-12-31T00:00:00.000Z","ok","rb_d7d851974986cf","מקור: רשימת עסקים בד''ץ 'בהידור הכשדרות' ו'מהדרין' נתניה - כסלו תשפו.pdf | ענף: מפעלים | מיקום משוער לפי עיר; ניתן לתקן במפה.","2026-04-17T00:00:00.000Z","32.328966","34.846686","pareve","052-8880303",""
"r_7903e8a03fffc4","מאפיית בנג'מין בייקרי","אגם כנרת 4","נתניה","Mehadrin","h_d6e6f7efe6c151","m_02d4eb1e6ebd67","לא צוין","2026-12-31T00:00:00.000Z","ok","rb_d7d851974986cf","מקור: רשימת עסקים בד''ץ 'בהידור הכשדרות' ו'מהדרין' נתניה - כסלו תשפו.pdf | ענף: מפעלים | מיקום משוער לפי עיר; ניתן לתקן במפה.","2026-04-17T00:00:00.000Z","32.335733","34.849257","pareve","050-8219235",""
"r_516a19b16c65fc","מאפיית בן ישי / מרכז דוד","האוניברסיטה 9","נתניה","Mehadrin","h_d6e6f7efe6c151","m_ac4d97a5f3cb7a","לא צוין","2026-12-31T00:00:00.000Z","ok","rb_d7d851974986cf","מקור: רשימת עסקים בד''ץ 'בהידור הכשדרות' ו'מהדרין' נתניה - כסלו תשפו.pdf | ענף: מאפיית בן ישי / מרכז דוד האוניברסיטה 9 054-9070770 054-8447999 Barylibox בשרי הגולן 3 058-6303244 054-8441970 | מיקום משוער לפי עיר; ניתן לתקן במפה.","2026-04-17T00:00:00.000Z","32.329322","34.845304","meat","054-9070770",""
"r_3b7c384ae19486","מאפיית הכוכב / הרצל","הרצל 38","נתניה","Mehadrin","h_d6e6f7efe6c151","m_e0871f9e3b477a","לא צוין","2026-12-31T00:00:00.000Z","ok","rb_d7d851974986cf","מקור: רשימת עסקים בד''ץ 'בהידור הכשדרות' ו'מהדרין' נתניה - כסלו תשפו.pdf | ענף: מאפיית הכוכב / הרצל הרצל 38 053-6400585 054-3112226 גן אל כ בשרי הקדר 22 050-4095455 054-5280323 | מיקום משוער לפי עיר; ניתן לתקן במפה.","2026-04-17T00:00:00.000Z","32.308372","34.860223","meat","053-6400585",""
"r_f737af5748f0c6","מאפיית הכוכב / יהלום","יהלום 2","נתניה","Mehadrin","h_d6e6f7efe6c151","m_e0871f9e3b477a","לא צוין","2026-12-31T00:00:00.000Z","ok","rb_d7d851974986cf","מקור: רשימת עסקים בד''ץ 'בהידור הכשדרות' ו'מהדרין' נתניה - כסלו תשפו.pdf | ענף: מאפיית הכוכב / יהלום יהלום 2 053-6400585 054-3112226 מעדני הכתר בשרי החינוך העברי 4 053-6113536 054-8441970 | מיקום משוער לפי עיר; ניתן לתקן במפה.","2026-04-17T00:00:00.000Z","32.320078","34.856167","meat","053-6400585",""
"r_066991643f3ee7","מאפיית הנביאים / גיבורי ישראל","גיבורי ישראל 14","נתניה","Mehadrin","h_d6e6f7efe6c151","m_d3cd554a871c70","לא צוין","2026-12-31T00:00:00.000Z","ok","rb_d7d851974986cf","מקור: רשימת עסקים בד''ץ 'בהידור הכשדרות' ו'מהדרין' נתניה - כסלו תשפו.pdf | ענף: מאפיית הנביאים / גיבורי ישראל גיבורי ישראל 14 09-8356165 054-3007182 דליס של יהודה בשרי האומנות 20 053-7084148 054-8441970 | מיקום משוער לפי עיר; ניתן לתקן במפה.","2026-04-17T00:00:00.000Z","32.316745","34.847453","meat","09-8356165",""
"r_bbd315639b2e9f","מאפיית הנביאים / ויצמן","ויצמן 8","נתניה","Mehadrin","h_d6e6f7efe6c151","m_0e7a0d9757e943","לא צוין","2026-12-31T00:00:00.000Z","ok","rb_d7d851974986cf","מקור: רשימת עסקים בד''ץ 'בהידור הכשדרות' ו'מהדרין' נתניה - כסלו תשפו.pdf | ענף: מאפיית הנביאים / ויצמן ויצמן 8 09-8820172 050-4124080 מרילו בשרי הצורן 4 052-5345224 054-8492289 | מיקום משוער לפי עיר; ניתן לתקן במפה.","2026-04-17T00:00:00.000Z","32.31626","34.844393","meat","09-8820172",""
"r_cf6c427a0ed401","מאפיית הנביאים / פתח תקווה","פתח תקוה 82","נתניה","Mehadrin","h_d6e6f7efe6c151","m_0cb435162dbbf6","לא צוין","2026-12-31T00:00:00.000Z","ok","rb_d7d851974986cf","מקור: רשימת עסקים בד''ץ 'בהידור הכשדרות' ו'מהדרין' נתניה - כסלו תשפו.pdf | ענף: מאפיית הנביאים / פתח תקווה פתח תקוה 82 09-8321736 052-4746520 סאמסה אסיה בשרי סמילנסקי 4 052-6545444 054-8459970 | מיקום משוער לפי עיר; ניתן לתקן במפה.","2026-04-17T00:00:00.000Z","32.335452","34.856293","meat","09-8321736",""
"r_15dc3424aea49b","מאפיית ראשית דגן / נעימי","טום לנטוס 60","נתניה","Mehadrin","h_d6e6f7efe6c151","m_f7d9a9e6952fc1","לא צוין","2026-12-31T00:00:00.000Z","ok","rb_d7d851974986cf","מקור: רשימת עסקים בד''ץ 'בהידור הכשדרות' ו'מהדרין' נתניה - כסלו תשפו.pdf | ענף: מאפיית ראשית דגן / נעימי טום לנטוס 60 09-7777046 050-8884558 פייל האוס בשרי גד מכנס 33 058-7705248 058-4960610 | מיקום משוער לפי עיר; ניתן לתקן במפה.","2026-04-17T00:00:00.000Z","32.321877","34.86855","meat","09-7777046",""
"r_8ff22425b216ed","מורשת החיטה","דוד פנקס 55","נתניה","Mehadrin","h_d6e6f7efe6c151","m_01a087c528e14f","לא צוין","2026-12-31T00:00:00.000Z","ok","rb_d7d851974986cf","מקור: רשימת עסקים בד''ץ 'בהידור הכשדרות' ו'מהדרין' נתניה - כסלו תשפו.pdf | ענף: מורשת החיטה דוד פנקס 55 09-7711400 054-8063111 Vita Pizza חלבי אהרן ברט 2 054-6692563 054-7705046 | מיקום משוער לפי עיר; ניתן לתקן במפה.","2026-04-17T00:00:00.000Z","32.317399","34.859077","dairy","09-7711400",""
"r_5538a995b8c5e7","מפגש הטאבון / הנביאים הנביאים 5 8855805 09 8739090 050 ברכת שמעון","עולי הגרדום 19","נתניה","Mehadrin","h_d6e6f7efe6c151","m_a5e75228029495","לא צוין","2026-12-31T00:00:00.000Z","ok","rb_d7d851974986cf","מקור: רשימת עסקים בד''ץ 'בהידור הכשדרות' ו'מהדרין' נתניה - כסלו תשפו.pdf | ענף: מפגש הטאבון / הנביאים הנביאים 5 8855805 - 09 8739090 - 050 ברכת שמעון חלבי עולי הגרדום 19 052-3022922 052-2993391 | מיקום משוער לפי עיר; ניתן לתקן במפה.","2026-04-17T00:00:00.000Z","32.338791","34.844037","dairy","052-3022922",""
"r_424f3705e4ec14","משי מאפים","יצחק קצנלסון 24","נתניה","Mehadrin","h_d6e6f7efe6c151","m_3652bb80fb3c60","לא צוין","2026-12-31T00:00:00.000Z","ok","rb_d7d851974986cf","מקור: רשימת עסקים בד''ץ 'בהידור הכשדרות' ו'מהדרין' נתניה - כסלו תשפו.pdf | ענף: משי מאפים יצחק קצנלסון 24 09-8623133 050-8739090 הולי בייגל חלבי קראוזה 1 052-7706770 054-7731593 | מיקום משוער לפי עיר; ניתן לתקן במפה.","2026-04-17T00:00:00.000Z","32.312252","34.855381","dairy","09-8623133",""
"r_ecc58d27553382","Bella Italia","הרצל 16","נתניה","Mehadrin","h_d6e6f7efe6c151","m_850e31f09cf190","לא צוין","2026-12-31T00:00:00.000Z","ok","rb_d7d851974986cf","מקור: רשימת עסקים בד''ץ 'בהידור הכשדרות' ו'מהדרין' נתניה - כסלו תשפו.pdf | ענף: פיצריות | מיקום משוער לפי עיר; ניתן לתקן במפה.","2026-04-17T00:00:00.000Z","32.32278","34.861252","pareve","052-9624056",""
"r_6c9acf993728ea","Cholo","אלון צבי 20","נתניה","Mehadrin","h_d6e6f7efe6c151","m_ac4d97a5f3cb7a","לא צוין","2026-12-31T00:00:00.000Z","ok","rb_d7d851974986cf","מקור: רשימת עסקים בד''ץ 'בהידור הכשדרות' ו'מהדרין' נתניה - כסלו תשפו.pdf | ענף: פיצריות | מיקום משוער לפי עיר; ניתן לתקן במפה.","2026-04-17T00:00:00.000Z","32.326199","34.860163","pareve","09-7400074",""
"r_cf89b42d3cf409","My Pizza","גד מכנס 17","נתניה","Mehadrin","h_d6e6f7efe6c151","m_3aed45402fdc75","לא צוין","2026-12-31T00:00:00.000Z","ok","rb_d7d851974986cf","מקור: רשימת עסקים בד''ץ 'בהידור הכשדרות' ו'מהדרין' נתניה - כסלו תשפו.pdf | ענף: פיצריות | מיקום משוער לפי עיר; ניתן לתקן במפה.","2026-04-17T00:00:00.000Z","32.323815","34.863537","pareve","09-7492217",""
"r_39bb4ce9f81c59","/ חפץ חיים","חפץ חיים 6","נתניה","Mehadrin","h_d6e6f7efe6c151","m_5d3c9ba00289df","לא צוין","2026-12-31T00:00:00.000Z","ok","rb_d7d851974986cf","מקור: רשימת עסקים בד''ץ 'בהידור הכשדרות' ו'מהדרין' נתניה - כסלו תשפו.pdf | ענף: פיצריות | מיקום משוער לפי עיר; ניתן לתקן במפה.","2026-04-17T00:00:00.000Z","32.321466","34.870338","dairy","09-8858356",""
"r_e67ab946b119e0","קלאוזנר","9 1-700-708-508","נתניה","Mehadrin","h_d6e6f7efe6c151","m_9988d2e1be23c4","לא צוין","2026-12-31T00:00:00.000Z","ok","rb_d7d851974986cf","מקור: רשימת עסקים בד''ץ 'בהידור הכשדרות' ו'מהדרין' נתניה - כסלו תשפו.pdf | ענף: פיצריות | מיקום משוער לפי עיר; ניתן לתקן במפה.","2026-04-17T00:00:00.000Z","32.330594","34.868102","dairy","054-8441970",""
"r_aaa644a03ddfd3","בלוזה מאנצ'","יוסף בוסל 15","נתניה","Mehadrin","h_d6e6f7efe6c151","m_b76d3ecce955d5","לא צוין","2026-12-31T00:00:00.000Z","ok","rb_d7d851974986cf","מקור: רשימת עסקים בד''ץ 'בהידור הכשדרות' ו'מהדרין' נתניה - כסלו תשפו.pdf | ענף: פיצריות | מיקום משוער לפי עיר; ניתן לתקן במפה.","2026-04-17T00:00:00.000Z","32.325332","34.852968","pareve","09-7881380",""
"r_bbea0c13e3bfbc","המשולש הלוהט / ויצמן","ויצמן 17","נתניה","Mehadrin","h_d6e6f7efe6c151","m_4e15a89ff0a034","לא צוין","2026-12-31T00:00:00.000Z","ok","rb_d7d851974986cf","מקור: רשימת עסקים בד''ץ 'בהידור הכשדרות' ו'מהדרין' נתניה - כסלו תשפו.pdf | ענף: פיצריות | מיקום משוער לפי עיר; ניתן לתקן במפה.","2026-04-17T00:00:00.000Z","32.338735","34.840412","pareve","053-9429444",""
"r_dba5058f3d4cd3","המשולש הלוהט / קרית השרון","הרטום 40","נתניה","Mehadrin","h_d6e6f7efe6c151","m_4e15a89ff0a034","לא צוין","2026-12-31T00:00:00.000Z","ok","rb_d7d851974986cf","מקור: רשימת עסקים בד''ץ 'בהידור הכשדרות' ו'מהדרין' נתניה - כסלו תשפו.pdf | ענף: פיצריות | מיקום משוער לפי עיר; ניתן לתקן במפה.","2026-04-17T00:00:00.000Z","32.326023","34.870185","pareve","09-8625565",""
"r_fd535d0cb1a8de","מרכז העיר ככר העצמאות","3 1-700-506-070","נתניה","Mehadrin","h_d6e6f7efe6c151","m_0f0cec346eda91","לא צוין","2026-12-31T00:00:00.000Z","ok","rb_d7d851974986cf","מקור: רשימת עסקים בד''ץ 'בהידור הכשדרות' ו'מהדרין' נתניה - כסלו תשפו.pdf | ענף: פיצריות | מיקום משוער לפי עיר; ניתן לתקן במפה.","2026-04-17T00:00:00.000Z","32.32546","34.864203","dairy","058-3275327",""
"r_47ce913c4042ca","פולג גיבורי ישראל","22 1-700-506-070","נתניה","Mehadrin","h_d6e6f7efe6c151","m_0f0cec346eda91","לא צוין","2026-12-31T00:00:00.000Z","ok","rb_d7d851974986cf","מקור: רשימת עסקים בד''ץ 'בהידור הכשדרות' ו'מהדרין' נתניה - כסלו תשפו.pdf | ענף: פיצריות | מיקום משוער לפי עיר; ניתן לתקן במפה.","2026-04-17T00:00:00.000Z","32.326215","34.841003","dairy","058-3275327",""
"r_83cde4d70941bb","פיצוחים פיצוחי אדמתי חנות המפעל המסגר","14 נתניה","נתניה","Mehadrin","h_d6e6f7efe6c151","m_aa35137e731448","לא צוין","2026-12-31T00:00:00.000Z","ok","rb_d7d851974986cf","מקור: רשימת עסקים בד''ץ 'בהידור הכשדרות' ו'מהדרין' נתניה - כסלו תשפו.pdf | ענף: פיצריות | מיקום משוער לפי עיר; ניתן לתקן במפה.","2026-04-17T00:00:00.000Z","32.336885","34.858658","pareve","09-8872465",""
"r_77ffd006428f29","פירות וירקות אושר עד / נעימי","טום לנטוס 60","נתניה","Mehadrin","h_d6e6f7efe6c151","m_b70f5655ae2948","לא צוין","2026-12-31T00:00:00.000Z","ok","rb_d7d851974986cf","מקור: רשימת עסקים בד''ץ 'בהידור הכשדרות' ו'מהדרין' נתניה - כסלו תשפו.pdf | ענף: פיצריות | מיקום משוער לפי עיר; ניתן לתקן במפה.","2026-04-17T00:00:00.000Z","32.306138","34.848305","pareve","076-8899999",""
"r_1f64b1c0bba4cb","דן סיטון פרימויום פירות וירקות","האומנות 18","נתניה","Mehadrin","h_d6e6f7efe6c151","m_71d1d900bc9e16","לא צוין","2026-12-31T00:00:00.000Z","ok","rb_d7d851974986cf","מקור: רשימת עסקים בד''ץ 'בהידור הכשדרות' ו'מהדרין' נתניה - כסלו תשפו.pdf | ענף: פיצריות | מיקום משוער לפי עיר; ניתן לתקן במפה.","2026-04-17T00:00:00.000Z","32.334019","34.860524","pareve","052-2733111",""
"r_6d7175fa072077","פינת הפרי והירק","שד' בנימין 20","נתניה","Mehadrin","h_d6e6f7efe6c151","m_cd7381ad9691c7","לא צוין","2026-12-31T00:00:00.000Z","ok","rb_d7d851974986cf","מקור: רשימת עסקים בד''ץ 'בהידור הכשדרות' ו'מהדרין' נתניה - כסלו תשפו.pdf | ענף: פיצריות | מיקום משוער לפי עיר; ניתן לתקן במפה.","2026-04-17T00:00:00.000Z","32.315632","34.857656","pareve","09-8348671",""
"r_d68c1546b4d92f","ש.ב. שיווק פירות וירקות","הפלדה 8","נתניה","Mehadrin","h_d6e6f7efe6c151","m_4c7face9e05bc5","לא צוין","2026-12-31T00:00:00.000Z","ok","rb_d7d851974986cf","מקור: רשימת עסקים בד''ץ 'בהידור הכשדרות' ו'מהדרין' נתניה - כסלו תשפו.pdf | ענף: פיצריות | מיקום משוער לפי עיר; ניתן לתקן במפה.","2026-04-17T00:00:00.000Z","32.307389","34.866319","pareve","054-5869300",""
"r_dcafafdeb33294","ויקטורי","האורזים 4","נתניה","Mehadrin","h_d6e6f7efe6c151","m_c589bcbd86aaaa","לא צוין","2026-12-31T00:00:00.000Z","ok","rb_d7d851974986cf","מקור: רשימת עסקים בד''ץ 'בהידור הכשדרות' ו'מהדרין' נתניה - כסלו תשפו.pdf | ענף: פיצריות | מיקום משוער לפי עיר; ניתן לתקן במפה.","2026-04-17T00:00:00.000Z","32.330918","34.863968","pareve","074-7157176",""
"r_801517044a0e0d","יוחננוף / הדרים","האורזים 2","נתניה","Mehadrin","h_d6e6f7efe6c151","m_dd732c42d654c4","לא צוין","2026-12-31T00:00:00.000Z","ok","rb_d7d851974986cf","מקור: רשימת עסקים בד''ץ 'בהידור הכשדרות' ו'מהדרין' נתניה - כסלו תשפו.pdf | ענף: פיצריות | מיקום משוער לפי עיר; ניתן לתקן במפה.","2026-04-17T00:00:00.000Z","32.317778","34.84607","pareve","053-7002121",""
"r_69a9a8710fa033","יוחננוף/ צורן הצורן","2 053-702121","נתניה","Mehadrin","h_d6e6f7efe6c151","m_debb77cf86503e","לא צוין","2026-12-31T00:00:00.000Z","ok","rb_d7d851974986cf","מקור: רשימת עסקים בד''ץ 'בהידור הכשדרות' ו'מהדרין' נתניה - כסלו תשפו.pdf | ענף: פיצריות | מיקום משוער לפי עיר; ניתן לתקן במפה.","2026-04-17T00:00:00.000Z","32.320088","34.85933","pareve","055-6605959",""
"r_1fbaf3f1cb81cf","סופר בונוס","פינסקר 17","נתניה","Mehadrin","h_d6e6f7efe6c151","m_47a1561afc8239","לא צוין","2026-12-31T00:00:00.000Z","ok","rb_d7d851974986cf","מקור: רשימת עסקים בד''ץ 'בהידור הכשדרות' ו'מהדרין' נתניה - כסלו תשפו.pdf | ענף: פיצריות | מיקום משוער לפי עיר; ניתן לתקן במפה.","2026-04-17T00:00:00.000Z","32.324133","34.86127","pareve","076-8177777",""
"r_86373536194960","רמי לוי / המחקר","המחקר 2","נתניה","Mehadrin","h_d6e6f7efe6c151","m_e12473e6e54e14","לא צוין","2026-12-31T00:00:00.000Z","ok","rb_d7d851974986cf","מקור: רשימת עסקים בד''ץ 'בהידור הכשדרות' ו'מהדרין' נתניה - כסלו תשפו.pdf | ענף: פיצריות | מיקום משוער לפי עיר; ניתן לתקן במפה.","2026-04-17T00:00:00.000Z","32.310343","34.855558","pareve","09-9662200",""
"r_5c0ed76b61e29b","שופרסל דיל","הקדר 4","נתניה","Mehadrin","h_d6e6f7efe6c151","m_9811a5c68d2318","לא צוין","2026-12-31T00:00:00.000Z","ok","rb_d7d851974986cf","מקור: רשימת עסקים בד''ץ 'בהידור הכשדרות' ו'מהדרין' נתניה - כסלו תשפו.pdf | ענף: פיצריות | מיקום משוער לפי עיר; ניתן לתקן במפה.","2026-04-17T00:00:00.000Z","32.335066","34.862926","pareve","09-7996169",""
"r_8f939b491ff5bf","מעדניות זול למהדרין המעדניה","אחד העם 22","נתניה","Mehadrin","h_d6e6f7efe6c151","m_dd732c42d654c4","לא צוין","2026-12-31T00:00:00.000Z","ok","rb_d7d851974986cf","מקור: רשימת עסקים בד''ץ 'בהידור הכשדרות' ו'מהדרין' נתניה - כסלו תשפו.pdf | ענף: פיצריות | מיקום משוער לפי עיר; ניתן לתקן במפה.","2026-04-17T00:00:00.000Z","32.321807","34.848871","pareve","09-7604422",""
"r_0d674dcda0aa69","חנויות מזון ציפי קייק","אורט 14","נתניה","Mehadrin","h_d6e6f7efe6c151","m_5f5e26788cc53d","לא צוין","2026-12-31T00:00:00.000Z","ok","rb_d7d851974986cf","מקור: רשימת עסקים בד''ץ 'בהידור הכשדרות' ו'מהדרין' נתניה - כסלו תשפו.pdf | ענף: פיצריות | מיקום משוער לפי עיר; ניתן לתקן במפה.","2026-04-17T00:00:00.000Z","32.321125","34.84698","pareve","052-3669449",""
"r_baf6c92f7e5885","אולמות אולמי אלמורה","שולמית 2","נתניה","Mehadrin","h_d6e6f7efe6c151","m_5f5e26788cc53d","לא צוין","2026-12-31T00:00:00.000Z","ok","rb_d7d851974986cf","מקור: רשימת עסקים בד''ץ 'בהידור הכשדרות' ו'מהדרין' נתניה - כסלו תשפו.pdf | ענף: פיצריות | מיקום משוער לפי עיר; ניתן לתקן במפה.","2026-04-17T00:00:00.000Z","32.304812","34.85673","pareve","09-8350440",""
"r_202adc1919604c","קצבי ות נתיב החסד / האר""י","האר""י 20","נתניה","Mehadrin","h_d6e6f7efe6c151","m_ac4d97a5f3cb7a","לא צוין","2026-12-31T00:00:00.000Z","ok","rb_d7d851974986cf","מקור: רשימת עסקים בד''ץ 'בהידור הכשדרות' ו'מהדרין' נתניה - כסלו תשפו.pdf | ענף: פיצריות | מיקום משוער לפי עיר; ניתן לתקן במפה.","2026-04-17T00:00:00.000Z","32.337277","34.848633","pareve","052-8702597",""
"r_b0724d398699f6","סופר בונוס בקר וטלה טרי בלבד","פינסקר 17","נתניה","Mehadrin","h_d6e6f7efe6c151","m_67adcc5080965c","לא צוין","2026-12-31T00:00:00.000Z","ok","rb_d7d851974986cf","מקור: רשימת עסקים בד''ץ 'בהידור הכשדרות' ו'מהדרין' נתניה - כסלו תשפו.pdf | ענף: פיצריות | מיקום משוער לפי עיר; ניתן לתקן במפה.","2026-04-17T00:00:00.000Z","32.328191","34.846901","pareve","1-700-557773",""
"r_ee64e81576d649","מסעדת כמיסה","פארק תעשייה דלתון","דלתון","Mehadrin","h_0dc7b871049d03","m_import_default","לא צוין","2026-04-30T00:00:00.000Z","warning","rb_288e8a3c167cd5","מקור: �מאגר_מסעדות_לאנש_חבד_ניסן_התשפה.pdf | מסעדת כמיסה - פארק תעשייה דלתון, בשרי, העדה החרדית | מיקום משוער לפי עיר; ניתן לתקן במפה.","2026-04-17T00:00:00.000Z","33.013707","35.502494","meat","",""
"r_7bda933ec9ba4f","בית האופ ים","ארלוזורוב 10","חיפה","Mehadrin","h_943fe3047147c3","m_import_default","לא צוין","2026-04-30T00:00:00.000Z","warning","rb_fc139a1e3119ee","מקור: �מאגר_מסעדות_לאנש_חבד_ניסן_התשפה.pdf | בית האופ ים – ארלוזורוב 10, פרווה, לנדא | מיקום משוער לפי עיר; ניתן לתקן במפה.","2026-04-17T00:00:00.000Z","32.795428","34.975849","pareve","",""
"r_3b0c12f3b4b42c","מטעמים","מיכאל 7","חיפה","Mehadrin","h_943fe3047147c3","m_import_default","לא צוין","2026-04-30T00:00:00.000Z","warning","rb_fc139a1e3119ee","מקור: �מאגר_מסעדות_לאנש_חבד_ניסן_התשפה.pdf | מטעמים - מיכאל 7, פרווה, לנדא | מיקום משוער לפי עיר; ניתן לתקן במפה. | מטעמים - מיכאל 7, בשרי, לנדא","2026-04-17T00:00:00.000Z","32.788178","34.982363","pareve","",""
"r_8ed60e34c91328","מאפיית אריאל","סירקין 36","חיפה","Mehadrin","h_0dc7b871049d03","m_import_default","לא צוין","2026-04-30T00:00:00.000Z","warning","rb_288e8a3c167cd5","מקור: �מאגר_מסעדות_לאנש_חבד_ניסן_התשפה.pdf | מאפיית אריאל - סירקין 36, פרווה, העדה החרדית | מיקום משוער לפי עיר; ניתן לתקן במפה.","2026-04-17T00:00:00.000Z","32.809711","35.000739","pareve","",""
"r_b9a480a2a60e9b","מאפיית אריאל","חניתה 26","חיפה","Mehadrin","h_0dc7b871049d03","m_import_default","לא צוין","2026-04-30T00:00:00.000Z","warning","rb_288e8a3c167cd5","מקור: �מאגר_מסעדות_לאנש_חבד_ניסן_התשפה.pdf | מאפיית אריאל - חניתה 26, פרווה, העדה החרדית | מיקום משוער לפי עיר; ניתן לתקן במפה.","2026-04-17T00:00:00.000Z","32.780821","34.999654","pareve","",""
"r_254101553f49bc","מאפיית אריאל","חלוצי התעשייה 126","חיפה","Mehadrin","h_0dc7b871049d03","m_import_default","לא צוין","2026-04-30T00:00:00.000Z","warning","rb_288e8a3c167cd5","מקור: �מאגר_מסעדות_לאנש_חבד_ניסן_התשפה.pdf | מאפיית אריאל - חלוצי התעשייה 126, פרווה, העדה החרדית | מיקום משוער לפי עיר; ניתן לתקן במפה.","2026-04-17T00:00:00.000Z","32.802813","34.984564","pareve","",""
"r_4ed8bfa4698eec","מאפיית ברכת משה","טרומפלדור 1","חיפה","Mehadrin","h_0dc7b871049d03","m_import_default","לא צוין","2026-04-30T00:00:00.000Z","warning","rb_288e8a3c167cd5","מקור: �מאגר_מסעדות_לאנש_חבד_ניסן_התשפה.pdf | מאפיית ברכת משה - טרומפלדור 1, פרווה, העדה החרדית | מיקום משוער לפי עיר; ניתן לתקן במפה.","2026-04-17T00:00:00.000Z","32.792372","34.99525","pareve","",""
"r_6ed801b81feab7","פיצה סטורי","חניתה 40 א","חיפה","Mehadrin","h_943fe3047147c3","m_import_default","לא צוין","2026-04-30T00:00:00.000Z","warning","rb_fc139a1e3119ee","מקור: �מאגר_מסעדות_לאנש_חבד_ניסן_התשפה.pdf | פיצה סטורי – חניתה 40 א, חלבי, לנדא | מיקום משוער לפי עיר; ניתן לתקן במפה.","2026-04-17T00:00:00.000Z","32.796935","34.973872","dairy","",""
"r_434e748820e862","פיצה שמש","גאולה 31","חיפה","Mehadrin","h_0dc7b871049d03","m_import_default","לא צוין","2026-04-30T00:00:00.000Z","warning","rb_288e8a3c167cd5","מקור: �מאגר_מסעדות_לאנש_חבד_ניסן_התשפה.pdf | פיצה שמש - גאולה 31, חלבי, העדה החרדית | מיקום משוער לפי עיר; ניתן לתקן במפה.","2026-04-17T00:00:00.000Z","32.785407","35.00602","dairy","",""
"r_42364cf865a4f5","פיצה פלוס","בר כוכבא 7","חיפה","Mehadrin","h_0dc7b871049d03","m_import_default","לא צוין","2026-04-30T00:00:00.000Z","warning","rb_288e8a3c167cd5","מקור: �מאגר_מסעדות_לאנש_חבד_ניסן_התשפה.pdf | פיצה פלוס – בר כוכבא 7, חלבי, העדה החרדית | מיקום משוער לפי עיר; ניתן לתקן במפה.","2026-04-17T00:00:00.000Z","32.806842","34.989982","dairy","",""
"r_47c855aece9b0c","פלאפל ירושלמי","בר כוכבא 10","חיפה","Mehadrin","h_0dc7b871049d03","m_import_default","לא צוין","2026-04-30T00:00:00.000Z","warning","rb_288e8a3c167cd5","מקור: �מאגר_מסעדות_לאנש_חבד_ניסן_התשפה.pdf | פלאפל ירושלמי - בר כוכבא 10, פרווה/ בשרי, בד״ץ הרבנים (מוצרים - העדה החרדית ולנדא, בשרים - לנדא ) | מיקום משוער לפי עיר; ניתן לתקן במפה.","2026-04-17T00:00:00.000Z","32.788763","34.977791","meat","",""
"r_7fbf439897d08d","פלאפל ירושלמי","הרצל 62","חיפה","Mehadrin","h_0dc7b871049d03","m_import_default","לא צוין","2026-04-30T00:00:00.000Z","warning","rb_288e8a3c167cd5","מקור: �מאגר_מסעדות_לאנש_חבד_ניסן_התשפה.pdf | פלאפל ירושלמי - הרצל 62, פרווה/ בשרי, בד״ץ הרבנים (מוצרים - העדה החרדית ולנדא, בשרים - לנדא) | מיקום משוער לפי עיר; ניתן לתקן במפה.","2026-04-17T00:00:00.000Z","32.780439","34.983196","meat","",""
"r_b91c184bc97402","פיינע זאכן","הרב הרצוג 3","חיפה","Mehadrin","h_0dc7b871049d03","m_import_default","לא צוין","2026-04-30T00:00:00.000Z","warning","rb_288e8a3c167cd5","מקור: �מאגר_מסעדות_לאנש_חבד_ניסן_התשפה.pdf | פיינע זאכן - הרב הרצוג 3, בשרי, העדה החרדית | מיקום משוער לפי עיר; ניתן לתקן במפה.","2026-04-17T00:00:00.000Z","32.783661","35.000106","meat","",""
"r_4423273b8dfd95","הצ׳ולנטיאדה","הנגב 27","חיפה","Mehadrin","h_0dc7b871049d03","m_import_default","לא צוין","2026-04-30T00:00:00.000Z","warning","rb_288e8a3c167cd5","מקור: �מאגר_מסעדות_לאנש_חבד_ניסן_התשפה.pdf | הצ׳ולנטיאדה - הנגב 27, בשרי, בד״ץ הרבנים (מוצרים העדה החרדית ולנדא) | מיקום משוער לפי עיר; ניתן לתקן במפה.","2026-04-17T00:00:00.000Z","32.798786","34.982344","meat","",""
"r_322121724158af","יהללו","הרצוג 3","חיפה","Mehadrin","h_943fe3047147c3","m_import_default","לא צוין","2026-04-30T00:00:00.000Z","warning","rb_fc139a1e3119ee","מקור: �מאגר_מסעדות_לאנש_חבד_ניסן_התשפה.pdf | יהללו – הרצוג 3, בשרי, לנדא, 054-8061050 | מיקום משוער לפי עיר; ניתן לתקן במפה.","2026-04-17T00:00:00.000Z","32.802281","34.996222","meat","054-8061050",""
"r_22fafffb39b55b","מאפיית הודיה","יחד 20","חריש","Mehadrin","h_943fe3047147c3","m_import_default","לא צוין","2026-04-30T00:00:00.000Z","warning","rb_fc139a1e3119ee","מקור: �מאגר_מסעדות_לאנש_חבד_ניסן_התשפה.pdf | מאפיית הודיה - יחד 20, פרווה, לנדא | מיקום משוער לפי עיר; ניתן לתקן במפה.","2026-04-17T00:00:00.000Z","32.453151","35.036017","pareve","",""
"r_b9883c0fee4f68","פיצה שמש","דרך ארץ 41","חריש","Mehadrin","h_0dc7b871049d03","m_import_default","לא צוין","2026-04-30T00:00:00.000Z","warning","rb_288e8a3c167cd5","מקור: �מאגר_מסעדות_לאנש_חבד_ניסן_התשפה.pdf | פיצה שמש - דרך ארץ 41, חלבי, העדה החרדית | מיקום משוער לפי עיר; ניתן לתקן במפה.","2026-04-17T00:00:00.000Z","32.469154","35.053507","dairy","",""
"r_e579a44ff6367a","פיצה סטורי","דרך ארץ 58","חריש","Mehadrin","h_943fe3047147c3","m_import_default","לא צוין","2026-04-30T00:00:00.000Z","warning","rb_fc139a1e3119ee","מקור: �מאגר_מסעדות_לאנש_חבד_ניסן_התשפה.pdf | פיצה סטורי – דרך ארץ 58, חלבי, לנדא | מיקום משוער לפי עיר; ניתן לתקן במפה.","2026-04-17T00:00:00.000Z","32.471809","35.031708","dairy","",""
"r_3157a4c0595de3","מאפיית אליס","המשור 23","טבריה","Mehadrin","h_943fe3047147c3","m_import_default","לא צוין","2026-04-30T00:00:00.000Z","warning","rb_fc139a1e3119ee","מקור: �מאגר_מסעדות_לאנש_חבד_ניסן_התשפה.pdf | מאפיית אליס - המשור 23, פרווה, לנדא (רק הפרווה) | מיקום משוער לפי עיר; ניתן לתקן במפה.","2026-04-17T00:00:00.000Z","32.782175","35.546362","pareve","",""
"r_cedd79c91bcb6a","מאפיית הדר","וייצמן 2","טבריה","Mehadrin","h_943fe3047147c3","m_import_default","לא צוין","2026-04-30T00:00:00.000Z","warning","rb_fc139a1e3119ee","מקור: �מאגר_מסעדות_לאנש_חבד_ניסן_התשפה.pdf | מאפיית הדר - וייצמן 2, פרווה, לנדא | מיקום משוער לפי עיר; ניתן לתקן במפה.","2026-04-17T00:00:00.000Z","32.781232","35.540322","pareve","",""
"r_ddead56473c487","המאפייה של יוסי","אור חיים 1","טבריה","Mehadrin","h_0dc7b871049d03","m_import_default","לא צוין","2026-04-30T00:00:00.000Z","warning","rb_288e8a3c167cd5","מקור: �מאגר_מסעדות_לאנש_חבד_ניסן_התשפה.pdf | המאפייה של יוסי - אור חיים 1, פרווה, העדה החרדית | מיקום משוער לפי עיר; ניתן לתקן במפה.","2026-04-17T00:00:00.000Z","32.803058","35.538186","pareve","",""
"r_8601d0ea65f7c9","פיצה רצה מסעדת פקורינו","יצחק בן צבי 1","טבריה","Mehadrin","h_943fe3047147c3","m_import_default","לא צוין","2026-04-30T00:00:00.000Z","warning","rb_fc139a1e3119ee","מקור: �מאגר_מסעדות_לאנש_חבד_ניסן_התשפה.pdf | פיצה רצה מסעדת פקורינו – יצחק בן צבי 1, חלבי, לנדא | מיקום משוער לפי עיר; ניתן לתקן במפה.","2026-04-17T00:00:00.000Z","32.80131","35.529887","dairy","",""
"r_b1aeff74889f9a","אקסטרה פיצה","אלחדיף 5","טבריה","Mehadrin","h_0dc7b871049d03","m_import_default","לא צוין","2026-04-30T00:00:00.000Z","warning","rb_288e8a3c167cd5","מקור: �מאגר_מסעדות_לאנש_חבד_ניסן_התשפה.pdf | אקסטרה פיצה - אלחדיף 5, חלבי, העדה החרדית | מיקום משוער לפי עיר; ניתן לתקן במפה.","2026-04-17T00:00:00.000Z","32.795607","35.515816","dairy","",""
"r_5b18a5d2e99590","פיצה ברכת יוסף","יצחק בן צבי 28","טבריה","Mehadrin","h_0dc7b871049d03","m_import_default","לא צוין","2026-04-30T00:00:00.000Z","warning","rb_288e8a3c167cd5","מקור: �מאגר_מסעדות_לאנש_חבד_ניסן_התשפה.pdf | פיצה ברכת יוסף - יצחק בן צבי 28, חלבי, העדה החרדית | מיקום משוער לפי עיר; ניתן לתקן במפה.","2026-04-17T00:00:00.000Z","32.812827","35.54264","dairy","",""
"r_b0d9e86f24d163","מאמה מיה","מדרחוב הבנים 1","טבריה","Mehadrin","h_943fe3047147c3","m_import_default","לא צוין","2026-04-30T00:00:00.000Z","warning","rb_fc139a1e3119ee","מקור: �מאגר_מסעדות_לאנש_חבד_ניסן_התשפה.pdf | מאמה מיה - מדרחוב הבנים 1, חלבי, לנדא | מיקום משוער לפי עיר; ניתן לתקן במפה.","2026-04-17T00:00:00.000Z","32.804701","35.51489","dairy","",""
"r_f6f9637af3aa69","פיצה פלאפל בארכה","אבו חצירא 1","טבריה","Mehadrin","h_0dc7b871049d03","m_import_default","לא צוין","2026-04-30T00:00:00.000Z","warning","rb_288e8a3c167cd5","מקור: �מאגר_מסעדות_לאנש_חבד_ניסן_התשפה.pdf | פיצה פלאפל בארכה - אבו חצירא 1, חלבי, העדה החרדית | מיקום משוער לפי עיר; ניתן לתקן במפה.","2026-04-17T00:00:00.000Z","32.809045","35.5229","dairy","",""
"r_49f1fbecfbb2af","פיצה שמש דלישס","העצמאות 2","טבריה","Mehadrin","h_0dc7b871049d03","m_import_default","לא צוין","2026-04-30T00:00:00.000Z","warning","rb_288e8a3c167cd5","מקור: �מאגר_מסעדות_לאנש_חבד_ניסן_התשפה.pdf | פיצה שמש דלישס - העצמאות 2, חלבי, העדה החרדית | מיקום משוער לפי עיר; ניתן לתקן במפה.","2026-04-17T00:00:00.000Z","32.81272","35.525961","dairy","",""
"r_b598cc4d4d9062","שייק מיקס","אור חיים 1","טבריה","Mehadrin","h_0dc7b871049d03","m_import_default","לא צוין","2026-04-30T00:00:00.000Z","warning","rb_288e8a3c167cd5","מקור: �מאגר_מסעדות_לאנש_חבד_ניסן_התשפה.pdf | שייק מיקס - אור חיים 1, חלבי, העדה החרדית | מיקום משוער לפי עיר; ניתן לתקן במפה.","2026-04-17T00:00:00.000Z","32.793269","35.53617","dairy","",""
"r_33a323101de9bd","זאפטיג","ז'בוטינסקי 26","טבריה","Mehadrin","h_0dc7b871049d03","m_import_default","לא צוין","2026-04-30T00:00:00.000Z","warning","rb_288e8a3c167cd5","מקור: �מאגר_מסעדות_לאנש_חבד_ניסן_התשפה.pdf | זאפטיג - ז'בוטינסקי 26, בשרי, העדה החרדית | מיקום משוער לפי עיר; ניתן לתקן במפה.","2026-04-17T00:00:00.000Z","32.806903","35.539517","meat","",""
"r_8a8f5d81f1213c","טועמיה סירוטה","דרך מר""ן 7","טבריה","Mehadrin","h_0dc7b871049d03","m_import_default","לא צוין","2026-04-30T00:00:00.000Z","warning","rb_288e8a3c167cd5","מקור: �מאגר_מסעדות_לאנש_חבד_ניסן_התשפה.pdf | טועמיה סירוטה - דרך מר""ן 7, בשרי, העדה החרדית | מיקום משוער לפי עיר; ניתן לתקן במפה.","2026-04-17T00:00:00.000Z","32.795556","35.546657","meat","",""
"r_e9dee1af7d9901","אקסטרה פיצה","נשיאי ישראל 100","כרמיאל","Mehadrin","h_0dc7b871049d03","m_import_default","לא צוין","2026-04-30T00:00:00.000Z","warning","rb_288e8a3c167cd5","מקור: �מאגר_מסעדות_לאנש_חבד_ניסן_התשפה.pdf | אקסטרה פיצה - נשיאי ישראל 100, חלבי, העדה החרדית | מיקום משוער לפי עיר; ניתן לתקן במפה.","2026-04-17T00:00:00.000Z","32.902844","35.283199","dairy","",""
"r_049ef5d3fff7be","מאפיית פיצה לב השכונה","הפרחים 52","כרמיאל","Mehadrin","h_943fe3047147c3","m_import_default","לא צוין","2026-04-30T00:00:00.000Z","warning","rb_fc139a1e3119ee","מקור: �מאגר_מסעדות_לאנש_חבד_ניסן_התשפה.pdf | מאפיית פיצה לב השכונה - הפרחים 52, חלבי, לנדא | מיקום משוער לפי עיר; ניתן לתקן במפה.","2026-04-17T00:00:00.000Z","32.90752","35.275075","dairy","",""
"r_f2a90cddd570b9","מאפיית אריאל","שאול עמור 77","מגדל העמק","Mehadrin","h_0dc7b871049d03","m_import_default","לא צוין","2026-04-30T00:00:00.000Z","warning","rb_288e8a3c167cd5","מקור: �מאגר_מסעדות_לאנש_חבד_ניסן_התשפה.pdf | מאפיית אריאל - שאול עמור 77, פרווה, העדה החרדית | מיקום משוער לפי עיר; ניתן לתקן במפה.","2026-04-17T00:00:00.000Z","32.669311","35.239527","pareve","",""
"r_526bee2a453716","סושי דאברי","התימורים 7","מגדל העמק","Mehadrin","h_7c3ca4f927a2da","m_import_default","לא צוין","2026-04-30T00:00:00.000Z","warning","rb_96167aea894dc8","מקור: �מאגר_מסעדות_לאנש_חבד_ניסן_התשפה.pdf | סושי דאברי - התימורים 7, פרווה, הרב הענדל | מיקום משוער לפי עיר; ניתן לתקן במפה.","2026-04-17T00:00:00.000Z","32.663732","35.243531","pareve","",""
"r_70543cc23cbacd","פיצה אליטה סטורי","דרך העמק 5","מגדל העמק","Mehadrin","h_7c3ca4f927a2da","m_import_default","לא צוין","2026-04-30T00:00:00.000Z","warning","rb_96167aea894dc8","מקור: �מאגר_מסעדות_לאנש_חבד_ניסן_התשפה.pdf | פיצה אליטה סטורי - דרך העמק 5, חלבי, הרב הענדל | מיקום משוער לפי עיר; ניתן לתקן במפה.","2026-04-17T00:00:00.000Z","32.687527","35.233454","dairy","",""
"r_acc1064f88ebfc","מאפיית חלב חיטים","ב כניסה למירון","מירון","Mehadrin","h_0dc7b871049d03","m_import_default","לא צוין","2026-04-30T00:00:00.000Z","warning","rb_288e8a3c167cd5","מקור: �מאגר_מסעדות_לאנש_חבד_ניסן_התשפה.pdf | מאפיית חלב חיטים - ב כניסה למירון, פרווה, העדה החרדית | מיקום משוער לפי עיר; ניתן לתקן במפה.","2026-04-17T00:00:00.000Z","32.97889","35.425186","pareve","",""
"r_c82541f377094e","זאפטיג","הזוהר 1087","מירון","Mehadrin","h_0dc7b871049d03","m_import_default","לא צוין","2026-04-30T00:00:00.000Z","warning","rb_288e8a3c167cd5","מקור: �מאגר_מסעדות_לאנש_חבד_ניסן_התשפה.pdf | זאפטיג - הזוהר 1087, בשרי, העדה החרדית | מיקום משוער לפי עיר; ניתן לתקן במפה.","2026-04-17T00:00:00.000Z","32.97817","35.446044","meat","",""
"r_d06c54f20e727f","אורוקס","בכניסה למירון","מירון","Mehadrin","h_0dc7b871049d03","m_import_default","לא צוין","2026-04-30T00:00:00.000Z","warning","rb_288e8a3c167cd5","מקור: �מאגר_מסעדות_לאנש_חבד_ניסן_התשפה.pdf | אורוקס – בכניסה למירון, בשרי, העדה החרדית, 052-2202611 | מיקום משוער לפי עיר; ניתן לתקן במפה.","2026-04-17T00:00:00.000Z","32.984378","35.424029","meat","052-2202611",""
"r_3d085ced5056b4","פיצה קאפרי","שדרות הגעתון 20","נהריה","Mehadrin","h_7c3ca4f927a2da","m_import_default","לא צוין","2026-04-30T00:00:00.000Z","warning","rb_96167aea894dc8","מקור: �מאגר_מסעדות_לאנש_חבד_ניסן_התשפה.pdf | פיצה קאפרי – שדרות הגעתון 20, חלבי, רבנות מהדרין נהריה ובפיקוח בית חב""ד נהריה | מיקום משוער לפי עיר; ניתן לתקן במפה.","2026-04-17T00:00:00.000Z","33.023701","35.106943","dairy","",""
"r_8429df4e3bf6e3","מאפיית אריאל","עצמון 20","נוף הגליל","Mehadrin","h_0dc7b871049d03","m_import_default","לא צוין","2026-04-30T00:00:00.000Z","warning","rb_288e8a3c167cd5","מקור: �מאגר_מסעדות_לאנש_חבד_ניסן_התשפה.pdf | מאפיית אריאל - עצמון 20, פרווה, העדה החרדית | מיקום משוער לפי עיר; ניתן לתקן במפה.","2026-04-17T00:00:00.000Z","32.696599","35.293763","pareve","",""
"r_4a2a3b7aa1dc82","מאפיית ארץ חמדה טובה","האדמו""ר מבעלזא 4","נוף הגליל","Mehadrin","h_0dc7b871049d03","m_import_default","לא צוין","2026-04-30T00:00:00.000Z","warning","rb_288e8a3c167cd5","מקור: �מאגר_מסעדות_לאנש_חבד_ניסן_התשפה.pdf | מאפיית ארץ חמדה טובה - האדמו""ר מבעלזא 4, פרווה, העדה החרדית, 04-8867076 | מיקום משוער לפי עיר; ניתן לתקן במפה.","2026-04-17T00:00:00.000Z","32.69419","35.315938","pareve","04-8867076",""
"r_be3c3eaf7f45b1","פינה לק","האדמו""ר מבעלזא 6","נוף הגליל","Mehadrin","h_0dc7b871049d03","m_import_default","לא צוין","2026-04-30T00:00:00.000Z","warning","rb_288e8a3c167cd5","מקור: �מאגר_מסעדות_לאנש_חבד_ניסן_התשפה.pdf | פינה לק – האדמו""ר מבעלזא 6, חלבי, העדה החרדית, 04-6731277 | מיקום משוער לפי עיר; ניתן לתקן במפה.","2026-04-17T00:00:00.000Z","32.697416","35.289228","dairy","04-6731277",""
"r_5d67f098936fa8","פיצה סטורי","הלולב 25","נוף הגליל","Mehadrin","h_0dc7b871049d03","m_import_default","לא צוין","2026-04-30T00:00:00.000Z","warning","rb_288e8a3c167cd5","מקור: �מאגר_מסעדות_לאנש_חבד_ניסן_התשפה.pdf | פיצה סטורי - הלולב 25, חלבי, מהדרין נוף הגליל (מוצרים העדה החרדית ולנדא) | מיקום משוער לפי עיר; ניתן לתקן במפה.","2026-04-17T00:00:00.000Z","32.70708","35.300641","dairy","",""
"r_7d257917ebc917","פיצה בפארק","צומת ספסופה","ספסופה","Mehadrin","h_0dc7b871049d03","m_import_default","לא צוין","2026-04-30T00:00:00.000Z","warning","rb_288e8a3c167cd5","מקור: �מאגר_מסעדות_לאנש_חבד_ניסן_התשפה.pdf | פיצה בפארק – צומת ספסופה, חלבי, העדה החרדית, 050-9223332 | מיקום משוער לפי עיר; ניתן לתקן במפה.","2026-04-17T00:00:00.000Z","33.011967","35.431473","dairy","050-9223332",""
"r_88c3affc9410f9","מאפיית הרשב""י","הארז 60","עפולה","Mehadrin","h_943fe3047147c3","m_import_default","לא צוין","2026-04-30T00:00:00.000Z","warning","rb_fc139a1e3119ee","מקור: �מאגר_מסעדות_לאנש_חבד_ניסן_התשפה.pdf | מאפיית הרשב""י – הארז 60, פרווה, לנדא | מיקום משוער לפי עיר; ניתן לתקן במפה.","2026-04-17T00:00:00.000Z","32.602591","35.280288","pareve","",""
"r_151b3e033b48be","מאפיית ברכת משה","הנשיא וויצמן 17","עפולה","Mehadrin","h_0dc7b871049d03","m_import_default","לא צוין","2026-04-30T00:00:00.000Z","warning","rb_288e8a3c167cd5","מקור: �מאגר_מסעדות_לאנש_חבד_ניסן_התשפה.pdf | מאפיית ברכת משה - הנשיא וויצמן 17, פרווה, העדה החרדית | מיקום משוער לפי עיר; ניתן לתקן במפה.","2026-04-17T00:00:00.000Z","32.59506","35.283005","pareve","",""
"r_92b2f59648f325","פלאפל הנשיא","הנשיא וייצמן 10","עפולה","Mehadrin","h_0dc7b871049d03","m_import_default","לא צוין","2026-04-30T00:00:00.000Z","warning","rb_288e8a3c167cd5","מקור: �מאגר_מסעדות_לאנש_חבד_ניסן_התשפה.pdf | פלאפל הנשיא – הנשיא וייצמן 10, פרווה, רבנות עפולה (מוצרים העדה החרדית ולנדא) | מיקום משוער לפי עיר; ניתן לתקן במפה.","2026-04-17T00:00:00.000Z","32.609439","35.29435","pareve","",""
"r_8f88b4834d6228","פיצה שמש","משה שרת 3","עפולה","Mehadrin","h_943fe3047147c3","m_import_default","לא צוין","2026-04-30T00:00:00.000Z","warning","rb_fc139a1e3119ee","מקור: �מאגר_מסעדות_לאנש_חבד_ניסן_התשפה.pdf | פיצה שמש - משה שרת 3, חלבי, לנדא | מיקום משוער לפי עיר; ניתן לתקן במפה.","2026-04-17T00:00:00.000Z","32.615494","35.284731","dairy","",""
"r_e35d502de40164","פיצה סטורי","ארלוזורוב 18","עפולה","Mehadrin","h_0dc7b871049d03","m_import_default","לא צוין","2026-04-30T00:00:00.000Z","warning","rb_288e8a3c167cd5","מקור: �מאגר_מסעדות_לאנש_חבד_ניסן_התשפה.pdf | פיצה סטורי – ארלוזורוב 18, חלבי, רבנות עפולה (מוצרים העדה החרדית ולנדא) 04-8483392 | מיקום משוער לפי עיר; ניתן לתקן במפה.","2026-04-17T00:00:00.000Z","32.625365","35.292884","dairy","04-8483392",""
"r_67b7c842e8e8a3","פלאפל קליפורניה","ירושלים 84","צפת","Mehadrin","h_7c3ca4f927a2da","m_import_default","לא צוין","2026-04-30T00:00:00.000Z","warning","rb_96167aea894dc8","מקור: �מאגר_מסעדות_לאנש_חבד_ניסן_התשפה.pdf | פלאפל קליפורניה - ירושלים 84, פרווה, בד״ץ צפת | מיקום משוער לפי עיר; ניתן לתקן במפה.","2026-04-17T00:00:00.000Z","32.949296","35.488047","pareve","",""
"r_7f29add26a804f","פלאפל הצריף","חניון סיטי סנטר","צפת","Mehadrin","h_7c3ca4f927a2da","m_import_default","לא צוין","2026-04-30T00:00:00.000Z","warning","rb_96167aea894dc8","מקור: �מאגר_מסעדות_לאנש_חבד_ניסן_התשפה.pdf | פלאפל הצריף - חניון סיטי סנטר, פרווה, בד״ץ צפת | מיקום משוער לפי עיר; ניתן לתקן במפה.","2026-04-17T00:00:00.000Z","32.975638","35.505848","pareve","",""
"r_86bfa18a58b422","פלאפל יצחק","ירושלים 39","צפת","Mehadrin","h_7c3ca4f927a2da","m_import_default","לא צוין","2026-04-30T00:00:00.000Z","warning","rb_96167aea894dc8","מקור: �מאגר_מסעדות_לאנש_חבד_ניסן_התשפה.pdf | פלאפל יצחק - ירושלים 39, פרווה, בד״ץ צפת | מיקום משוער לפי עיר; ניתן לתקן במפה.","2026-04-17T00:00:00.000Z","32.979562","35.48005","pareve","",""
"r_26f127468f9964","פריקסה זהבה","ירושלים 26","צפת","Mehadrin","h_7c3ca4f927a2da","m_import_default","לא צוין","2026-04-30T00:00:00.000Z","warning","rb_96167aea894dc8","מקור: �מאגר_מסעדות_לאנש_חבד_ניסן_התשפה.pdf | פריקסה זהבה - ירושלים 26, פרווה, בד״ץ צפת | מיקום משוער לפי עיר; ניתן לתקן במפה.","2026-04-17T00:00:00.000Z","32.976515","35.480284","pareve","",""
"r_11b9f3f2caa87c","חטיפי תימן","האצ""ל 203","צפת","Mehadrin","h_7c3ca4f927a2da","m_import_default","לא צוין","2026-04-30T00:00:00.000Z","warning","rb_96167aea894dc8","מקור: �מאגר_מסעדות_לאנש_חבד_ניסן_התשפה.pdf | חטיפי תימן - האצ""ל 203, פרווה, בד״ץ צפת | מיקום משוער לפי עיר; ניתן לתקן במפה.","2026-04-17T00:00:00.000Z","32.973575","35.493427","pareve","",""
"r_e88c17b17c7a9d","מאפיית האופה","ההסתדרות 328","צפת","Mehadrin","h_7c3ca4f927a2da","m_import_default","לא צוין","2026-04-30T00:00:00.000Z","warning","rb_96167aea894dc8","מקור: �מאגר_מסעדות_לאנש_חבד_ניסן_התשפה.pdf | מאפיית האופה - ההסתדרות 328, פרווה, בד״ץ צפת | מיקום משוער לפי עיר; ניתן לתקן במפה.","2026-04-17T00:00:00.000Z","32.952451","35.479436","pareve","",""
"r_ea806c8af7b771","מאפיית אנג'ל","ירושלים 81","צפת","Mehadrin","h_7c3ca4f927a2da","m_import_default","לא צוין","2026-04-30T00:00:00.000Z","warning","rb_96167aea894dc8","מקור: �מאגר_מסעדות_לאנש_חבד_ניסן_התשפה.pdf | מאפיית אנג'ל - ירושלים 81, פרווה, בד״ץ צפת | מיקום משוער לפי עיר; ניתן לתקן במפה.","2026-04-17T00:00:00.000Z","32.971766","35.497425","pareve","",""
"r_3239beec3f48b1","מאפיית אריאל","ירושלים 76","צפת","Mehadrin","h_0dc7b871049d03","m_import_default","לא צוין","2026-04-30T00:00:00.000Z","warning","rb_288e8a3c167cd5","מקור: �מאגר_מסעדות_לאנש_חבד_ניסן_התשפה.pdf | מאפיית אריאל - ירושלים 76, פרווה, העדה החרדית | מיקום משוער לפי עיר; ניתן לתקן במפה.","2026-04-17T00:00:00.000Z","32.971759","35.499541","pareve","",""
"r_01ef331c9def71","מאפיית שבעה דגנים","הפלמ""ח 21","צפת","Mehadrin","h_0dc7b871049d03","m_import_default","לא צוין","2026-04-30T00:00:00.000Z","warning","rb_288e8a3c167cd5","מקור: �מאגר_מסעדות_לאנש_חבד_ניסן_התשפה.pdf | מאפיית שבעה דגנים - הפלמ""ח 21, פרווה, העדה החרדית | מיקום משוער לפי עיר; ניתן לתקן במפה.","2026-04-17T00:00:00.000Z","32.973115","35.495214","pareve","",""
"r_385579581ac120","מאפיית מאפה בעתיקה","ירושלים 17","צפת","Mehadrin","h_0dc7b871049d03","m_import_default","לא צוין","2026-04-30T00:00:00.000Z","warning","rb_288e8a3c167cd5","מקור: �מאגר_מסעדות_לאנש_חבד_ניסן_התשפה.pdf | מאפיית מאפה בעתיקה - ירושלים 17, פרווה, העדה החרדית | מיקום משוער לפי עיר; ניתן לתקן במפה.","2026-04-17T00:00:00.000Z","32.952226","35.483025","pareve","",""
"r_d33cd180e0cd9c","בוסלה","ויצמן 10","צפת","Mehadrin","h_943fe3047147c3","m_import_default","לא צוין","2026-04-30T00:00:00.000Z","warning","rb_fc139a1e3119ee","מקור: �מאגר_מסעדות_לאנש_חבד_ניסן_התשפה.pdf | בוסלה – ויצמן 10, פרווה, לנדא, 04-6040444 | מיקום משוער לפי עיר; ניתן לתקן במפה.","2026-04-17T00:00:00.000Z","32.952473","35.482541","pareve","04-6040444",""
"r_254888bf077c25","מאפיית בייקרי","מאור חיים 3","צפת","Mehadrin","h_0dc7b871049d03","m_import_default","לא צוין","2026-04-30T00:00:00.000Z","warning","rb_288e8a3c167cd5","מקור: �מאגר_מסעדות_לאנש_חבד_ניסן_התשפה.pdf | מאפיית בייקרי - מאור חיים 3, פרווה / חלבי, העדה החרדית | מיקום משוער לפי עיר; ניתן לתקן במפה.","2026-04-17T00:00:00.000Z","32.981465","35.486343","dairy","",""
"r_b8c9efe44bd8ce","המאפים של גיטי","ירושלים 35","צפת","Mehadrin","h_0dc7b871049d03","m_import_default","לא צוין","2026-04-30T00:00:00.000Z","warning","rb_288e8a3c167cd5","מקור: �מאגר_מסעדות_לאנש_חבד_ניסן_התשפה.pdf | המאפים של גיטי – ירושלים 35, חלבי, העדה החרדית | מיקום משוער לפי עיר; ניתן לתקן במפה.","2026-04-17T00:00:00.000Z","32.975217","35.508285","dairy","",""
"r_2f0d8657c643ff","מסעדת בית העוגות","מונטפיורי 20","צפת","Mehadrin","h_7c3ca4f927a2da","m_import_default","לא צוין","2026-04-30T00:00:00.000Z","warning","rb_96167aea894dc8","מקור: �מאגר_מסעדות_לאנש_חבד_ניסן_התשפה.pdf | מסעדת בית העוגות – מונטפיורי 20, חלבי, בד""ץ צפת | מיקום משוער לפי עיר; ניתן לתקן במפה.","2026-04-17T00:00:00.000Z","32.972464","35.503509","dairy","",""
"r_fa4d89e39a900b","פיצה סמייל לק","גיורא יוספטל 330","צפת","Mehadrin","h_0dc7b871049d03","m_import_default","לא צוין","2026-04-30T00:00:00.000Z","warning","rb_288e8a3c167cd5","מקור: �מאגר_מסעדות_לאנש_חבד_ניסן_התשפה.pdf | פיצה סמייל לק - גיורא יוספטל 330, חלבי, העדה החרדית | מיקום משוער לפי עיר; ניתן לתקן במפה.","2026-04-17T00:00:00.000Z","32.976502","35.488108","dairy","",""
"r_88c21524b6bfe6","בראנץ׳","ירושלים 24","צפת","Mehadrin","h_0dc7b871049d03","m_import_default","לא צוין","2026-04-30T00:00:00.000Z","warning","rb_288e8a3c167cd5","מקור: �מאגר_מסעדות_לאנש_חבד_ניסן_התשפה.pdf | בראנץ׳ - ירושלים 24, חלבי, העדה החרדית | מיקום משוער לפי עיר; ניתן לתקן במפה.","2026-04-17T00:00:00.000Z","32.974536","35.489257","dairy","",""
"r_a7f0e0c089d19d","פיצה שמש","ירושלים 81","צפת","Mehadrin","h_0dc7b871049d03","m_import_default","לא צוין","2026-04-30T00:00:00.000Z","warning","rb_288e8a3c167cd5","מקור: �מאגר_מסעדות_לאנש_חבד_ניסן_התשפה.pdf | פיצה שמש - ירושלים 81, חלבי, העדה החרדית | מיקום משוער לפי עיר; ניתן לתקן במפה.","2026-04-17T00:00:00.000Z","32.956758","35.489748","dairy","",""
"r_316112dd107854","קפה בגדד","ירושלים 61","צפת","Mehadrin","h_7c3ca4f927a2da","m_import_default","לא צוין","2026-04-30T00:00:00.000Z","warning","rb_96167aea894dc8","מקור: �מאגר_מסעדות_לאנש_חבד_ניסן_התשפה.pdf | קפה בגדד - ירושלים 61, חלבי, בד״ץ צפת | מיקום משוער לפי עיר; ניתן לתקן במפה.","2026-04-17T00:00:00.000Z","32.973655","35.504053","dairy","",""
"r_41db9ac73e31bd","פיצה נעם","ירושלים 47","צפת","Mehadrin","h_7c3ca4f927a2da","m_import_default","לא צוין","2026-04-30T00:00:00.000Z","warning","rb_96167aea894dc8","מקור: �מאגר_מסעדות_לאנש_חבד_ניסן_התשפה.pdf | פיצה נעם - ירושלים 47, חלבי, בד״ץ צפת | מיקום משוער לפי עיר; ניתן לתקן במפה.","2026-04-17T00:00:00.000Z","32.963203","35.510855","dairy","",""
"r_609dc3f571afa5","מיסטיק פיצה","הרבי מלובאוויטש 45","צפת","Mehadrin","h_7c3ca4f927a2da","m_import_default","לא צוין","2026-04-30T00:00:00.000Z","warning","rb_96167aea894dc8","מקור: �מאגר_מסעדות_לאנש_חבד_ניסן_התשפה.pdf | מיסטיק פיצה - הרבי מלובאוויטש 45, חלבי, בד״ץ צפת | מיקום משוער לפי עיר; ניתן לתקן במפה.","2026-04-17T00:00:00.000Z","32.969436","35.480887","dairy","",""
"r_15895d0e6aca72","פיצה אל פונטה","ירושלים 59","צפת","Mehadrin","h_7c3ca4f927a2da","m_import_default","לא צוין","2026-04-30T00:00:00.000Z","warning","rb_96167aea894dc8","מקור: �מאגר_מסעדות_לאנש_חבד_ניסן_התשפה.pdf | פיצה אל פונטה - ירושלים 59, חלבי, בד״ץ צפת | מיקום משוער לפי עיר; ניתן לתקן במפה.","2026-04-17T00:00:00.000Z","32.959964","35.480413","dairy","",""
"r_46d38332bbd627","גלידריה Joseph","ירושלים 91","צפת","Mehadrin","h_7c3ca4f927a2da","m_import_default","לא צוין","2026-04-30T00:00:00.000Z","warning","rb_96167aea894dc8","מקור: �מאגר_מסעדות_לאנש_חבד_ניסן_התשפה.pdf | גלידריה Joseph - ירושלים 91, חלבי, בד״ץ צפת | מיקום משוער לפי עיר; ניתן לתקן במפה.","2026-04-17T00:00:00.000Z","32.951454","35.490489","dairy","",""
"r_3992b1231db38d","מנדיס בייגלס","ירושלים 29","צפת","Mehadrin","h_0dc7b871049d03","m_import_default","לא צוין","2026-04-30T00:00:00.000Z","warning","rb_288e8a3c167cd5","מקור: �מאגר_מסעדות_לאנש_חבד_ניסן_התשפה.pdf | מנדיס בייגלס - ירושלים 29, חלבי, העדה החרדית | מיקום משוער לפי עיר; ניתן לתקן במפה.","2026-04-17T00:00:00.000Z","32.967855","35.488106","dairy","",""
"r_31f53b80ecd0c3","אקסטרה פיצה","ירושלים 114","צפת","Mehadrin","h_0dc7b871049d03","m_import_default","לא צוין","2026-04-30T00:00:00.000Z","warning","rb_288e8a3c167cd5","מקור: �מאגר_מסעדות_לאנש_חבד_ניסן_התשפה.pdf | אקסטרה פיצה - ירושלים 114, חלבי, העדה החרדית | מיקום משוער לפי עיר; ניתן לתקן במפה.","2026-04-17T00:00:00.000Z","32.95431","35.481682","dairy","",""
"r_c46927e08ec5c8","פיצה צפת","ירושלים 35","צפת","Mehadrin","h_0dc7b871049d03","m_import_default","לא צוין","2026-04-30T00:00:00.000Z","warning","rb_288e8a3c167cd5","מקור: �מאגר_מסעדות_לאנש_חבד_ניסן_התשפה.pdf | פיצה צפת - ירושלים 35, חלבי, העדה החרדית | מיקום משוער לפי עיר; ניתן לתקן במפה.","2026-04-17T00:00:00.000Z","32.956927","35.501496","dairy","",""
"r_f5457a9fee0794","יוסלה המבורגר","ירושלים 70","צפת","Mehadrin","h_7c3ca4f927a2da","m_import_default","לא צוין","2026-04-30T00:00:00.000Z","warning","rb_96167aea894dc8","מקור: �מאגר_מסעדות_לאנש_חבד_ניסן_התשפה.pdf | יוסלה המבורגר – ירושלים 70, בשרי, בד""ץ צפת, 04-8732666 | מיקום משוער לפי עיר; ניתן לתקן במפה.","2026-04-17T00:00:00.000Z","32.974511","35.483439","meat","04-8732666",""
"r_3b98bfe4667688","הקריספיה","ירושלים 19","צפת","Mehadrin","h_7c3ca4f927a2da","m_import_default","לא צוין","2026-04-30T00:00:00.000Z","warning","rb_96167aea894dc8","מקור: �מאגר_מסעדות_לאנש_חבד_ניסן_התשפה.pdf | הקריספיה - ירושלים 19, בשרי, בד״ץ צפת | מיקום משוער לפי עיר; ניתן לתקן במפה.","2026-04-17T00:00:00.000Z","32.977277","35.486606","meat","",""
"r_b0b608b1a421d5","סושי שיטאקי","ירושלים 53","צפת","Mehadrin","h_7c3ca4f927a2da","m_import_default","לא צוין","2026-04-30T00:00:00.000Z","warning","rb_96167aea894dc8","מקור: �מאגר_מסעדות_לאנש_חבד_ניסן_התשפה.pdf | סושי שיטאקי - ירושלים 53, סושי ובשרי, בד״ץ צפת | מיקום משוער לפי עיר; ניתן לתקן במפה.","2026-04-17T00:00:00.000Z","32.973439","35.484522","meat","",""
"r_e82f0d1f034041","הפלאפל של שלום","לוחמי הגטאות 9","צפת","Mehadrin","h_7c3ca4f927a2da","m_import_default","לא צוין","2026-04-30T00:00:00.000Z","warning","rb_96167aea894dc8","מקור: �מאגר_מסעדות_לאנש_חבד_ניסן_התשפה.pdf | הפלאפל של שלום - לוחמי הגטאות 9, בשרי, בד״ץ צפת | מיקום משוער לפי עיר; ניתן לתקן במפה.","2026-04-17T00:00:00.000Z","32.978642","35.486351","meat","",""
"r_0119760efe40e5","באשערט מנדיס","ירושלים 33","צפת","Mehadrin","h_0dc7b871049d03","m_import_default","לא צוין","2026-04-30T00:00:00.000Z","warning","rb_288e8a3c167cd5","מקור: �מאגר_מסעדות_לאנש_חבד_ניסן_התשפה.pdf | באשערט מנדיס - ירושלים 33, בשרי, העדה החרדית | מיקום משוער לפי עיר; ניתן לתקן במפה.","2026-04-17T00:00:00.000Z","32.959741","35.489675","meat","",""
"r_dcd94e9d4d69ea","השטעטל","הרצל 22","צפת","Mehadrin","h_0dc7b871049d03","m_import_default","לא צוין","2026-04-30T00:00:00.000Z","warning","rb_288e8a3c167cd5","מקור: �מאגר_מסעדות_לאנש_חבד_ניסן_התשפה.pdf | השטעטל - הרצל 22,בשרי, העדה החרדית | מיקום משוער לפי עיר; ניתן לתקן במפה.","2026-04-17T00:00:00.000Z","32.956117","35.503141","meat","",""
"r_d06a519c876ac4","פייער","שמעון בר יוחאי 1","צפת","Mehadrin","h_0dc7b871049d03","m_import_default","לא צוין","2026-04-30T00:00:00.000Z","warning","rb_288e8a3c167cd5","מקור: �מאגר_מסעדות_לאנש_חבד_ניסן_התשפה.pdf | פייער - שמעון בר יוחאי 1, בשרי, העדה החרדית | מיקום משוער לפי עיר; ניתן לתקן במפה.","2026-04-17T00:00:00.000Z","32.976819","35.482479","meat","",""
"r_3da25e2d4c8ea4","מסעדת הינדיק","דרך השוקולד 1","צפת","Mehadrin","h_0dc7b871049d03","m_import_default","לא צוין","2026-04-30T00:00:00.000Z","warning","rb_288e8a3c167cd5","מקור: �מאגר_מסעדות_לאנש_חבד_ניסן_התשפה.pdf | מסעדת הינדיק – דרך השוקולד 1, בשרי,העדה החרדית, 04-6766148 | מיקום משוער לפי עיר; ניתן לתקן במפה.","2026-04-17T00:00:00.000Z","32.962697","35.480207","meat","04-6766148",""
"r_3a117170733ac4","מאפיית ברכת משה","העצמאות 35","קריית אתא","Mehadrin","h_0dc7b871049d03","m_import_default","לא צוין","2026-04-30T00:00:00.000Z","warning","rb_288e8a3c167cd5","מקור: �מאגר_מסעדות_לאנש_חבד_ניסן_התשפה.pdf | מאפיית ברכת משה - העצמאות 35, פרווה, העדה החרדית | מיקום משוער לפי עיר; ניתן לתקן במפה.","2026-04-17T00:00:00.000Z","32.800803","35.111768","pareve","",""
"r_7a46a0a0559761","פלאפל איקאה","דרך חיפה 52","קריית אתא","Mehadrin","h_7c3ca4f927a2da","m_import_default","לא צוין","2026-04-30T00:00:00.000Z","warning","rb_96167aea894dc8","מקור: �מאגר_מסעדות_לאנש_חבד_ניסן_התשפה.pdf | פלאפל איקאה - דרך חיפה 52, פרווה, הרב דיסקין | מיקום משוער לפי עיר; ניתן לתקן במפה.","2026-04-17T00:00:00.000Z","32.802671","35.12019","pareve","",""
"r_3a4611d8db47a5","קפה גרג","העצמאות 57","קריית אתא","Mehadrin","h_7c3ca4f927a2da","m_import_default","לא צוין","2026-04-30T00:00:00.000Z","warning","rb_96167aea894dc8","מקור: �מאגר_מסעדות_לאנש_חבד_ניסן_התשפה.pdf | קפה גרג - העצמאות 57, חלבי, הרב דיסקין (תפריט חב״ד) | מיקום משוער לפי עיר; ניתן לתקן במפה.","2026-04-17T00:00:00.000Z","32.818949","35.117232","dairy","",""
"r_9f250ea3d66d12","פיצה פלוס","העצמאות 37","קריית אתא","Mehadrin","h_0dc7b871049d03","m_import_default","לא צוין","2026-04-30T00:00:00.000Z","warning","rb_288e8a3c167cd5","מקור: �מאגר_מסעדות_לאנש_חבד_ניסן_התשפה.pdf | פיצה פלוס - העצמאות 37, חלבי, העדה החרדית | מיקום משוער לפי עיר; ניתן לתקן במפה.","2026-04-17T00:00:00.000Z","32.812732","35.100805","dairy","",""
"r_27ace817b2b52d","פיצה פלאפל מילאנו","העצמאות 37","קריית אתא","Mehadrin","h_0dc7b871049d03","m_import_default","לא צוין","2026-04-30T00:00:00.000Z","warning","rb_288e8a3c167cd5","מקור: �מאגר_מסעדות_לאנש_חבד_ניסן_התשפה.pdf | פיצה פלאפל מילאנו - העצמאות 37, חלבי, העדה החרדית | מיקום משוער לפי עיר; ניתן לתקן במפה.","2026-04-17T00:00:00.000Z","32.797188","35.101705","dairy","",""
"r_f4a1b146eefefd","פיצה פצץ","חנקין 2","קריית אתא","Mehadrin","h_7c3ca4f927a2da","m_import_default","לא צוין","2026-04-30T00:00:00.000Z","warning","rb_96167aea894dc8","מקור: �מאגר_מסעדות_לאנש_חבד_ניסן_התשפה.pdf | פיצה פצץ – חנקין 2, הרב דיסקין | מיקום משוער לפי עיר; ניתן לתקן במפה.","2026-04-17T00:00:00.000Z","32.824612","35.099354","dairy","",""
"r_dd30bc9b22fbc4","פיצה סלינה","שדרות ח""ן 9","קריית ביאליק","Mehadrin","h_7c3ca4f927a2da","m_import_default","לא צוין","2026-04-30T00:00:00.000Z","warning","rb_96167aea894dc8","מקור: �מאגר_מסעדות_לאנש_חבד_ניסן_התשפה.pdf | פיצה סלינה – שדרות ח""ן 9, חלבי, הרב דרוקמן | מיקום משוער לפי עיר; ניתן לתקן במפה.","2026-04-17T00:00:00.000Z","32.815503","35.088056","dairy","",""
"r_5534fd1c8e0f50","פלאפל הגאולה","חרושת 30","קריית ביאליק","Mehadrin","h_7c3ca4f927a2da","m_import_default","לא צוין","2026-04-30T00:00:00.000Z","warning","rb_96167aea894dc8","מקור: �מאגר_מסעדות_לאנש_חבד_ניסן_התשפה.pdf | פלאפל הגאולה - חרושת 30, בשרי, הרב דרוקמן | מיקום משוער לפי עיר; ניתן לתקן במפה.","2026-04-17T00:00:00.000Z","32.842812","35.090686","meat","",""
"r_4327d1b3776da8","מאפיית ברכת משה","ירושלים 31","קריית ים","Mehadrin","h_0dc7b871049d03","m_import_default","לא צוין","2026-04-30T00:00:00.000Z","warning","rb_288e8a3c167cd5","מקור: �מאגר_מסעדות_לאנש_חבד_ניסן_התשפה.pdf | מאפיית ברכת משה - ירושלים 31, פרווה, העדה החרדית | מיקום משוער לפי עיר; ניתן לתקן במפה.","2026-04-17T00:00:00.000Z","32.855216","35.085828","pareve","",""
"r_6421c19f7ee847","מאפיית אריאל","משה שרת 2","קריית ים","Mehadrin","h_0dc7b871049d03","m_import_default","לא צוין","2026-04-30T00:00:00.000Z","warning","rb_288e8a3c167cd5","מקור: �מאגר_מסעדות_לאנש_חבד_ניסן_התשפה.pdf | מאפיית אריאל - משה שרת 2, פרווה, העדה החרדית | מיקום משוער לפי עיר; ניתן לתקן במפה.","2026-04-17T00:00:00.000Z","32.845372","35.078827","pareve","",""
"r_d3a3cf8ab4b49d","מאפיית אריאל","בן גוריון 82","קריית מוצקין","Mehadrin","h_0dc7b871049d03","m_import_default","לא צוין","2026-04-30T00:00:00.000Z","warning","rb_288e8a3c167cd5","מקור: �מאגר_מסעדות_לאנש_חבד_ניסן_התשפה.pdf | מאפיית אריאל - בן גוריון 82, פרווה, העדה החרדית | מיקום משוער לפי עיר; ניתן לתקן במפה.","2026-04-17T00:00:00.000Z","32.84351","35.073875","pareve","",""
"r_38086278796782","פיצה סטורי","ויצמן 6","קריית מוצקין","Mehadrin","h_943fe3047147c3","m_import_default","לא צוין","2026-04-30T00:00:00.000Z","warning","rb_fc139a1e3119ee","מקור: �מאגר_מסעדות_לאנש_חבד_ניסן_התשפה.pdf | פיצה סטורי – ויצמן 6, חלבי, לנדא | מיקום משוער לפי עיר; ניתן לתקן במפה.","2026-04-17T00:00:00.000Z","32.852263","35.062951","dairy","",""
"r_c7566d61e6e80f","פלאפל ברכת שמיים","משה חיים שפירא 49","קריית שמואל","Mehadrin","h_7c3ca4f927a2da","m_import_default","לא צוין","2026-04-30T00:00:00.000Z","warning","rb_96167aea894dc8","מקור: �מאגר_מסעדות_לאנש_חבד_ניסן_התשפה.pdf | פלאפל ברכת שמיים - משה חיים שפירא 49, פרווה, הרב דרוקמן | מיקום משוער לפי עיר; ניתן לתקן במפה.","2026-04-17T00:00:00.000Z","32.84957","35.062687","pareve","",""
"r_baf45a2c9ee782","מאפיית עטון","משה חיים שפירא 16","קריית שמואל","Mehadrin","h_7c3ca4f927a2da","m_import_default","לא צוין","2026-04-30T00:00:00.000Z","warning","rb_96167aea894dc8","מקור: �מאגר_מסעדות_לאנש_חבד_ניסן_התשפה.pdf | מאפיית עטון - משה חיים שפירא 16, פרווה, הרב דרוקמן | מיקום משוער לפי עיר; ניתן לתקן במפה.","2026-04-17T00:00:00.000Z","32.856025","35.081584","pareve","",""
"r_085dc3e8f2343f","פיצה פלוס","משה חיים שפירא 12","קריית שמואל","Mehadrin","h_7c3ca4f927a2da","m_import_default","לא צוין","2026-04-30T00:00:00.000Z","warning","rb_96167aea894dc8","מקור: �מאגר_מסעדות_לאנש_חבד_ניסן_התשפה.pdf | פיצה פלוס - משה חיים שפירא 12, חלבי, הרב דרוקמן | מיקום משוער לפי עיר; ניתן לתקן במפה.","2026-04-17T00:00:00.000Z","32.824101","35.081309","dairy","",""
"r_b78d267badc5dd","פרידמנ'ס","קדושי השואה 9","קריית שמואל","Mehadrin","h_7c3ca4f927a2da","m_import_default","לא צוין","2026-04-30T00:00:00.000Z","warning","rb_96167aea894dc8","מקור: �מאגר_מסעדות_לאנש_חבד_ניסן_התשפה.pdf | פרידמנ'ס – קדושי השואה 9, בשרי, הרב דרוקמן, 052-4538112 אזור המרכז | מיקום משוער לפי עיר; ניתן לתקן במפה.","2026-04-17T00:00:00.000Z","32.82851","35.078057","meat","052-4538112",""
"r_12da4bff2971e0","שבולת התקווה","דוד אלעזר 107","אור יהודה","Mehadrin","h_943fe3047147c3","m_import_default","לא צוין","2026-04-30T00:00:00.000Z","warning","rb_fc139a1e3119ee","מקור: �מאגר_מסעדות_לאנש_חבד_ניסן_התשפה.pdf | שבולת התקווה – דוד אלעזר 107, פרווה, לנדא | מיקום משוער לפי עיר; ניתן לתקן במפה.","2026-04-17T00:00:00.000Z","32.024625","34.835031","pareve","",""
"r_c4680cf6a1c2f8","פיצה הוליווד","מרדכי בן פורת 70","אור יהודה","Mehadrin","h_943fe3047147c3","m_import_default","לא צוין","2026-04-30T00:00:00.000Z","warning","rb_fc139a1e3119ee","מקור: �מאגר_מסעדות_לאנש_חבד_ניסן_התשפה.pdf | פיצה הוליווד – מרדכי בן פורת 70, חלבי, לנדא | מיקום משוער לפי עיר; ניתן לתקן במפה.","2026-04-17T00:00:00.000Z","32.026087","34.84593","dairy","",""
"r_d866ec90372d4b","מאפיית שובע שמחות","רבי שמואל הנגיד 4","אלעד","Mehadrin","h_943fe3047147c3","m_import_default","לא צוין","2026-04-30T00:00:00.000Z","warning","rb_fc139a1e3119ee","מקור: �מאגר_מסעדות_לאנש_חבד_ניסן_התשפה.pdf | מאפיית שובע שמחות - רבי שמואל הנגיד 4, פרווה, לנדא | מיקום משוער לפי עיר; ניתן לתקן במפה.","2026-04-17T00:00:00.000Z","32.06422","34.941396","pareve","",""
"r_90bde251f5f040","שמרים","יהודה הנשיא 94","אלעד","Mehadrin","h_943fe3047147c3","m_import_default","לא צוין","2026-04-30T00:00:00.000Z","warning","rb_fc139a1e3119ee","מקור: �מאגר_מסעדות_לאנש_חבד_ניסן_התשפה.pdf | שמרים – יהודה הנשיא 94, פרווה, לנדא | מיקום משוער לפי עיר; ניתן לתקן במפה.","2026-04-17T00:00:00.000Z","32.065351","34.964638","pareve","",""
"r_5d7807cdf66c9c","מאפיית יעלה","יהודה הנשיא 98","אלעד","Mehadrin","h_0dc7b871049d03","m_import_default","לא צוין","2026-04-30T00:00:00.000Z","warning","rb_288e8a3c167cd5","מקור: �מאגר_מסעדות_לאנש_חבד_ניסן_התשפה.pdf | מאפיית יעלה - יהודה הנשיא 98, פרווה, העדה החרדית | מיקום משוער לפי עיר; ניתן לתקן במפה.","2026-04-17T00:00:00.000Z","32.045029","34.949469","pareve","",""
"r_d8e1cffac05984","פיצה אליה","שמאי 1","אלעד","Mehadrin","h_0dc7b871049d03","m_import_default","לא צוין","2026-04-30T00:00:00.000Z","warning","rb_288e8a3c167cd5","מקור: �מאגר_מסעדות_לאנש_חבד_ניסן_התשפה.pdf | פיצה אליה - שמאי 1, חלבי, העדה החרדית | מיקום משוער לפי עיר; ניתן לתקן במפה.","2026-04-17T00:00:00.000Z","32.061955","34.936631","dairy","",""
"r_a93e7331ddfea8","פיצה שמש","יהודה הנשיא 94","אלעד","Mehadrin","h_0dc7b871049d03","m_import_default","לא צוין","2026-04-30T00:00:00.000Z","warning","rb_288e8a3c167cd5","מקור: �מאגר_מסעדות_לאנש_חבד_ניסן_התשפה.pdf | פיצה שמש - יהודה הנשיא 94, חלבי, העדה החרדית | מיקום משוער לפי עיר; ניתן לתקן במפה.","2026-04-17T00:00:00.000Z","32.063817","34.964908","dairy","",""
"r_66c18bb765d46d","פיצה סטורי","רבי שמעון בן שטח 8","אלעד","Mehadrin","h_0dc7b871049d03","m_import_default","לא צוין","2026-04-30T00:00:00.000Z","warning","rb_288e8a3c167cd5","מקור: �מאגר_מסעדות_לאנש_חבד_ניסן_התשפה.pdf | פיצה סטורי – רבי שמעון בן שטח 8, חלבי, העדה החרדית | מיקום משוער לפי עיר; ניתן לתקן במפה.","2026-04-17T00:00:00.000Z","32.036819","34.966829","dairy","",""
"r_c2a7dc3ba191ac","פינת הגלידה","יהודה הנשיא 94","אלעד","Mehadrin","h_943fe3047147c3","m_import_default","לא צוין","2026-04-30T00:00:00.000Z","warning","rb_fc139a1e3119ee","מקור: �מאגר_מסעדות_לאנש_חבד_ניסן_התשפה.pdf | פינת הגלידה - יהודה הנשיא 94, חלבי, לנדא | מיקום משוער לפי עיר; ניתן לתקן במפה.","2026-04-17T00:00:00.000Z","32.057016","34.935269","dairy","",""
"r_3ff3b36752e150","פינקולדה","שמאי 1","אלעד","Mehadrin","h_0dc7b871049d03","m_import_default","לא צוין","2026-04-30T00:00:00.000Z","warning","rb_288e8a3c167cd5","מקור: �מאגר_מסעדות_לאנש_חבד_ניסן_התשפה.pdf | פינקולדה - שמאי 1, חלבי, העדה החרדית | מיקום משוער לפי עיר; ניתן לתקן במפה.","2026-04-17T00:00:00.000Z","32.0685","34.946969","dairy","",""
"r_60571eb6e37602","פיצה שמש","הגפן 2","ב אר יעקב","Mehadrin","h_943fe3047147c3","m_import_default","לא צוין","2026-04-30T00:00:00.000Z","warning","rb_fc139a1e3119ee","מקור: �מאגר_מסעדות_לאנש_חבד_ניסן_התשפה.pdf | פיצה שמש – הגפן 2, חלבי, לנדא | מיקום משוער לפי עיר; ניתן לתקן במפה.","2026-04-17T00:00:00.000Z","31.937128","34.847783","dairy","",""
"r_ea0ba4e76296c5","מן הארץ","אהרונוביץ' 22","בני ברק","Mehadrin","h_943fe3047147c3","m_import_default","לא צוין","2026-04-30T00:00:00.000Z","warning","rb_fc139a1e3119ee","מקור: �מאגר_מסעדות_לאנש_חבד_ניסן_התשפה.pdf | מן הארץ - אהרונוביץ' 22, פרווה, לנדא | מיקום משוער לפי עיר; ניתן לתקן במפה.","2026-04-17T00:00:00.000Z","32.088921","34.823562","pareve","",""
"r_42121503f6f47a","ללא גלוטן","כהנמן 69","בני ברק","Mehadrin","h_943fe3047147c3","m_import_default","לא צוין","2026-04-30T00:00:00.000Z","warning","rb_fc139a1e3119ee","מקור: �מאגר_מסעדות_לאנש_חבד_ניסן_התשפה.pdf | ללא גלוטן – כהנמן 69, פרווה, לנדא | מיקום משוער לפי עיר; ניתן לתקן במפה.","2026-04-17T00:00:00.000Z","32.073637","34.832427","pareve","",""
"r_7c69539778ac25","לושי","כהנמן 92","בני ברק","Mehadrin","h_943fe3047147c3","m_import_default","לא צוין","2026-04-30T00:00:00.000Z","warning","rb_fc139a1e3119ee","מקור: �מאגר_מסעדות_לאנש_חבד_ניסן_התשפה.pdf | לושי – כהנמן 92, פרווה, לנדא | מיקום משוער לפי עיר; ניתן לתקן במפה.","2026-04-17T00:00:00.000Z","32.081817","34.820742","pareve","",""
"r_c76dea68e648fa","לוגסי","אבוחצירא 7","בני ברק","Mehadrin","h_943fe3047147c3","m_import_default","לא צוין","2026-04-30T00:00:00.000Z","warning","rb_fc139a1e3119ee","מקור: �מאגר_מסעדות_לאנש_חבד_ניסן_התשפה.pdf | לוגסי – אבוחצירא 7, פרווה, לנדא | מיקום משוער לפי עיר; ניתן לתקן במפה.","2026-04-17T00:00:00.000Z","32.095747","34.818417","pareve","",""
"r_0626b9fc91861a","כץ","רבי עקיבא 110","בני ברק","Mehadrin","h_943fe3047147c3","m_import_default","לא צוין","2026-04-30T00:00:00.000Z","warning","rb_fc139a1e3119ee","מקור: �מאגר_מסעדות_לאנש_חבד_ניסן_התשפה.pdf | כץ – רבי עקיבא 110, פרווה, לנדא | מיקום משוער לפי עיר; ניתן לתקן במפה.","2026-04-17T00:00:00.000Z","32.081363","34.841598","pareve","",""
"r_743a548f97b2e3","וינרס בייקרי","חזון איש 87","בני ברק","Mehadrin","h_943fe3047147c3","m_import_default","לא צוין","2026-04-30T00:00:00.000Z","warning","rb_fc139a1e3119ee","מקור: �מאגר_מסעדות_לאנש_חבד_ניסן_התשפה.pdf | וינרס בייקרי – חזון איש 87, פרווה, לנדא | מיקום משוער לפי עיר; ניתן לתקן במפה.","2026-04-17T00:00:00.000Z","32.065122","34.843095","pareve","",""
"r_9c88f064a74232","ויז'ניץ","שמשון הגיבור 7","בני ברק","Mehadrin","h_943fe3047147c3","m_import_default","לא צוין","2026-04-30T00:00:00.000Z","warning","rb_fc139a1e3119ee","מקור: �מאגר_מסעדות_לאנש_חבד_ניסן_התשפה.pdf | ויז'ניץ – שמשון הגיבור 7, פרווה, לנדא | מיקום משוער לפי עיר; ניתן לתקן במפה.","2026-04-17T00:00:00.000Z","32.067545","34.816634","pareve","",""
"r_708dc75b6862d2","מאפיית עיני","כהנמן 104","בני ברק","Mehadrin","h_0dc7b871049d03","m_import_default","לא צוין","2026-04-30T00:00:00.000Z","warning","rb_288e8a3c167cd5","מקור: �מאגר_מסעדות_לאנש_חבד_ניסן_התשפה.pdf | מאפיית עיני – כהנמן 104, פרווה, העדה החרדית | מיקום משוער לפי עיר; ניתן לתקן במפה.","2026-04-17T00:00:00.000Z","32.079281","34.821664","pareve","",""
"r_be9e5f05fc0d4e","מאפיית שובע שמחות","הרב נויפלד 15","בני ברק","Mehadrin","h_943fe3047147c3","m_import_default","לא צוין","2026-04-30T00:00:00.000Z","warning","rb_fc139a1e3119ee","מקור: �מאגר_מסעדות_לאנש_חבד_ניסן_התשפה.pdf | מאפיית שובע שמחות - הרב נויפלד 15, פרווה, לנדא | מיקום משוער לפי עיר; ניתן לתקן במפה.","2026-04-17T00:00:00.000Z","32.084776","34.83051","pareve","",""
"r_51c29df60a4d11","מאפיית שובע שמחות","הרב אברהם יצחק הכהן קוק 2","בני ברק","Mehadrin","h_943fe3047147c3","m_import_default","לא צוין","2026-04-30T00:00:00.000Z","warning","rb_fc139a1e3119ee","מקור: �מאגר_מסעדות_לאנש_חבד_ניסן_התשפה.pdf | מאפיית שובע שמחות - הרב אברהם יצחק הכהן קוק 2, פרווה, לנדא | מיקום משוער לפי עיר; ניתן לתקן במפה.","2026-04-17T00:00:00.000Z","32.095115","34.846473","pareve","",""
"r_0dd112a3b4e53b","מאפיית שובע שמחות","רבי עקיבא 131","בני ברק","Mehadrin","h_943fe3047147c3","m_import_default","לא צוין","2026-04-30T00:00:00.000Z","warning","rb_fc139a1e3119ee","מקור: �מאגר_מסעדות_לאנש_חבד_ניסן_התשפה.pdf | מאפיית שובע שמחות - רבי עקיבא 131, פרווה, לנדא | מיקום משוער לפי עיר; ניתן לתקן במפה.","2026-04-17T00:00:00.000Z","32.073683","34.823376","pareve","",""
"r_68171fcc1cafac","מאפיית שובע שמחות","שלמה המלך 31","בני ברק","Mehadrin","h_943fe3047147c3","m_import_default","לא צוין","2026-04-30T00:00:00.000Z","warning","rb_fc139a1e3119ee","מקור: �מאגר_מסעדות_לאנש_חבד_ניסן_התשפה.pdf | מאפיית שובע שמחות - שלמה המלך 31, פרווה, לנדא | מיקום משוער לפי עיר; ניתן לתקן במפה.","2026-04-17T00:00:00.000Z","32.076264","34.849891","pareve","",""
"r_031dd863967586","החיטה","ז'בוטינסקי 170","בני ברק","Mehadrin","h_943fe3047147c3","m_import_default","לא צוין","2026-04-30T00:00:00.000Z","warning","rb_fc139a1e3119ee","מקור: �מאגר_מסעדות_לאנש_חבד_ניסן_התשפה.pdf | החיטה - ז'בוטינסקי 170, פרווה, לנדא | מיקום משוער לפי עיר; ניתן לתקן במפה.","2026-04-17T00:00:00.000Z","32.097101","34.83209","pareve","",""
"r_07ae8991213f60","פלאפל הלל","ז'בוטינסקי 180","בני ברק","Mehadrin","h_943fe3047147c3","m_import_default","לא צוין","2026-04-30T00:00:00.000Z","warning","rb_fc139a1e3119ee","מקור: �מאגר_מסעדות_לאנש_חבד_ניסן_התשפה.pdf | פלאפל הלל - ז'בוטינסקי 180, פרווה, לנדא | מיקום משוער לפי עיר; ניתן לתקן במפה.","2026-04-17T00:00:00.000Z","32.080814","34.826038","pareve","",""
"r_1ef53629ac74a3","פלאפל לשובע","ז'בוטינסקי 129","בני ברק","Mehadrin","h_943fe3047147c3","m_import_default","לא צוין","2026-04-30T00:00:00.000Z","warning","rb_fc139a1e3119ee","מקור: �מאגר_מסעדות_לאנש_חבד_ניסן_התשפה.pdf | פלאפל לשובע - ז'בוטינסקי 129, פרווה, לנדא | מיקום משוער לפי עיר; ניתן לתקן במפה.","2026-04-17T00:00:00.000Z","32.07074","34.817454","pareve","",""
"r_47f806b30d160f","פלאפל עזרא","אהרונוביץ' 59","בני ברק","Mehadrin","h_943fe3047147c3","m_import_default","לא צוין","2026-04-30T00:00:00.000Z","warning","rb_fc139a1e3119ee","מקור: �מאגר_מסעדות_לאנש_חבד_ניסן_התשפה.pdf | פלאפל עזרא - אהרונוביץ' 59, פרווה, לנדא | מיקום משוער לפי עיר; ניתן לתקן במפה.","2026-04-17T00:00:00.000Z","32.07376","34.82629","pareve","",""
"r_2652ea2601e7c2","מאפיית פריך","רבי עקיבא 54","בני ברק","Mehadrin","h_0dc7b871049d03","m_import_default","לא צוין","2026-04-30T00:00:00.000Z","warning","rb_288e8a3c167cd5","מקור: �מאגר_מסעדות_לאנש_חבד_ניסן_התשפה.pdf | מאפיית פריך - רבי עקיבא 54, פרווה, העדה החרדית | מיקום משוער לפי עיר; ניתן לתקן במפה.","2026-04-17T00:00:00.000Z","32.072621","34.823623","pareve","",""
"r_2b3bb525fdbe25","המאפה הצרפתי","פוברסקי 5","בני ברק","Mehadrin","h_943fe3047147c3","m_import_default","לא צוין","2026-04-30T00:00:00.000Z","warning","rb_fc139a1e3119ee","מקור: �מאגר_מסעדות_לאנש_חבד_ניסן_התשפה.pdf | המאפה הצרפתי – פוברסקי 5, פרווה, לנדא | מיקום משוער לפי עיר; ניתן לתקן במפה.","2026-04-17T00:00:00.000Z","32.080184","34.848868","pareve","",""
"r_9df09ce2de466a","ברכת ארצינו","הרב לנדא 1","בני ברק","Mehadrin","h_943fe3047147c3","m_import_default","לא צוין","2026-04-30T00:00:00.000Z","warning","rb_fc139a1e3119ee","מקור: �מאגר_מסעדות_לאנש_חבד_ניסן_התשפה.pdf | ברכת ארצינו – הרב לנדא 1, פרווה, לנדא | מיקום משוער לפי עיר; ניתן לתקן במפה.","2026-04-17T00:00:00.000Z","32.085105","34.838287","pareve","",""
"r_df7edaa4eda70f","בוסקילה","חזון איש 31","בני ברק","Mehadrin","h_943fe3047147c3","m_import_default","לא צוין","2026-04-30T00:00:00.000Z","warning","rb_fc139a1e3119ee","מקור: �מאגר_מסעדות_לאנש_חבד_ניסן_התשפה.pdf | בוסקילה – חזון איש 31, פרווה, לנדא | מיקום משוער לפי עיר; ניתן לתקן במפה.","2026-04-17T00:00:00.000Z","32.093739","34.831215","pareve","",""
"r_b13954f7b9ef4b","מאפיית הצבי","הרב כהנמן 78","בני ברק","Mehadrin","h_943fe3047147c3","m_import_default","לא צוין","2026-04-30T00:00:00.000Z","warning","rb_fc139a1e3119ee","מקור: �מאגר_מסעדות_לאנש_חבד_ניסן_התשפה.pdf | מאפיית הצבי - הרב כהנמן 78, פרווה, לנדא | מיקום משוער לפי עיר; ניתן לתקן במפה.","2026-04-17T00:00:00.000Z","32.068186","34.838435","pareve","",""
"r_7f780d8b318892","מאפיית הצבי","רבי עקיבא 126","בני ברק","Mehadrin","h_943fe3047147c3","m_import_default","לא צוין","2026-04-30T00:00:00.000Z","warning","rb_fc139a1e3119ee","מקור: �מאגר_מסעדות_לאנש_חבד_ניסן_התשפה.pdf | מאפיית הצבי - רבי עקיבא 126, פרווה, לנדא | מיקום משוער לפי עיר; ניתן לתקן במפה.","2026-04-17T00:00:00.000Z","32.069711","34.851069","pareve","",""
"r_a7260ee7bec3de","מאפיית הצבי","ירושלים 21","בני ברק","Mehadrin","h_943fe3047147c3","m_import_default","לא צוין","2026-04-30T00:00:00.000Z","warning","rb_fc139a1e3119ee","מקור: �מאגר_מסעדות_לאנש_חבד_ניסן_התשפה.pdf | מאפיית הצבי – ירושלים 21, פרווה, לנדא | מיקום משוער לפי עיר; ניתן לתקן במפה.","2026-04-17T00:00:00.000Z","32.091052","34.8334","pareve","",""
"r_77bb4aba92b431","מאפיית הצבי","חזון איש 43","בני ברק","Mehadrin","h_943fe3047147c3","m_import_default","לא צוין","2026-04-30T00:00:00.000Z","warning","rb_fc139a1e3119ee","מקור: �מאגר_מסעדות_לאנש_חבד_ניסן_התשפה.pdf | מאפיית הצבי – חזון איש 43, פרווה, לנדא | מיקום משוער לפי עיר; ניתן לתקן במפה.","2026-04-17T00:00:00.000Z","32.093537","34.84729","pareve","",""
"r_4291eaf8a6a4f7","מאפיית הצבי","הצבי 5","בני ברק","Mehadrin","h_943fe3047147c3","m_import_default","לא צוין","2026-04-30T00:00:00.000Z","warning","rb_fc139a1e3119ee","מקור: �מאגר_מסעדות_לאנש_חבד_ניסן_התשפה.pdf | מאפיית הצבי – הצבי 5, פרווה, לנדא | מיקום משוער לפי עיר; ניתן לתקן במפה.","2026-04-17T00:00:00.000Z","32.086735","34.819043","pareve","",""
"r_4d720c72cd97af","מאפיית הצבי","אהרונוביץ' 10","בני ברק","Mehadrin","h_943fe3047147c3","m_import_default","לא צוין","2026-04-30T00:00:00.000Z","warning","rb_fc139a1e3119ee","מקור: �מאגר_מסעדות_לאנש_חבד_ניסן_התשפה.pdf | מאפיית הצבי – אהרונוביץ' 10, פרווה, לנדא | מיקום משוער לפי עיר; ניתן לתקן במפה.","2026-04-17T00:00:00.000Z","32.091886","34.830581","pareve","",""
"r_569267fb63d2c4","מאפיית הצבי","אהבת שלום 16","בני ברק","Mehadrin","h_943fe3047147c3","m_import_default","לא צוין","2026-04-30T00:00:00.000Z","warning","rb_fc139a1e3119ee","מקור: �מאגר_מסעדות_לאנש_חבד_ניסן_התשפה.pdf | מאפיית הצבי – אהבת שלום 16, פרווה, לנדא | מיקום משוער לפי עיר; ניתן לתקן במפה.","2026-04-17T00:00:00.000Z","32.097655","34.846816","pareve","",""
"r_b9bf6d154517c8","מאפיית הצבי","רבי עקיבא 46","בני ברק","Mehadrin","h_943fe3047147c3","m_import_default","לא צוין","2026-04-30T00:00:00.000Z","warning","rb_fc139a1e3119ee","מקור: �מאגר_מסעדות_לאנש_חבד_ניסן_התשפה.pdf | מאפיית הצבי - רבי עקיבא 46, פרווה, לנדא | מיקום משוער לפי עיר; ניתן לתקן במפה.","2026-04-17T00:00:00.000Z","32.080516","34.839285","pareve","",""
"r_f647d5bd64a102","מאפיית הצבי","רבי עקיבא 20","בני ברק","Mehadrin","h_943fe3047147c3","m_import_default","לא צוין","2026-04-30T00:00:00.000Z","warning","rb_fc139a1e3119ee","מקור: �מאגר_מסעדות_לאנש_חבד_ניסן_התשפה.pdf | מאפיית הצבי - רבי עקיבא 20, פרווה, לנדא | מיקום משוער לפי עיר; ניתן לתקן במפה.","2026-04-17T00:00:00.000Z","32.06891","34.836089","pareve","",""
"r_4c6b2e86a9c73a","מאפיית הצבי","רבי עקיבא 145","בני ברק","Mehadrin","h_943fe3047147c3","m_import_default","לא צוין","2026-04-30T00:00:00.000Z","warning","rb_fc139a1e3119ee","מקור: �מאגר_מסעדות_לאנש_חבד_ניסן_התשפה.pdf | מאפיית הצבי - רבי עקיבא 145, פרווה, לנדא | מיקום משוער לפי עיר; ניתן לתקן במפה.","2026-04-17T00:00:00.000Z","32.077602","34.822417","pareve","",""
"r_b3f512046f1f4d","המאפים של מאיה","ז'בוטינסקי 78","בני ברק","Mehadrin","h_943fe3047147c3","m_import_default","לא צוין","2026-04-30T00:00:00.000Z","warning","rb_fc139a1e3119ee","מקור: �מאגר_מסעדות_לאנש_חבד_ניסן_התשפה.pdf | המאפים של מאיה - ז'בוטינסקי 78, פרווה/ חלבי, לנדא | מיקום משוער לפי עיר; ניתן לתקן במפה.","2026-04-17T00:00:00.000Z","32.088033","34.846666","dairy","",""
"r_880daff08c5c1a","אטליוני","ירושלים 36","בני ברק","Mehadrin","h_943fe3047147c3","m_import_default","לא צוין","2026-04-30T00:00:00.000Z","warning","rb_fc139a1e3119ee","מקור: �מאגר_מסעדות_לאנש_חבד_ניסן_התשפה.pdf | אטליוני – ירושלים 36, חלבי, לנדא, 1-700-501-222 | מיקום משוער לפי עיר; ניתן לתקן במפה.","2026-04-17T00:00:00.000Z","32.07361","34.829853","dairy","",""
"r_85582ea8bca6ed","הבגט של יהודה","רבי עקיבא 17","בני ברק","Mehadrin","h_943fe3047147c3","m_import_default","לא צוין","2026-04-30T00:00:00.000Z","warning","rb_fc139a1e3119ee","מקור: �מאגר_מסעדות_לאנש_חבד_ניסן_התשפה.pdf | הבגט של יהודה - רבי עקיבא 17, חלבי, לנדא | מיקום משוער לפי עיר; ניתן לתקן במפה.","2026-04-17T00:00:00.000Z","32.096013","34.834495","dairy","",""
"r_766d966db8e85b","פיצה מילוס","ז'בוטינסקי 134","בני ברק","Mehadrin","h_943fe3047147c3","m_import_default","לא צוין","2026-04-30T00:00:00.000Z","warning","rb_fc139a1e3119ee","מקור: �מאגר_מסעדות_לאנש_חבד_ניסן_התשפה.pdf | פיצה מילוס – ז'בוטינסקי 134, חלבי, לנדא | מיקום משוער לפי עיר; ניתן לתקן במפה. | פיצה מילוס - ז'בוטינסקי 134, חלבי, לנדא","2026-04-17T00:00:00.000Z","32.077026","34.832752","dairy","",""
"r_a5f6d3d17906cf","פיצה אנג'ל בייקרי בארי","בארי 8","בני ברק","Mehadrin","h_0dc7b871049d03","m_import_default","לא צוין","2026-04-30T00:00:00.000Z","warning","rb_288e8a3c167cd5","מקור: �מאגר_מסעדות_לאנש_חבד_ניסן_התשפה.pdf | פיצה אנג'ל בייקרי בארי - בארי 8, חלבי, העדה החרדית | מיקום משוער לפי עיר; ניתן לתקן במפה.","2026-04-17T00:00:00.000Z","32.096671","34.827054","dairy","",""
"r_66cad45d6ad15f","פינת הגלידה","אהרונוביץ' 12","בני ברק","Mehadrin","h_943fe3047147c3","m_import_default","לא צוין","2026-04-30T00:00:00.000Z","warning","rb_fc139a1e3119ee","מקור: �מאגר_מסעדות_לאנש_חבד_ניסן_התשפה.pdf | פינת הגלידה - אהרונוביץ' 12, חלבי, לנדא | מיקום משוער לפי עיר; ניתן לתקן במפה.","2026-04-17T00:00:00.000Z","32.077067","34.837951","dairy","",""
"r_f48079778d07ae","פינת הגלידה","רבי עקיבא 67","בני ברק","Mehadrin","h_943fe3047147c3","m_import_default","לא צוין","2026-04-30T00:00:00.000Z","warning","rb_fc139a1e3119ee","מקור: �מאגר_מסעדות_לאנש_חבד_ניסן_התשפה.pdf | פינת הגלידה - רבי עקיבא 67, חלבי, לנדא | מיקום משוער לפי עיר; ניתן לתקן במפה.","2026-04-17T00:00:00.000Z","32.06663","34.823732","dairy","",""
"r_a44eb1997a3895","פינת הגלידה","כהנמן 107","בני ברק","Mehadrin","h_943fe3047147c3","m_import_default","לא צוין","2026-04-30T00:00:00.000Z","warning","rb_fc139a1e3119ee","מקור: �מאגר_מסעדות_לאנש_חבד_ניסן_התשפה.pdf | פינת הגלידה – כהנמן 107, חלבי, לנדא | מיקום משוער לפי עיר; ניתן לתקן במפה.","2026-04-17T00:00:00.000Z","32.068969","34.840846","dairy","",""
"r_c6e028a2bc76fc","פיצה ועוד בטאבון","ז'בוטינסקי 134","בני ברק","Mehadrin","h_943fe3047147c3","m_import_default","לא צוין","2026-04-30T00:00:00.000Z","warning","rb_fc139a1e3119ee","מקור: �מאגר_מסעדות_לאנש_חבד_ניסן_התשפה.pdf | פיצה ועוד בטאבון – ז'בוטינסקי 134, חלבי, לנדא | מיקום משוער לפי עיר; ניתן לתקן במפה.","2026-04-17T00:00:00.000Z","32.085344","34.834916","dairy","",""
"r_223a3970c3397d","פיצה רחל","בר יוחאי 4","בני ברק","Mehadrin","h_943fe3047147c3","m_import_default","לא צוין","2026-04-30T00:00:00.000Z","warning","rb_fc139a1e3119ee","מקור: �מאגר_מסעדות_לאנש_חבד_ניסן_התשפה.pdf | פיצה רחל - בר יוחאי 4, חלבי, לנדא | מיקום משוער לפי עיר; ניתן לתקן במפה.","2026-04-17T00:00:00.000Z","32.071185","34.822768","dairy","",""
"r_4ad51c4ea30dfc","פיצה לק","אמרי חיים 37","בני ברק","Mehadrin","h_943fe3047147c3","m_import_default","לא צוין","2026-04-30T00:00:00.000Z","warning","rb_fc139a1e3119ee","מקור: �מאגר_מסעדות_לאנש_חבד_ניסן_התשפה.pdf | פיצה לק – אמרי חיים 37, חלבי, לנדא | מיקום משוער לפי עיר; ניתן לתקן במפה.","2026-04-17T00:00:00.000Z","32.073109","34.820563","dairy","",""
"r_3c66d3bddd5296","פיצה פון","סוקולוב 2","בני ברק","Mehadrin","h_943fe3047147c3","m_import_default","לא צוין","2026-04-30T00:00:00.000Z","warning","rb_fc139a1e3119ee","מקור: �מאגר_מסעדות_לאנש_חבד_ניסן_התשפה.pdf | פיצה פון – סוקולוב 2, חלבי, לנדא | מיקום משוער לפי עיר; ניתן לתקן במפה.","2026-04-17T00:00:00.000Z","32.093578","34.837018","dairy","",""
"r_fbe782597107e9","פיצה קשת","סוקולוב 37","בני ברק","Mehadrin","h_943fe3047147c3","m_import_default","לא צוין","2026-04-30T00:00:00.000Z","warning","rb_fc139a1e3119ee","מקור: �מאגר_מסעדות_לאנש_חבד_ניסן_התשפה.pdf | פיצה קשת – סוקולוב 37, חלבי, לנדא | מיקום משוער לפי עיר; ניתן לתקן במפה.","2026-04-17T00:00:00.000Z","32.072315","34.836019","dairy","",""
"r_5a009ed6abf00a","פיצה קשת","רבי עקיבא 137","בני ברק","Mehadrin","h_943fe3047147c3","m_import_default","לא צוין","2026-04-30T00:00:00.000Z","warning","rb_fc139a1e3119ee","מקור: �מאגר_מסעדות_לאנש_חבד_ניסן_התשפה.pdf | פיצה קשת – רבי עקיבא 137, חלבי, לנדא | מיקום משוער לפי עיר; ניתן לתקן במפה.","2026-04-17T00:00:00.000Z","32.074751","34.829741","dairy","",""
"r_f0415db89e6717","פיצה קשת","רבי עקיבא 34","בני ברק","Mehadrin","h_943fe3047147c3","m_import_default","לא צוין","2026-04-30T00:00:00.000Z","warning","rb_fc139a1e3119ee","מקור: �מאגר_מסעדות_לאנש_חבד_ניסן_התשפה.pdf | פיצה קשת – רבי עקיבא 34, חלבי, לנדא | מיקום משוער לפי עיר; ניתן לתקן במפה.","2026-04-17T00:00:00.000Z","32.06673","34.848676","dairy","",""
"r_c1bca41c1dbe4c","חלבידו","ז'בוטינסקי 121","בני ברק","Mehadrin","h_943fe3047147c3","m_import_default","לא צוין","2026-04-30T00:00:00.000Z","warning","rb_fc139a1e3119ee","מקור: �מאגר_מסעדות_לאנש_חבד_ניסן_התשפה.pdf | חלבידו - ז'בוטינסקי 121, חלבי, לנדא | מיקום משוער לפי עיר; ניתן לתקן במפה.","2026-04-17T00:00:00.000Z","32.093991","34.82752","dairy","",""
"r_e9a0c49ce2a958","פיצה אורי","אהרונוביץ' 10","בני ברק","Mehadrin","h_943fe3047147c3","m_import_default","לא צוין","2026-04-30T00:00:00.000Z","warning","rb_fc139a1e3119ee","מקור: �מאגר_מסעדות_לאנש_חבד_ניסן_התשפה.pdf | פיצה אורי - אהרונוביץ' 10, חלבי, לנדא | מיקום משוער לפי עיר; ניתן לתקן במפה.","2026-04-17T00:00:00.000Z","32.079179","34.83137","dairy","",""
"r_2f35948e720986","אקסטרה פיצה","רבי עקיבא 91","בני ברק","Mehadrin","h_943fe3047147c3","m_import_default","לא צוין","2026-04-30T00:00:00.000Z","warning","rb_fc139a1e3119ee","מקור: �מאגר_מסעדות_לאנש_חבד_ניסן_התשפה.pdf | אקסטרה פיצה - רבי עקיבא 91, חלבי, לנדא | מיקום משוער לפי עיר; ניתן לתקן במפה.","2026-04-17T00:00:00.000Z","32.071497","34.846737","dairy","",""
"r_0e047f383eb8f9","מנטה בייגל","ירושלים 23","בני ברק","Mehadrin","h_943fe3047147c3","m_import_default","לא צוין","2026-04-30T00:00:00.000Z","warning","rb_fc139a1e3119ee","מקור: �מאגר_מסעדות_לאנש_חבד_ניסן_התשפה.pdf | מנטה בייגל - ירושלים 23, חלבי, לנדא | מיקום משוער לפי עיר; ניתן לתקן במפה.","2026-04-17T00:00:00.000Z","32.079992","34.836479","dairy","",""
"r_900e44bcf05258","מסעדת ג׳ורנו","ז'בוטינסקי 20","בני ברק","Mehadrin","h_943fe3047147c3","m_import_default","לא צוין","2026-04-30T00:00:00.000Z","warning","rb_fc139a1e3119ee","מקור: �מאגר_מסעדות_לאנש_חבד_ניסן_התשפה.pdf | מסעדת ג׳ורנו - ז'בוטינסקי 20, חלבי, לנדא | מיקום משוער לפי עיר; ניתן לתקן במפה.","2026-04-17T00:00:00.000Z","32.092913","34.842355","dairy","",""
"r_069a47b4a9b164","א גרויסע פיצה","כהנמן 64","בני ברק","Mehadrin","h_943fe3047147c3","m_import_default","לא צוין","2026-04-30T00:00:00.000Z","warning","rb_fc139a1e3119ee","מקור: �מאגר_מסעדות_לאנש_חבד_ניסן_התשפה.pdf | א גרויסע פיצה - כהנמן 64, חלבי, לנדא | מיקום משוער לפי עיר; ניתן לתקן במפה.","2026-04-17T00:00:00.000Z","32.074034","34.844044","dairy","",""
"r_b63aaf91db5fe7","שיבולת השרון","רבי עקיבא 1","בני ברק","Mehadrin","h_943fe3047147c3","m_import_default","לא צוין","2026-04-30T00:00:00.000Z","warning","rb_fc139a1e3119ee","מקור: �מאגר_מסעדות_לאנש_חבד_ניסן_התשפה.pdf | שיבולת השרון - רבי עקיבא 1, חלבי, לנדא | מיקום משוער לפי עיר; ניתן לתקן במפה.","2026-04-17T00:00:00.000Z","32.096562","34.828247","dairy","",""
"r_bdfcdf5493dc99","שיבולת השרון","רבי עקיבא 84","בני ברק","Mehadrin","h_943fe3047147c3","m_import_default","לא צוין","2026-04-30T00:00:00.000Z","warning","rb_fc139a1e3119ee","מקור: �מאגר_מסעדות_לאנש_חבד_ניסן_התשפה.pdf | שיבולת השרון - רבי עקיבא 84, חלבי, לנדא | מיקום משוער לפי עיר; ניתן לתקן במפה.","2026-04-17T00:00:00.000Z","32.07304","34.84587","dairy","",""
"r_ef9d393b721e32","פיצה שמש","כהנמן 104","בני ברק","Mehadrin","h_943fe3047147c3","m_import_default","לא צוין","2026-04-30T00:00:00.000Z","warning","rb_fc139a1e3119ee","מקור: �מאגר_מסעדות_לאנש_חבד_ניסן_התשפה.pdf | פיצה שמש - כהנמן 104, חלבי, לנדא | מיקום משוער לפי עיר; ניתן לתקן במפה.","2026-04-17T00:00:00.000Z","32.06591","34.84593","dairy","",""
"r_dc01ed31258ce4","פיצה שמש","ז'בוטינסקי 120","בני ברק","Mehadrin","h_943fe3047147c3","m_import_default","לא צוין","2026-04-30T00:00:00.000Z","warning","rb_fc139a1e3119ee","מקור: �מאגר_מסעדות_לאנש_חבד_ניסן_התשפה.pdf | פיצה שמש - ז'בוטינסקי 120, חלבי, לנדא | מיקום משוער לפי עיר; ניתן לתקן במפה.","2026-04-17T00:00:00.000Z","32.076293","34.837039","dairy","",""
"r_2ae303ce028c1c","פיצה שמש","רבי עקיבא 122","בני ברק","Mehadrin","h_943fe3047147c3","m_import_default","לא צוין","2026-04-30T00:00:00.000Z","warning","rb_fc139a1e3119ee","מקור: �מאגר_מסעדות_לאנש_חבד_ניסן_התשפה.pdf | פיצה שמש - רבי עקיבא 122, חלבי, לנדא | מיקום משוער לפי עיר; ניתן לתקן במפה.","2026-04-17T00:00:00.000Z","32.097675","34.819382","dairy","",""
"r_537caf0e8461e5","פיצה שמש","יצחק מאיר הכהן 4","בני ברק","Mehadrin","h_943fe3047147c3","m_import_default","לא צוין","2026-04-30T00:00:00.000Z","warning","rb_fc139a1e3119ee","מקור: �מאגר_מסעדות_לאנש_חבד_ניסן_התשפה.pdf | פיצה שמש - יצחק מאיר הכהן 4, חלבי, לנדא | מיקום משוער לפי עיר; ניתן לתקן במפה.","2026-04-17T00:00:00.000Z","32.071488","34.820042","dairy","",""
"r_c00219e2b0098c","פיצה שמש","ירושלים 18","בני ברק","Mehadrin","h_943fe3047147c3","m_import_default","לא צוין","2026-04-30T00:00:00.000Z","warning","rb_fc139a1e3119ee","מקור: �מאגר_מסעדות_לאנש_חבד_ניסן_התשפה.pdf | פיצה שמש - ירושלים 18, חלבי, לנדא | מיקום משוער לפי עיר; ניתן לתקן במפה.","2026-04-17T00:00:00.000Z","32.088846","34.832279","dairy","",""
"r_3ed02a0f26c42e","פיצה מקס","רבי עקיבא 68","בני ברק","Mehadrin","h_943fe3047147c3","m_import_default","לא צוין","2026-04-30T00:00:00.000Z","warning","rb_fc139a1e3119ee","מקור: �מאגר_מסעדות_לאנש_חבד_ניסן_התשפה.pdf | פיצה מקס - רבי עקיבא 68, חלבי, לנדא | מיקום משוער לפי עיר; ניתן לתקן במפה.","2026-04-17T00:00:00.000Z","32.070106","34.822233","dairy","",""
"r_9b99f3fc56d9d7","פיצה גולדה","ז'בוטינסקי 178","בני ברק","Mehadrin","h_943fe3047147c3","m_import_default","לא צוין","2026-04-30T00:00:00.000Z","warning","rb_fc139a1e3119ee","מקור: �מאגר_מסעדות_לאנש_חבד_ניסן_התשפה.pdf | פיצה גולדה - ז'בוטינסקי 178, חלבי, לנדא | מיקום משוער לפי עיר; ניתן לתקן במפה.","2026-04-17T00:00:00.000Z","32.065448","34.831637","dairy","",""
"r_39a79d6294da14","פיצה גול דן","אבוחצירא 9","בני ברק","Mehadrin","h_943fe3047147c3","m_import_default","לא צוין","2026-04-30T00:00:00.000Z","warning","rb_fc139a1e3119ee","מקור: �מאגר_מסעדות_לאנש_חבד_ניסן_התשפה.pdf | פיצה גול דן – אבוחצירא 9, חלבי, לנדא | מיקום משוער לפי עיר; ניתן לתקן במפה.","2026-04-17T00:00:00.000Z","32.090226","34.837265","dairy","",""
"r_a4129375c74fbf","באגטוסט","רבי עקיבא 94","בני ברק","Mehadrin","h_943fe3047147c3","m_import_default","לא צוין","2026-04-30T00:00:00.000Z","warning","rb_fc139a1e3119ee","מקור: �מאגר_מסעדות_לאנש_חבד_ניסן_התשפה.pdf | באגטוסט - רבי עקיבא 94, חלבי, לנדא | מיקום משוער לפי עיר; ניתן לתקן במפה.","2026-04-17T00:00:00.000Z","32.097215","34.848297","dairy","",""
"r_cb941efb379735","המסעדה היהודית","כינרת 4","בני ברק","Mehadrin","h_943fe3047147c3","m_import_default","לא צוין","2026-04-30T00:00:00.000Z","warning","rb_fc139a1e3119ee","מקור: �מאגר_מסעדות_לאנש_חבד_ניסן_התשפה.pdf | המסעדה היהודית - כינרת 4, בשרי, לנדא | מיקום משוער לפי עיר; ניתן לתקן במפה.","2026-04-17T00:00:00.000Z","32.090827","34.848091","meat","",""
"r_5820907e0bebc9","סושי טיים","הירקון 73","בני ברק","Mehadrin","h_943fe3047147c3","m_import_default","לא צוין","2026-04-30T00:00:00.000Z","warning","rb_fc139a1e3119ee","מקור: �מאגר_מסעדות_לאנש_חבד_ניסן_התשפה.pdf | סושי טיים – הירקון 73, פרווה / בשרי, לנדא | מיקום משוער לפי עיר; ניתן לתקן במפה.","2026-04-17T00:00:00.000Z","32.064158","34.8269","meat","",""
"r_596d4b50ee6645","שפסל בשטייטל","הלפרין 10","בני ברק","Mehadrin","h_943fe3047147c3","m_import_default","לא צוין","2026-04-30T00:00:00.000Z","warning","rb_fc139a1e3119ee","מקור: �מאגר_מסעדות_לאנש_חבד_ניסן_התשפה.pdf | שפסל בשטייטל – הלפרין 10, בשרי, לנדא | מיקום משוער לפי עיר; ניתן לתקן במפה.","2026-04-17T00:00:00.000Z","32.071923","34.830954","meat","",""
"r_9cc4bab1fedd17","מוכן ומזומן","חזון איש 17","בני ברק","Mehadrin","h_943fe3047147c3","m_import_default","לא צוין","2026-04-30T00:00:00.000Z","warning","rb_fc139a1e3119ee","מקור: �מאגר_מסעדות_לאנש_חבד_ניסן_התשפה.pdf | מוכן ומזומן - חזון איש 17, בשרי, לנדא | מיקום משוער לפי עיר; ניתן לתקן במפה.","2026-04-17T00:00:00.000Z","32.083418","34.834499","meat","",""
"r_53f71790c3a2a3","פלאפל ר׳ עקיבא גריל בשרים","רבי עקיבא 31","בני ברק","Mehadrin","h_943fe3047147c3","m_import_default","לא צוין","2026-04-30T00:00:00.000Z","warning","rb_fc139a1e3119ee","מקור: �מאגר_מסעדות_לאנש_חבד_ניסן_התשפה.pdf | פלאפל ר׳ עקיבא גריל בשרים - רבי עקיבא 31, בשרי, לנדא | מיקום משוער לפי עיר; ניתן לתקן במפה.","2026-04-17T00:00:00.000Z","32.087229","34.831495","meat","",""
"r_5cc2dc0b110a01","צלילי האש","ז'בוטינסקי 100","בני ברק","Mehadrin","h_943fe3047147c3","m_import_default","לא צוין","2026-04-30T00:00:00.000Z","warning","rb_fc139a1e3119ee","מקור: �מאגר_מסעדות_לאנש_חבד_ניסן_התשפה.pdf | צלילי האש - ז'בוטינסקי 100, בשרי, לנדא | מיקום משוער לפי עיר; ניתן לתקן במפה.","2026-04-17T00:00:00.000Z","32.091788","34.842569","meat","",""
"r_70881dfda4975a","המעדנייה של בני ברק","יונה הנביא 14","בני ברק","Mehadrin","h_943fe3047147c3","m_import_default","לא צוין","2026-04-30T00:00:00.000Z","warning","rb_fc139a1e3119ee","מקור: �מאגר_מסעדות_לאנש_חבד_ניסן_התשפה.pdf | המעדנייה של בני ברק - יונה הנביא 14, בשרי, לנדא | מיקום משוער לפי עיר; ניתן לתקן במפה.","2026-04-17T00:00:00.000Z","32.066264","34.850384","meat","",""
"r_7f34b42eceab20","מעדני ית ש ף","ראב""ד 26","בני ברק","Mehadrin","h_943fe3047147c3","m_import_default","לא צוין","2026-04-30T00:00:00.000Z","warning","rb_fc139a1e3119ee","מקור: �מאגר_מסעדות_לאנש_חבד_ניסן_התשפה.pdf | מעדני ית ש ף - ראב""ד 26, בשרי, לנדא | מיקום משוער לפי עיר; ניתן לתקן במפה.","2026-04-17T00:00:00.000Z","32.084566","34.847011","meat","",""
"r_c93c21a2b4c500","דליקטס","רבי עקיבא 81","בני ברק","Mehadrin","h_943fe3047147c3","m_import_default","לא צוין","2026-04-30T00:00:00.000Z","warning","rb_fc139a1e3119ee","מקור: �מאגר_מסעדות_לאנש_חבד_ניסן_התשפה.pdf | דליקטס - רבי עקיבא 81, בשרי, לנדא | מיקום משוער לפי עיר; ניתן לתקן במפה.","2026-04-17T00:00:00.000Z","32.075991","34.825036","meat","",""
"r_886f9c8ed56fcf","שטיסל","הרב ש""ך 14","בני ברק","Mehadrin","h_943fe3047147c3","m_import_default","לא צוין","2026-04-30T00:00:00.000Z","warning","rb_fc139a1e3119ee","מקור: �מאגר_מסעדות_לאנש_חבד_ניסן_התשפה.pdf | שטיסל - הרב ש""ך 14, בשרי, לנדא | מיקום משוער לפי עיר; ניתן לתקן במפה.","2026-04-17T00:00:00.000Z","32.075566","34.823295","meat","",""
"r_945395f8db8f61","שטיסל","בר יוחאי 4","בני ברק","Mehadrin","h_943fe3047147c3","m_import_default","לא צוין","2026-04-30T00:00:00.000Z","warning","rb_fc139a1e3119ee","מקור: �מאגר_מסעדות_לאנש_חבד_ניסן_התשפה.pdf | שטיסל - בר יוחאי 4, בשרי, לנדא | מיקום משוער לפי עיר; ניתן לתקן במפה.","2026-04-17T00:00:00.000Z","32.076078","34.835168","meat","",""
"r_f18c5d26f5d9b4","מעדני פרידמן","ראב""ד 32","בני ברק","Mehadrin","h_943fe3047147c3","m_import_default","לא צוין","2026-04-30T00:00:00.000Z","warning","rb_fc139a1e3119ee","מקור: �מאגר_מסעדות_לאנש_חבד_ניסן_התשפה.pdf | מעדני פרידמן – ראב""ד 32, בשרי, לנדא | מיקום משוער לפי עיר; ניתן לתקן במפה.","2026-04-17T00:00:00.000Z","32.080648","34.838139","meat","",""
"r_7ca8a13a401b2d","שניצל שף","ירושלים 8","בני ברק","Mehadrin","h_943fe3047147c3","m_import_default","לא צוין","2026-04-30T00:00:00.000Z","warning","rb_fc139a1e3119ee","מקור: �מאגר_מסעדות_לאנש_חבד_ניסן_התשפה.pdf | שניצל שף - ירושלים 8, בשרי, לנדא | מיקום משוער לפי עיר; ניתן לתקן במפה.","2026-04-17T00:00:00.000Z","32.093762","34.823832","meat","",""
"r_da131accafc6db","נתיס דלישעס","קהילות יעקב 37","בני ברק","Mehadrin","h_943fe3047147c3","m_import_default","לא צוין","2026-04-30T00:00:00.000Z","warning","rb_fc139a1e3119ee","מקור: �מאגר_מסעדות_לאנש_חבד_ניסן_התשפה.pdf | נתיס דלישעס – קהילות יעקב 37, בשרי, לנדא | מיקום משוער לפי עיר; ניתן לתקן במפה.","2026-04-17T00:00:00.000Z","32.079852","34.825204","meat","",""
"r_bb65d59582d2a1","שווארמה הזקן","אהרונוביץ' 12","בני ברק","Mehadrin","h_943fe3047147c3","m_import_default","לא צוין","2026-04-30T00:00:00.000Z","warning","rb_fc139a1e3119ee","מקור: �מאגר_מסעדות_לאנש_חבד_ניסן_התשפה.pdf | שווארמה הזקן - אהרונוביץ' 12, בשרי, לנדא | מיקום משוער לפי עיר; ניתן לתקן במפה.","2026-04-17T00:00:00.000Z","32.073177","34.819528","meat","",""
"r_e51b16e0db00d0","ג׳אסט מיט","מצדה 7","בני ברק","Mehadrin","h_943fe3047147c3","m_import_default","לא צוין","2026-04-30T00:00:00.000Z","warning","rb_fc139a1e3119ee","מקור: �מאגר_מסעדות_לאנש_חבד_ניסן_התשפה.pdf | ג׳אסט מיט - מצדה 7, בשרי, לנדא | מיקום משוער לפי עיר; ניתן לתקן במפה.","2026-04-17T00:00:00.000Z","32.090847","34.836654","meat","",""
"r_97763550702a29","טשולנטרק (ליל שישי)","חי טייב 6","בני ברק","Mehadrin","h_943fe3047147c3","m_import_default","לא צוין","2026-04-30T00:00:00.000Z","warning","rb_fc139a1e3119ee","מקור: �מאגר_מסעדות_לאנש_חבד_ניסן_התשפה.pdf | טשולנטרק (ליל שישי) – חי טייב 6, בשרי, לנדא, 055-5506596 | מיקום משוער לפי עיר; ניתן לתקן במפה.","2026-04-17T00:00:00.000Z","32.084715","34.845963","meat","055-5506596",""
"r_5374d0bb1cc62a","טשולנטרק (ליל שישי)","חתם סופר 18","בני ברק","Mehadrin","h_943fe3047147c3","m_import_default","לא צוין","2026-04-30T00:00:00.000Z","warning","rb_fc139a1e3119ee","מקור: �מאגר_מסעדות_לאנש_חבד_ניסן_התשפה.pdf | טשולנטרק (ליל שישי) – חתם סופר 18, בשרי, לנדא, 055-5506596 | מיקום משוער לפי עיר; ניתן לתקן במפה.","2026-04-17T00:00:00.000Z","32.07244","34.846237","meat","055-5506596",""
"r_661ef3af56d778","טשולנטרק (ליל שישי)","חפץ חיים 5","בני ברק","Mehadrin","h_943fe3047147c3","m_import_default","לא צוין","2026-04-30T00:00:00.000Z","warning","rb_fc139a1e3119ee","מקור: �מאגר_מסעדות_לאנש_חבד_ניסן_התשפה.pdf | טשולנטרק (ליל שישי) – חפץ חיים 5, בשרי, לנדא, 055-5506596 | מיקום משוער לפי עיר; ניתן לתקן במפה.","2026-04-17T00:00:00.000Z","32.090951","34.827767","meat","055-5506596",""
"r_9f368d6dcce114","טשולנטרק (ליל שישי)","רחוב הרב יעקב לנדאו","בני ברק","Mehadrin","h_943fe3047147c3","m_import_default","לא צוין","2026-04-30T00:00:00.000Z","warning","rb_fc139a1e3119ee","מקור: �מאגר_מסעדות_לאנש_חבד_ניסן_התשפה.pdf | טשולנטרק (ליל שישי) – רחוב הרב יעקב לנדאו, בשרי, לנדא, 055-5506596 | מיקום משוער לפי עיר; ניתן לתקן במפה.","2026-04-17T00:00:00.000Z","32.091507","34.825285","meat","055-5506596",""
"r_ea9a3ef543810c","זלמנ׳ס","מצדה 9","בני ברק","Mehadrin","h_0dc7b871049d03","m_import_default","לא צוין","2026-04-30T00:00:00.000Z","warning","rb_288e8a3c167cd5","מקור: �מאגר_מסעדות_לאנש_חבד_ניסן_התשפה.pdf | זלמנ׳ס - מצדה 9, בשרי, העדה החרדית | מיקום משוער לפי עיר; ניתן לתקן במפה.","2026-04-17T00:00:00.000Z","32.096155","34.837433","meat","",""
"r_13711ff73a78f0","גולדיס","מצדה 9","בני ברק","Mehadrin","h_0dc7b871049d03","m_import_default","לא צוין","2026-04-30T00:00:00.000Z","warning","rb_288e8a3c167cd5","מקור: �מאגר_מסעדות_לאנש_חבד_ניסן_התשפה.pdf | גולדיס - מצדה 9, בשרי, העדה החרדית | מיקום משוער לפי עיר; ניתן לתקן במפה.","2026-04-17T00:00:00.000Z","32.096538","34.82336","meat","",""
"r_f6f1d63948216f","מאפיית אריאל","הרב ניסנבאום 25","בת ים","Mehadrin","h_0dc7b871049d03","m_import_default","לא צוין","2026-04-30T00:00:00.000Z","warning","rb_288e8a3c167cd5","מקור: �מאגר_מסעדות_לאנש_חבד_ניסן_התשפה.pdf | מאפיית אריאל - הרב ניסנבאום 25, פרווה, העדה החרדית | מיקום משוער לפי עיר; ניתן לתקן במפה.","2026-04-17T00:00:00.000Z","32.033429","34.7608","pareve","",""
"r_a4b9f542372714","שיבולת השרון","העמל 3","בת ים","Mehadrin","h_943fe3047147c3","m_import_default","לא צוין","2026-04-30T00:00:00.000Z","warning","rb_fc139a1e3119ee","מקור: �מאגר_מסעדות_לאנש_חבד_ניסן_התשפה.pdf | שיבולת השרון - העמל 3, פרווה/ חלבי, לנדא | מיקום משוער לפי עיר; ניתן לתקן במפה.","2026-04-17T00:00:00.000Z","32.02578","34.760671","dairy","",""
"r_0e23b6603afe19","פיצה סטורי","אנה פרנק 29","בת ים","Mehadrin","h_943fe3047147c3","m_import_default","לא צוין","2026-04-30T00:00:00.000Z","warning","rb_fc139a1e3119ee","מקור: �מאגר_מסעדות_לאנש_חבד_ניסן_התשפה.pdf | פיצה סטורי - אנה פרנק 29, חלבי, לנדא | מיקום משוער לפי עיר; ניתן לתקן במפה. | מקור: �מסעדות כשרות.pdf | כשר למהדרין","2026-04-17T00:00:00.000Z","32.008183","34.753887","dairy","",""
"r_e1dbe46ffbb43d","פיצה שמש","יוחנן הסנדלר 4","בת ים","Mehadrin","h_0dc7b871049d03","m_import_default","לא צוין","2026-04-30T00:00:00.000Z","warning","rb_288e8a3c167cd5","מקור: �מאגר_מסעדות_לאנש_חבד_ניסן_התשפה.pdf | פיצה שמש - יוחנן הסנדלר 4, חלבי, העדה החרדית | מיקום משוער לפי עיר; ניתן לתקן במפה. | מקור: �מסעדות כשרות.pdf | כשר למהדרין","2026-04-17T00:00:00.000Z","32.029394","34.759969","dairy","",""
"r_b1569e677ac5dc","פיצה שמש","אלי כהן 23","בת ים","Mehadrin","h_0dc7b871049d03","m_import_default","לא צוין","2026-04-30T00:00:00.000Z","warning","rb_288e8a3c167cd5","מקור: �מאגר_מסעדות_לאנש_חבד_ניסן_התשפה.pdf | פיצה שמש – אלי כהן 23, חלבי, העדה החרדית | מיקום משוער לפי עיר; ניתן לתקן במפה.","2026-04-17T00:00:00.000Z","32.032499","34.73773","dairy","",""
"r_f93675f2d0e8f6","מאפיית עמית","מוטה גור 4","גבעת שמואל","Mehadrin","h_943fe3047147c3","m_import_default","לא צוין","2026-04-30T00:00:00.000Z","warning","rb_fc139a1e3119ee","מקור: �מאגר_מסעדות_לאנש_חבד_ניסן_התשפה.pdf | מאפיית עמית - מוטה גור 4, פרווה, לנדא | מיקום משוער לפי עיר; ניתן לתקן במפה.","2026-04-17T00:00:00.000Z","32.064854","34.855237","pareve","",""
"r_bfdf73d349b3f7","אומנות הלחם","בן גוריון 2","הרצליה","Mehadrin","h_943fe3047147c3","m_import_default","לא צוין","2026-04-30T00:00:00.000Z","warning","rb_fc139a1e3119ee","מקור: �מאגר_מסעדות_לאנש_חבד_ניסן_התשפה.pdf | אומנות הלחם - בן גוריון 2, פרווה, לנדא | מיקום משוער לפי עיר; ניתן לתקן במפה.","2026-04-17T00:00:00.000Z","32.171303","34.847571","pareve","",""
"r_1a20f92acecac8","כל דגן","המלאכה 49","חולון","Mehadrin","h_943fe3047147c3","m_import_default","לא צוין","2026-04-30T00:00:00.000Z","warning","rb_fc139a1e3119ee","מקור: �מאגר_מסעדות_לאנש_חבד_ניסן_התשפה.pdf | כל דגן – המלאכה 49, פרווה, לנדא | מיקום משוער לפי עיר; ניתן לתקן במפה.","2026-04-17T00:00:00.000Z","32.011941","34.771459","pareve","",""
"r_4659b531291b94","שאשא לחמים","פרופסור משה שור 34","חולון","Mehadrin","h_943fe3047147c3","m_import_default","לא צוין","2026-04-30T00:00:00.000Z","warning","rb_fc139a1e3119ee","מקור: �מאגר_מסעדות_לאנש_חבד_ניסן_התשפה.pdf | שאשא לחמים – פרופסור משה שור 34, פרווה, לנדא | מיקום משוער לפי עיר; ניתן לתקן במפה.","2026-04-17T00:00:00.000Z","32.018792","34.794843","pareve","",""
"r_6d2423a5b551d6","קונדטורית עיני בכיכר","הוז דב 6","חולון","Mehadrin","h_7c3ca4f927a2da","m_import_default","לא צוין","2026-04-30T00:00:00.000Z","warning","rb_96167aea894dc8","מקור: �מאגר_מסעדות_לאנש_חבד_ניסן_התשפה.pdf | קונדטורית עיני בכיכר - הוז דב 6, פרווה, בד״ץ חולון | מיקום משוער לפי עיר; ניתן לתקן במפה.","2026-04-17T00:00:00.000Z","32.000279","34.780213","pareve","",""
"r_7f7c4cde61afed","קונדטורית ג'ייקובס","הבנאי 14","חולון","Mehadrin","h_7c3ca4f927a2da","m_import_default","לא צוין","2026-04-30T00:00:00.000Z","warning","rb_96167aea894dc8","מקור: �מאגר_מסעדות_לאנש_חבד_ניסן_התשפה.pdf | קונדטורית ג'ייקובס - הבנאי 14, פרווה, בד״ץ חולון | מיקום משוער לפי עיר; ניתן לתקן במפה.","2026-04-17T00:00:00.000Z","32.009659","34.791726","pareve","",""
"r_2fc7cd90b79b3d","עוגיות הזהב","החופר 34","חולון","Mehadrin","h_7c3ca4f927a2da","m_import_default","לא צוין","2026-04-30T00:00:00.000Z","warning","rb_96167aea894dc8","מקור: �מאגר_מסעדות_לאנש_חבד_ניסן_התשפה.pdf | עוגיות הזהב - החופר 34, פרווה, בד״ץ חולון | מיקום משוער לפי עיר; ניתן לתקן במפה.","2026-04-17T00:00:00.000Z","32.023337","34.800966","pareve","",""
"r_13d1f80afb3891","קונדטורית רוני ובניו","הבנאי 40","חולון","Mehadrin","h_7c3ca4f927a2da","m_import_default","לא צוין","2026-04-30T00:00:00.000Z","warning","rb_96167aea894dc8","מקור: �מאגר_מסעדות_לאנש_חבד_ניסן_התשפה.pdf | קונדטורית רוני ובניו - הבנאי 40, פרווה, בד״ץ חולון | מיקום משוער לפי עיר; ניתן לתקן במפה.","2026-04-17T00:00:00.000Z","32.015983","34.769989","pareve","",""
"r_3e342b7c727205","חומוס אליהו","גולדה מאיר 7","חולון","Mehadrin","h_7c3ca4f927a2da","m_import_default","לא צוין","2026-04-30T00:00:00.000Z","warning","rb_96167aea894dc8","מקור: �מאגר_מסעדות_לאנש_חבד_ניסן_התשפה.pdf | חומוס אליהו - גולדה מאיר 7, פרווה, בד״ץ חולון | מיקום משוער לפי עיר; ניתן לתקן במפה.","2026-04-17T00:00:00.000Z","32.005834","34.800036","pareve","",""
"r_3f0c44ece5de1f","סלטי משני","תמנע 25","חולון","Mehadrin","h_7c3ca4f927a2da","m_import_default","לא צוין","2026-04-30T00:00:00.000Z","warning","rb_96167aea894dc8","מקור: �מאגר_מסעדות_לאנש_חבד_ניסן_התשפה.pdf | סלטי משני - תמנע 25, פרווה, בד״ץ חולון (רק ע ל הפרווה, לא על הבשרי ) | מיקום משוער לפי עיר; ניתן לתקן במפה.","2026-04-17T00:00:00.000Z","32.028691","34.788538","pareve","",""
"r_51532cee38e01f","פיצה סטורי","אילת 18","חולון","Mehadrin","h_943fe3047147c3","m_import_default","לא צוין","2026-04-30T00:00:00.000Z","warning","rb_fc139a1e3119ee","מקור: �מאגר_מסעדות_לאנש_חבד_ניסן_התשפה.pdf | פיצה סטורי – אילת 18, חלבי, לנדא | מיקום משוער לפי עיר; ניתן לתקן במפה.","2026-04-17T00:00:00.000Z","32.018068","34.797476","dairy","",""
"r_348ef510526dc6","פיצה הוליווד","דב הוז 22","חולון","Mehadrin","h_7c3ca4f927a2da","m_import_default","לא צוין","2026-04-30T00:00:00.000Z","warning","rb_96167aea894dc8","מקור: �מאגר_מסעדות_לאנש_חבד_ניסן_התשפה.pdf | פיצה הוליווד - דב הוז 22, חלבי, בד״ץ חולון | מיקום משוער לפי עיר; ניתן לתקן במפה.","2026-04-17T00:00:00.000Z","32.003245","34.790945","dairy","",""
"r_43ab5effe2814a","פיצה פיקס","קרן היסוד 1","חולון","Mehadrin","h_7c3ca4f927a2da","m_import_default","לא צוין","2026-04-30T00:00:00.000Z","warning","rb_96167aea894dc8","מקור: �מאגר_מסעדות_לאנש_חבד_ניסן_התשפה.pdf | פיצה פיקס - קרן היסוד 1, חלבי, בד״ץ חולון | מיקום משוער לפי עיר; ניתן לתקן במפה.","2026-04-17T00:00:00.000Z","32.026565","34.803737","dairy","",""
"r_2390fb0feaba75","פיצה משולשים","קרן היסוד 1","חולון","Mehadrin","h_7c3ca4f927a2da","m_import_default","לא צוין","2026-04-30T00:00:00.000Z","warning","rb_96167aea894dc8","מקור: �מאגר_מסעדות_לאנש_חבד_ניסן_התשפה.pdf | פיצה משולשים - קרן היסוד 1, חלבי, בד״ץ חולון | מיקום משוער לפי עיר; ניתן לתקן במפה.","2026-04-17T00:00:00.000Z","32.011676","34.779898","dairy","",""
"r_741c5c75062ee4","פנינת הפיצה","קריית שמונה 27","חולון","Mehadrin","h_7c3ca4f927a2da","m_import_default","לא צוין","2026-04-30T00:00:00.000Z","warning","rb_96167aea894dc8","מקור: �מאגר_מסעדות_לאנש_חבד_ניסן_התשפה.pdf | פנינת הפיצה - קריית שמונה 27, חלבי, בד״ץ חולון | מיקום משוער לפי עיר; ניתן לתקן במפה.","2026-04-17T00:00:00.000Z","32.029202","34.778372","dairy","",""
"r_b940d2a7c2dfcb","פיצה שמש","הר הצופים 42","חולון","Mehadrin","h_7c3ca4f927a2da","m_import_default","לא צוין","2026-04-30T00:00:00.000Z","warning","rb_96167aea894dc8","מקור: �מאגר_מסעדות_לאנש_חבד_ניסן_התשפה.pdf | פיצה שמש - הר הצופים 42, חלבי, בד״ץ חולון | מיקום משוער לפי עיר; ניתן לתקן במפה.","2026-04-17T00:00:00.000Z","31.998795","34.797728","dairy","",""
"r_d771a6e0061944","פיצה שמש","גולדה מאיר 8","חולון","Mehadrin","h_7c3ca4f927a2da","m_import_default","לא צוין","2026-04-30T00:00:00.000Z","warning","rb_96167aea894dc8","מקור: �מאגר_מסעדות_לאנש_חבד_ניסן_התשפה.pdf | פיצה שמש - גולדה מאיר 8, חלבי, בד״ץ חולון | מיקום משוער לפי עיר; ניתן לתקן במפה.","2026-04-17T00:00:00.000Z","32.004209","34.772645","dairy","",""
"r_e791ed104627fd","דיל בורגר","קרן היסוד 1","חולון","Mehadrin","h_7c3ca4f927a2da","m_import_default","לא צוין","2026-04-30T00:00:00.000Z","warning","rb_96167aea894dc8","מקור: �מאגר_מסעדות_לאנש_חבד_ניסן_התשפה.pdf | דיל בורגר - קרן היסוד 1, בשרי, בד״ץ חולון, 03-9507507 | מיקום משוער לפי עיר; ניתן לתקן במפה.","2026-04-17T00:00:00.000Z","32.001944","34.783022","meat","03-9507507",""
"r_e254f233db577f","גיטלה","אדמו""ר האמצעי 1","כפר חב״ד","Mehadrin","h_7c3ca4f927a2da","m_import_default","לא צוין","2026-04-30T00:00:00.000Z","warning","rb_96167aea894dc8","מקור: �מאגר_מסעדות_לאנש_חבד_ניסן_התשפה.pdf | גיטלה - אדמו""ר האמצעי 1, חלבי, הרב אשכנזי | מיקום משוער לפי עיר; ניתן לתקן במפה.","2026-04-17T00:00:00.000Z","31.982326","34.853728","dairy","",""
"r_9cace213ad29f7","פיצה שמש","אדמו""ר הרש""ב 1","כפר חב״ד","Mehadrin","h_7c3ca4f927a2da","m_import_default","לא צוין","2026-04-30T00:00:00.000Z","warning","rb_96167aea894dc8","מקור: �מאגר_מסעדות_לאנש_חבד_ניסן_התשפה.pdf | פיצה שמש - אדמו""ר הרש""ב 1, חלבי, הרב אשכנזי | מיקום משוער לפי עיר; ניתן לתקן במפה.","2026-04-17T00:00:00.000Z","31.993985","34.8509","dairy","",""
"r_ce89cdebd0a085","סושי בכפר","השליחות 1","כפר חב״ד","Mehadrin","h_7c3ca4f927a2da","m_import_default","לא צוין","2026-04-30T00:00:00.000Z","warning","rb_96167aea894dc8","מקור: �מאגר_מסעדות_לאנש_חבד_ניסן_התשפה.pdf | סושי בכפר - השליחות 1, פרווה/ בשרי, הרב אשכנזי | מיקום משוער לפי עיר; ניתן לתקן במפה.","2026-04-17T00:00:00.000Z","31.989291","34.835591","meat","",""
"r_8274b815022b4a","מסעדת נחום","צעירי אגודת חב""ד 3","כפר חב״ד","Mehadrin","h_7c3ca4f927a2da","m_import_default","לא צוין","2026-04-30T00:00:00.000Z","warning","rb_96167aea894dc8","מקור: �מאגר_מסעדות_לאנש_חבד_ניסן_התשפה.pdf | מסעדת נחום - צעירי אגודת חב""ד 3, בשרי, הרב אשכנזי | מיקום משוער לפי עיר; ניתן לתקן במפה.","2026-04-17T00:00:00.000Z","31.97543","34.862007","meat","",""
"r_ef6f2dfd36c22a","טועמיה ריבקין (ליל שישי)","אדמו""ר הריי""צ 4","כפר חב״ד","Mehadrin","h_7c3ca4f927a2da","m_import_default","לא צוין","2026-04-30T00:00:00.000Z","warning","rb_96167aea894dc8","מקור: �מאגר_מסעדות_לאנש_חבד_ניסן_התשפה.pdf | טועמיה ריבקין (ליל שישי) - אדמו""ר הריי""צ 4, בשרי, הרב אשכנזי | מיקום משוער לפי עיר; ניתן לתקן במפה.","2026-04-17T00:00:00.000Z","31.985497","34.846563","meat","",""
"r_4bfbbcc74290ce","מאפיית שלום עלחם","בעל התניא 12","לוד","Mehadrin","h_7c3ca4f927a2da","m_import_default","לא צוין","2026-04-30T00:00:00.000Z","warning","rb_96167aea894dc8","מקור: �מאגר_מסעדות_לאנש_חבד_ניסן_התשפה.pdf | מאפיית שלום עלחם - בעל התניא 12, פרווה, הרב יורקוביץ | מיקום משוער לפי עיר; ניתן לתקן במפה.","2026-04-17T00:00:00.000Z","31.950171","34.885691","pareve","",""
"r_0d4862db0d8ca7","מאפיית ליז","דוד המלך 9","לוד","Mehadrin","h_7c3ca4f927a2da","m_import_default","לא צוין","2026-04-30T00:00:00.000Z","warning","rb_96167aea894dc8","מקור: �מאגר_מסעדות_לאנש_חבד_ניסן_התשפה.pdf | מאפיית ליז - דוד המלך 9, פרווה, הרב יורקוביץ | מיקום משוער לפי עיר; ניתן לתקן במפה.","2026-04-17T00:00:00.000Z","31.94842","34.893834","pareve","",""
"r_9faa951b34113a","הפיצוחיה ושות'","אלברט איינשטיין 42","לוד","Mehadrin","h_7c3ca4f927a2da","m_import_default","לא צוין","2026-04-30T00:00:00.000Z","warning","rb_96167aea894dc8","מקור: �מאגר_מסעדות_לאנש_חבד_ניסן_התשפה.pdf | הפיצוחיה ושות' - אלברט איינשטיין 42, פרווה, הרב יורקוביץ | מיקום משוער לפי עיר; ניתן לתקן במפה.","2026-04-17T00:00:00.000Z","31.955432","34.871958","pareve","",""
"r_3656d61bb448a9","מאפיית חלת הארץ","יוספטל גיורא 23","לוד","Mehadrin","h_943fe3047147c3","m_import_default","לא צוין","2026-04-30T00:00:00.000Z","warning","rb_fc139a1e3119ee","מקור: �מאגר_מסעדות_לאנש_חבד_ניסן_התשפה.pdf | מאפיית חלת הארץ - יוספטל גיורא 23, פרווה, לנדא | מיקום משוער לפי עיר; ניתן לתקן במפה.","2026-04-17T00:00:00.000Z","31.952679","34.886938","pareve","",""
"r_f0aba221462105","מאפיית החיטה","המלאכה 2","לוד","Mehadrin","h_943fe3047147c3","m_import_default","לא צוין","2026-04-30T00:00:00.000Z","warning","rb_fc139a1e3119ee","מקור: �מאגר_מסעדות_לאנש_חבד_ניסן_התשפה.pdf | מאפיית החיטה - המלאכה 2, פרווה, לנדא | מיקום משוער לפי עיר; ניתן לתקן במפה.","2026-04-17T00:00:00.000Z","31.934315","34.873175","pareve","",""
"r_34910a4b38e35f","הפיצה של לוד","שלמה המלך 27","לוד","Mehadrin","h_7c3ca4f927a2da","m_import_default","לא צוין","2026-04-30T00:00:00.000Z","warning","rb_96167aea894dc8","מקור: �מאגר_מסעדות_לאנש_חבד_ניסן_התשפה.pdf | הפיצה של לוד - שלמה המלך 27, חלבי, הרב יורקובי ץ | מיקום משוער לפי עיר; ניתן לתקן במפה.","2026-04-17T00:00:00.000Z","31.93754","34.896609","dairy","",""
"r_ba974712b8b5f9","פיצה דניאל","חטיבת הראל 9","לוד","Mehadrin","h_7c3ca4f927a2da","m_import_default","לא צוין","2026-04-30T00:00:00.000Z","warning","rb_96167aea894dc8","מקור: �מאגר_מסעדות_לאנש_חבד_ניסן_התשפה.pdf | פיצה דניאל - חטיבת הראל 9, חלבי, הרב יורקוביץ | מיקום משוער לפי עיר; ניתן לתקן במפה.","2026-04-17T00:00:00.000Z","31.945883","34.883011","dairy","",""
"r_714027b536baac","פיצה איטליאנו","דוד המלך 2","לוד","Mehadrin","h_7c3ca4f927a2da","m_import_default","לא צוין","2026-04-30T00:00:00.000Z","warning","rb_96167aea894dc8","מקור: �מאגר_מסעדות_לאנש_חבד_ניסן_התשפה.pdf | פיצה איטליאנו - דוד המלך 2, חלבי, הרב יורקוביץ | מיקום משוער לפי עיר; ניתן לתקן במפה.","2026-04-17T00:00:00.000Z","31.949047","34.891807","dairy","",""
"r_fd03346d018ab7","פיצה קשת","כרמל 2","לוד","Mehadrin","h_943fe3047147c3","m_import_default","לא צוין","2026-04-30T00:00:00.000Z","warning","rb_fc139a1e3119ee","מקור: �מאגר_מסעדות_לאנש_חבד_ניסן_התשפה.pdf | פיצה קשת – כרמל 2, חלבי, לנדא | מיקום משוער לפי עיר; ניתן לתקן במפה.","2026-04-17T00:00:00.000Z","31.957036","34.901826","dairy","",""
"r_e6b9abeebeed91","פיצה שמש","בן גוריון 5","לוד","Mehadrin","h_0dc7b871049d03","m_import_default","לא צוין","2026-04-30T00:00:00.000Z","warning","rb_288e8a3c167cd5","מקור: �מאגר_מסעדות_לאנש_חבד_ניסן_התשפה.pdf | פיצה שמש - בן גוריון 5, חלבי, העדה החרדית | מיקום משוער לפי עיר; ניתן לתקן במפה.","2026-04-17T00:00:00.000Z","31.959627","34.887028","dairy","",""
"r_4251166b8f1e4e","המקום של שי","דוד המלך 17","לוד","Mehadrin","h_7c3ca4f927a2da","m_import_default","לא צוין","2026-04-30T00:00:00.000Z","warning","rb_96167aea894dc8","מקור: �מאגר_מסעדות_לאנש_חבד_ניסן_התשפה.pdf | המקום של שי - דוד המלך 17, חלבי, בד״ץ בית ישראל לוד | מיקום משוער לפי עיר; ניתן לתקן במפה.","2026-04-17T00:00:00.000Z","31.96203","34.882877","dairy","",""
"r_f78b1fabb933ec","פיצה סטורי","האיילון 12","לוד","Mehadrin","h_7c3ca4f927a2da","m_import_default","לא צוין","2026-04-30T00:00:00.000Z","warning","rb_96167aea894dc8","מקור: �מאגר_מסעדות_לאנש_חבד_ניסן_התשפה.pdf | פיצה סטורי - האיילון 12, חלבי, בד״ץ בית ישראל לוד | מיקום משוער לפי עיר; ניתן לתקן במפה.","2026-04-17T00:00:00.000Z","31.96754","34.884175","dairy","",""
"r_9487569f2e822a","הסנדוויץ' של אבא","בעל התניא 12","לוד","Mehadrin","h_7c3ca4f927a2da","m_import_default","לא צוין","2026-04-30T00:00:00.000Z","warning","rb_96167aea894dc8","מקור: �מאגר_מסעדות_לאנש_חבד_ניסן_התשפה.pdf | הסנדוויץ' של אבא – בעל התניא 12, בשרי, הרב יורקוביץ | מיקום משוער לפי עיר; ניתן לתקן במפה.","2026-04-17T00:00:00.000Z","31.959608","34.902914","meat","",""
"r_7e579e113cacc0","זלמנס","שדרות ירושלים","לוד","Mehadrin","h_7c3ca4f927a2da","m_import_default","לא צוין","2026-04-30T00:00:00.000Z","warning","rb_96167aea894dc8","מקור: �מאגר_מסעדות_לאנש_חבד_ניסן_התשפה.pdf | זלמנס – שדרות ירושלים, בשרי, בד״ץ בית ישראל לוד | מיקום משוער לפי עיר; ניתן לתקן במפה.","2026-04-17T00:00:00.000Z","31.953294","34.901275","meat","",""
"r_a3f63e03807910","חיימיש (ליל שישי)","החשמונאים 25","לוד","Mehadrin","h_943fe3047147c3","m_import_default","לא צוין","2026-04-30T00:00:00.000Z","warning","rb_fc139a1e3119ee","מקור: �מאגר_מסעדות_לאנש_חבד_ניסן_התשפה.pdf | חיימיש (ליל שישי) – החשמונאים 25, בשרי, לנדא | מיקום משוער לפי עיר; ניתן לתקן במפה.","2026-04-17T00:00:00.000Z","31.963889","34.882443","meat","",""
"r_2fdf23afef411d","טשולנטרק (ליל שישי)","שבט מנשה 4","לוד","Mehadrin","h_943fe3047147c3","m_import_default","לא צוין","2026-04-30T00:00:00.000Z","warning","rb_fc139a1e3119ee","מקור: �מאגר_מסעדות_לאנש_חבד_ניסן_התשפה.pdf | טשולנטרק (ליל שישי) – שבט מנשה 4, בשרי, לנדא, 055-5506596 | מיקום משוער לפי עיר; ניתן לתקן במפה.","2026-04-17T00:00:00.000Z","31.937103","34.884544","meat","055-5506596",""
"r_caebe537c5eae2","בראדרס (ליל שישי)","הרב אלישיב 5","לוד","Mehadrin","h_0dc7b871049d03","m_import_default","לא צוין","2026-04-30T00:00:00.000Z","warning","rb_288e8a3c167cd5","מקור: �מאגר_מסעדות_לאנש_חבד_ניסן_התשפה.pdf | בראדרס (ליל שישי) - הרב אלישיב 5, בשרי, העדה החרדית | מיקום משוער לפי עיר; ניתן לתקן במפה.","2026-04-17T00:00:00.000Z","31.964933","34.898333","meat","",""
"r_f6aae51a699888","מאפיית עיני","אזור תעשייה R סנטר","מודיעין","Mehadrin","h_0dc7b871049d03","m_import_default","לא צוין","2026-04-30T00:00:00.000Z","warning","rb_288e8a3c167cd5","מקור: �מאגר_מסעדות_לאנש_חבד_ניסן_התשפה.pdf | מאפיית עיני – אזור תעשייה R סנטר, פרווה, העדה החרדית | מיקום משוער לפי עיר; ניתן לתקן במפה.","2026-04-17T00:00:00.000Z","31.891456","35.00016","pareve","",""
"r_f9b0e540a93830","מאפיית שובע שמחות","רשב""י 29","מודיעין עלית קריית ספר","Mehadrin","h_943fe3047147c3","m_import_default","לא צוין","2026-04-30T00:00:00.000Z","warning","rb_fc139a1e3119ee","מקור: �מאגר_מסעדות_לאנש_חבד_ניסן_התשפה.pdf | מאפיית שובע שמחות – רשב""י 29, פרווה, לנדא | מיקום משוער לפי עיר; ניתן לתקן במפה.","2026-04-17T00:00:00.000Z","31.936284","35.038465","pareve","",""
"r_25715965636bda","מאפיית הודיה","רבי עקיבא 3","מודיעין עלית קריית ספר","Mehadrin","h_943fe3047147c3","m_import_default","לא צוין","2026-04-30T00:00:00.000Z","warning","rb_fc139a1e3119ee","מקור: �מאגר_מסעדות_לאנש_חבד_ניסן_התשפה.pdf | מאפיית הודיה - רבי עקיבא 3, פרווה, לנדא | מיקום משוער לפי עיר; ניתן לתקן במפה.","2026-04-17T00:00:00.000Z","31.940825","35.040571","pareve","",""
"r_53b68b293dcc6c","מאפיית הודיה","אבני נזר 18","מודיעין עלית קריית ספר","Mehadrin","h_943fe3047147c3","m_import_default","לא צוין","2026-04-30T00:00:00.000Z","warning","rb_fc139a1e3119ee","מקור: �מאגר_מסעדות_לאנש_חבד_ניסן_התשפה.pdf | מאפיית הודיה - אבני נזר 18, פרווה, לנדא | מיקום משוער לפי עיר; ניתן לתקן במפה.","2026-04-17T00:00:00.000Z","31.918153","35.045977","pareve","",""
"r_f02d9ad599f468","מאפיית הודיה","שדרות יחזקאל 2","מודיעין עלית קריית ספר","Mehadrin","h_943fe3047147c3","m_import_default","לא צוין","2026-04-30T00:00:00.000Z","warning","rb_fc139a1e3119ee","מקור: �מאגר_מסעדות_לאנש_חבד_ניסן_התשפה.pdf | מאפיית הודיה - שדרות יחזקאל 2, פרווה, לנדא | מיקום משוער לפי עיר; ניתן לתקן במפה.","2026-04-17T00:00:00.000Z","31.929543","35.050233","pareve","",""
"r_2b86b4e6f11c70","פיצה שמש","אבני נזר 46","מודיעין עלית קריית ספר","Mehadrin","h_0dc7b871049d03","m_import_default","לא צוין","2026-04-30T00:00:00.000Z","warning","rb_288e8a3c167cd5","מקור: �מאגר_מסעדות_לאנש_חבד_ניסן_התשפה.pdf | פיצה שמש - אבני נזר 46, חלבי, העדה החרדית | מיקום משוער לפי עיר; ניתן לתקן במפה.","2026-04-17T00:00:00.000Z","31.923324","35.025276","dairy","",""
"r_edb2d8e98dc88f","פלאפל ברכת השם","נחמה וינר 9","נתניה","Mehadrin","h_0dc7b871049d03","m_import_default","לא צוין","2026-04-30T00:00:00.000Z","warning","rb_288e8a3c167cd5","מקור: �מאגר_מסעדות_לאנש_חבד_ניסן_התשפה.pdf | פלאפל ברכת השם - נחמה וינר 9, פרווה, 3382590 - 053 בד״ץ בהידור הכשרות (מוצרים העדה החרדית ולנדא) | מיקום משוער לפי עיר; ניתן לתקן במפה.","2026-04-17T00:00:00.000Z","32.316325","34.851309","pareve","",""
"r_04be7b7215bbfd","פיצה שמש","הרצל 51","נתניה","Mehadrin","h_0dc7b871049d03","m_import_default","לא צוין","2026-04-30T00:00:00.000Z","warning","rb_288e8a3c167cd5","מקור: �מאגר_מסעדות_לאנש_חבד_ניסן_התשפה.pdf | פיצה שמש - הרצל 51, חלבי, העדה החרדית | מיקום משוער לפי עיר; ניתן לתקן במפה.","2026-04-17T00:00:00.000Z","32.324012","34.870245","dairy","",""
"r_53d4837ee12277","פיצה שמש","פנחס לבון 39","נתניה","Mehadrin","h_0dc7b871049d03","m_import_default","לא צוין","2026-04-30T00:00:00.000Z","warning","rb_288e8a3c167cd5","מקור: �מאגר_מסעדות_לאנש_חבד_ניסן_התשפה.pdf | פיצה שמש - פנחס לבון 39, חלבי, העדה החרדית | מיקום משוער לפי עיר; ניתן לתקן במפה.","2026-04-17T00:00:00.000Z","32.327365","34.861441","dairy","",""
"r_752e70036ee985","הרשיז פיצה","דברי חיים 20","נתניה","Mehadrin","h_0dc7b871049d03","m_import_default","לא צוין","2026-04-30T00:00:00.000Z","warning","rb_288e8a3c167cd5","מקור: �מאגר_מסעדות_לאנש_חבד_ניסן_התשפה.pdf | הרשיז פיצה - דברי חיים 20, חלבי, בד״ץ ק״ק צאנז (מוצרים העדה החרדית ולנדא) | מיקום משוער לפי עיר; ניתן לתקן במפה.","2026-04-17T00:00:00.000Z","32.335925","34.869426","dairy","",""
"r_4b3934fc64d073","פינת הפיצה","בארי 76","נתניה","Mehadrin","h_0dc7b871049d03","m_import_default","לא צוין","2026-04-30T00:00:00.000Z","warning","rb_288e8a3c167cd5","מקור: �מאגר_מסעדות_לאנש_חבד_ניסן_התשפה.pdf | פינת הפיצה - בארי 76, חלבי, בד״ץ בהידור הכשרות (מוצרים העדה החרדית ולנדא) | מיקום משוער לפי עיר; ניתן לתקן במפה.","2026-04-17T00:00:00.000Z","32.315259","34.861427","dairy","",""
"r_04f4e2d9967cdc","פיצה גולד","הגאון מוילנה 1","עמנואל","Mehadrin","h_0dc7b871049d03","m_import_default","לא צוין","2026-04-30T00:00:00.000Z","warning","rb_288e8a3c167cd5","מקור: �מאגר_מסעדות_לאנש_חבד_ניסן_התשפה.pdf | פיצה גולד – הגאון מוילנה 1, חלבי, העדה החרדית, 09-7922222 | מיקום משוער לפי עיר; ניתן לתקן במפה.","2026-04-17T00:00:00.000Z","32.147343","35.142366","dairy","09-7922222",""
"r_0002b2d1791548","עמית אופים מהלב","חיים עוזר 31","פתח תקווה","Mehadrin","h_943fe3047147c3","m_import_default","לא צוין","2026-04-30T00:00:00.000Z","warning","rb_fc139a1e3119ee","מקור: �מאגר_מסעדות_לאנש_חבד_ניסן_התשפה.pdf | עמית אופים מהלב - חיים עוזר 31, פרווה, לנדא | מיקום משוער לפי עיר; ניתן לתקן במפה.","2026-04-17T00:00:00.000Z","32.090048","34.87971","pareve","",""
"r_0194c6528a2662","פת הנחתום","צלח שלום 30","פתח תקווה","Mehadrin","h_943fe3047147c3","m_import_default","לא צוין","2026-04-30T00:00:00.000Z","warning","rb_fc139a1e3119ee","מקור: �מאגר_מסעדות_לאנש_חבד_ניסן_התשפה.pdf | פת הנחתום – צלח שלום 30, פרווה, לנדא | מיקום משוער לפי עיר; ניתן לתקן במפה.","2026-04-17T00:00:00.000Z","32.092971","34.875365","pareve","",""
"r_9b6d03fdde274a","קובטיס מאפים","אפעל 18","פתח תקווה","Mehadrin","h_943fe3047147c3","m_import_default","לא צוין","2026-04-30T00:00:00.000Z","warning","rb_fc139a1e3119ee","מקור: �מאגר_מסעדות_לאנש_חבד_ניסן_התשפה.pdf | קובטיס מאפים – אפעל 18, פרווה, לנדא | מיקום משוער לפי עיר; ניתן לתקן במפה.","2026-04-17T00:00:00.000Z","32.097334","34.892185","pareve","",""
"r_0ffd52d972e1b2","ש י בולי התקווה","הרב ישעיהו משורר 11","פתח תקווה","Mehadrin","h_943fe3047147c3","m_import_default","לא צוין","2026-04-30T00:00:00.000Z","warning","rb_fc139a1e3119ee","מקור: �מאגר_מסעדות_לאנש_חבד_ניסן_התשפה.pdf | ש י בולי התקווה – הרב ישעיהו משורר 11, פרווה, לנדא | מיקום משוער לפי עיר; ניתן לתקן במפה.","2026-04-17T00:00:00.000Z","32.081209","34.885981","pareve","",""
"r_4003b98a1f6d57","מאפיית מהדרין","אבשלום גיסין 86","פתח תקווה","Mehadrin","h_0dc7b871049d03","m_import_default","לא צוין","2026-04-30T00:00:00.000Z","warning","rb_288e8a3c167cd5","מקור: �מאגר_מסעדות_לאנש_חבד_ניסן_התשפה.pdf | מאפיית מהדרין – אבשלום גיסין 86, פרווה, העדה החרדית | מיקום משוער לפי עיר; ניתן לתקן במפה.","2026-04-17T00:00:00.000Z","32.096122","34.903798","pareve","",""
"r_6c9c3a1d718d94","מאפיית מהדרין","החמישה 1","פתח תקווה","Mehadrin","h_0dc7b871049d03","m_import_default","לא צוין","2026-04-30T00:00:00.000Z","warning","rb_288e8a3c167cd5","מקור: �מאגר_מסעדות_לאנש_חבד_ניסן_התשפה.pdf | מאפיית מהדרין – החמישה 1, פרווה, העדה החרדית | מיקום משוער לפי עיר; ניתן לתקן במפה.","2026-04-17T00:00:00.000Z","32.100598","34.877264","pareve","",""
"r_2fff5f6b2fb097","פיצה גולד","הרב שלום שבזי 38","ראש העין","Mehadrin","h_943fe3047147c3","m_import_default","לא צוין","2026-04-30T00:00:00.000Z","warning","rb_fc139a1e3119ee","מקור: �מאגר_מסעדות_לאנש_חבד_ניסן_התשפה.pdf | פיצה גולד - הרב שלום שבזי 38, חלבי, לנדא | מיקום משוער לפי עיר; ניתן לתקן במפה.","2026-04-17T00:00:00.000Z","32.086232","34.96159","dairy","",""
"r_bfbd51e2f1df0b","פיצה סטורי","הרב שלום שבזי 30","ראש העין","Mehadrin","h_943fe3047147c3","m_import_default","לא צוין","2026-04-30T00:00:00.000Z","warning","rb_fc139a1e3119ee","מקור: �מאגר_מסעדות_לאנש_חבד_ניסן_התשפה.pdf | פיצה סטורי – הרב שלום שבזי 30, חלבי, לנדא | מיקום משוער לפי עיר; ניתן לתקן במפה.","2026-04-17T00:00:00.000Z","32.102033","34.944667","dairy","",""
"r_db871171761759","מאפיית א.א. הרמנ'ס","פלוטצקי 10","ראשון לציון","Mehadrin","h_7c3ca4f927a2da","m_import_default","לא צוין","2026-04-30T00:00:00.000Z","warning","rb_96167aea894dc8","מקור: �מאגר_מסעדות_לאנש_חבד_ניסן_התשפה.pdf | מאפיית א.א. הרמנ'ס – פלוטצקי 10, פרווה, הרב דוברבסקי, 03-9500902 | מיקום משוער לפי עיר; ניתן לתקן במפה.","2026-04-17T00:00:00.000Z","31.967891","34.793166","pareve","03-9500902",""
"r_53530f35ef939f","מאפיית עיני","הכשרת הישוב 1","ראשון לציון","Mehadrin","h_0dc7b871049d03","m_import_default","לא צוין","2026-04-30T00:00:00.000Z","warning","rb_288e8a3c167cd5","מקור: �מאגר_מסעדות_לאנש_חבד_ניסן_התשפה.pdf | מאפיית עיני – הכשרת הישוב 1, פרווה, העדה החרדית | מיקום משוער לפי עיר; ניתן לתקן במפה.","2026-04-17T00:00:00.000Z","31.978212","34.786418","pareve","",""
"r_d682e290807e42","מאפיית רומן","בנימין שמוטקין 19","ראשון לציון","Mehadrin","h_943fe3047147c3","m_import_default","לא צוין","2026-04-30T00:00:00.000Z","warning","rb_fc139a1e3119ee","מקור: �מאגר_מסעדות_לאנש_חבד_ניסן_התשפה.pdf | מאפיית רומן – בנימין שמוטקין 19, פרווה, לנדא | מיקום משוער לפי עיר; ניתן לתקן במפה.","2026-04-17T00:00:00.000Z","31.965555","34.777427","pareve","",""
"r_387677bee51749","שיבולת השרון הלאום","האלוף דוד 6","ראשון לציון","Mehadrin","h_943fe3047147c3","m_import_default","לא צוין","2026-04-30T00:00:00.000Z","warning","rb_fc139a1e3119ee","מקור: �מאגר_מסעדות_לאנש_חבד_ניסן_התשפה.pdf | שיבולת השרון הלאום – האלוף דוד 6, פרווה/חלבי, לנדא | מיקום משוער לפי עיר; ניתן לתקן במפה.","2026-04-17T00:00:00.000Z","31.978462","34.795384","dairy","",""
"r_e25e785f4ec506","פיצה שמש","יהודה לייב פינסקר 20","ראשון לציון","Mehadrin","h_943fe3047147c3","m_import_default","לא צוין","2026-04-30T00:00:00.000Z","warning","rb_fc139a1e3119ee","מקור: �מאגר_מסעדות_לאנש_חבד_ניסן_התשפה.pdf | פיצה שמש - יהודה לייב פינסקר 20, חלבי, לנדא | מיקום משוער לפי עיר; ניתן לתקן במפה.","2026-04-17T00:00:00.000Z","31.979419","34.787678","dairy","",""
"r_f281c833fedc6b","פיצה הוליווד","יהודה לייב פינסקר 8","ראשון לציון","Mehadrin","h_943fe3047147c3","m_import_default","לא צוין","2026-04-30T00:00:00.000Z","warning","rb_fc139a1e3119ee","מקור: �מאגר_מסעדות_לאנש_חבד_ניסן_התשפה.pdf | פיצה הוליווד - יהודה לייב פינסקר 8, חלבי, לנדא | מיקום משוער לפי עיר; ניתן לתקן במפה.","2026-04-17T00:00:00.000Z","31.985427","34.799305","dairy","",""
"r_2aaa936ac04434","פיצה סטורי","זלמן שזר 27","ראשון לציון","Mehadrin","h_943fe3047147c3","m_import_default","לא צוין","2026-04-30T00:00:00.000Z","warning","rb_fc139a1e3119ee","מקור: �מאגר_מסעדות_לאנש_חבד_ניסן_התשפה.pdf | פיצה סטורי – זלמן שזר 27, חלבי, לנדא | מיקום משוער לפי עיר; ניתן לתקן במפה.","2026-04-17T00:00:00.000Z","31.960701","34.787217","dairy","",""
"r_c956c18405c712","אבי מלכא (ליל שישי)","דרך המכבים 56","ראשון לציון","Mehadrin","h_7c3ca4f927a2da","m_import_default","לא צוין","2026-04-30T00:00:00.000Z","warning","rb_96167aea894dc8","מקור: �מאגר_מסעדות_לאנש_חבד_ניסן_התשפה.pdf | אבי מלכא (ליל שישי) – דרך המכבים 56, בשרי, הרב דוברבסקי, 058-6977038 | מיקום משוער לפי עיר; ניתן לתקן במפה.","2026-04-17T00:00:00.000Z","31.987993","34.802374","meat","058-6977038",""
"r_6516a87d0d5310","מאפיית שמואל","עזרא 4","רחובות","Mehadrin","h_7c3ca4f927a2da","m_import_default","לא צוין","2026-04-30T00:00:00.000Z","warning","rb_96167aea894dc8","מקור: �מאגר_מסעדות_לאנש_חבד_ניסן_התשפה.pdf | מאפיית שמואל - עזרא 4, פרווה, הרב גלוכובסקי | מיקום משוער לפי עיר; ניתן לתקן במפה.","2026-04-17T00:00:00.000Z","31.909793","34.807485","pareve","",""
"r_4fc1588277f285","מאפיית מנחת עדן","הרב זכריה מדאר 20","רחובות","Mehadrin","h_7c3ca4f927a2da","m_import_default","לא צוין","2026-04-30T00:00:00.000Z","warning","rb_96167aea894dc8","מקור: �מאגר_מסעדות_לאנש_חבד_ניסן_התשפה.pdf | מאפיית מנחת עדן - הרב זכריה מדאר 20, פרווה, הרב גלוכובסקי | מיקום משוער לפי עיר; ניתן לתקן במפה.","2026-04-17T00:00:00.000Z","31.88678","34.81715","pareve","",""
"r_25f183f07e6378","תבלין אין","דרך ירושלים 2","רחובות","Mehadrin","h_7c3ca4f927a2da","m_import_default","לא צוין","2026-04-30T00:00:00.000Z","warning","rb_96167aea894dc8","מקור: �מאגר_מסעדות_לאנש_חבד_ניסן_התשפה.pdf | תבלין אין - דרך ירושלים 2, פרווה, הרב גלוכובסקי | מיקום משוער לפי עיר; ניתן לתקן במפה.","2026-04-17T00:00:00.000Z","31.886671","34.819812","pareve","",""
"r_76dff6c301b14d","שיבולת השרון","הרצל 167","רחובות","Mehadrin","h_943fe3047147c3","m_import_default","לא צוין","2026-04-30T00:00:00.000Z","warning","rb_fc139a1e3119ee","מקור: �מאגר_מסעדות_לאנש_חבד_ניסן_התשפה.pdf | שיבולת השרון - הרצל 167, חלבי, לנדא | מיקום משוער לפי עיר; ניתן לתקן במפה.","2026-04-17T00:00:00.000Z","31.894643","34.798321","dairy","",""
"r_e6820bc8cda8e6","פיצה שמש","עזרא 56","רחובות","Mehadrin","h_943fe3047147c3","m_import_default","לא צוין","2026-04-30T00:00:00.000Z","warning","rb_fc139a1e3119ee","מקור: �מאגר_מסעדות_לאנש_חבד_ניסן_התשפה.pdf | פיצה שמש - עזרא 56, חלבי, לנדא | מיקום משוער לפי עיר; ניתן לתקן במפה.","2026-04-17T00:00:00.000Z","31.892862","34.821495","dairy","",""
"r_26e6f66312ef13","פיצה סמיילי","דרך ירושלים 2","רחובות","Mehadrin","h_7c3ca4f927a2da","m_import_default","לא צוין","2026-04-30T00:00:00.000Z","warning","rb_96167aea894dc8","מקור: �מאגר_מסעדות_לאנש_חבד_ניסן_התשפה.pdf | פיצה סמיילי - דרך ירושלים 2, חלבי, הרב גלוכובסקי | מיקום משוער לפי עיר; ניתן לתקן במפה.","2026-04-17T00:00:00.000Z","31.894229","34.813097","dairy","",""
"r_cdab44572013db","פיצה ראובן","הרצל 126","רחובות","Mehadrin","h_7c3ca4f927a2da","m_import_default","לא צוין","2026-04-30T00:00:00.000Z","warning","rb_96167aea894dc8","מקור: �מאגר_מסעדות_לאנש_חבד_ניסן_התשפה.pdf | פיצה ראובן - הרצל 126, חלבי, הרב גלוכובסקי | מיקום משוער לפי עיר; ניתן לתקן במפה.","2026-04-17T00:00:00.000Z","31.890206","34.799846","dairy","",""
"r_db034f17421199","פיצה סטורי","הרצל 97","רחובות","Mehadrin","h_943fe3047147c3","m_import_default","לא צוין","2026-04-30T00:00:00.000Z","warning","rb_fc139a1e3119ee","מקור: �מאגר_מסעדות_לאנש_חבד_ניסן_התשפה.pdf | פיצה סטורי – הרצל 97, חלבי, לנדא | מיקום משוער לפי עיר; ניתן לתקן במפה.","2026-04-17T00:00:00.000Z","31.909761","34.800514","dairy","",""
"r_4be023be78a4e7","אומנות הלחם","אחוזה 108","רעננה","Mehadrin","h_943fe3047147c3","m_import_default","לא צוין","2026-04-30T00:00:00.000Z","warning","rb_fc139a1e3119ee","מקור: �מאגר_מסעדות_לאנש_חבד_ניסן_התשפה.pdf | אומנות הלחם - אחוזה 108, פרווה, לנדא | מיקום משוער לפי עיר; ניתן לתקן במפה.","2026-04-17T00:00:00.000Z","32.201041","34.869813","pareve","",""
"r_ae91964d97bc8d","מאפיית עמית","החרושת 13","רעננה","Mehadrin","h_943fe3047147c3","m_import_default","לא צוין","2026-04-30T00:00:00.000Z","warning","rb_fc139a1e3119ee","מקור: �מאגר_מסעדות_לאנש_חבד_ניסן_התשפה.pdf | מאפיית עמית - החרושת 13, פרווה, לנדא | מיקום משוער לפי עיר; ניתן לתקן במפה.","2026-04-17T00:00:00.000Z","32.198565","34.880234","pareve","",""
"r_a3f221f3abc852","פיצה שמש","בית אל 12","תל אביב","Mehadrin","h_943fe3047147c3","m_import_default","לא צוין","2026-04-30T00:00:00.000Z","warning","rb_fc139a1e3119ee","מקור: �מאגר_מסעדות_לאנש_חבד_ניסן_התשפה.pdf | פיצה שמש – בית אל 12, חלבי, לנדא | מיקום משוער לפי עיר; ניתן לתקן במפה.","2026-04-17T00:00:00.000Z","32.08977","34.793049","dairy","",""
"r_fee343fd7633c2","פיצה אנד טורטיה","אלנבי 79","תל אביב","Mehadrin","h_0dc7b871049d03","m_import_default","לא צוין","2026-04-30T00:00:00.000Z","warning","rb_288e8a3c167cd5","מקור: �מאגר_מסעדות_לאנש_חבד_ניסן_התשפה.pdf | פיצה אנד טורטיה - אלנבי 79,חלבי,רבנות מהדרין תל אביב (מוצרים העדה החרדית לנדא) | מיקום משוער לפי עיר; ניתן לתקן במפה.","2026-04-17T00:00:00.000Z","32.074401","34.791069","dairy","",""
"r_e6acc84b01439f","רג׳ינה","מבנה 10 מתחם התחנה","תל אביב","Mehadrin","h_7c3ca4f927a2da","m_import_default","לא צוין","2026-04-30T00:00:00.000Z","warning","rb_96167aea894dc8","מקור: �מאגר_מסעדות_לאנש_חבד_ניסן_התשפה.pdf | רג׳ינה - מבנה 10 מתחם התחנה, בשרי, הרב גערליצקי אזור הדרום | מיקום משוער לפי עיר; ניתן לתקן במפה.","2026-04-17T00:00:00.000Z","32.075707","34.793467","meat","",""
"r_b3023c4a079110","מאפיית לחם א.א","מבצע קדש 4","אופקים","Mehadrin","h_943fe3047147c3","m_import_default","לא צוין","2026-04-30T00:00:00.000Z","warning","rb_fc139a1e3119ee","מקור: �מאגר_מסעדות_לאנש_חבד_ניסן_התשפה.pdf | מאפיית לחם א.א – מבצע קדש 4, פרווה, לנדא | מיקום משוער לפי עיר; ניתן לתקן במפה.","2026-04-17T00:00:00.000Z","31.300341","34.633081","pareve","",""
"r_65838191a8f0b3","פיצה שמש","הרצל 26","אופקים","Mehadrin","h_943fe3047147c3","m_import_default","לא צוין","2026-04-30T00:00:00.000Z","warning","rb_fc139a1e3119ee","מקור: �מאגר_מסעדות_לאנש_חבד_ניסן_התשפה.pdf | פיצה שמש – הרצל 26, חלבי, לנדא | מיקום משוער לפי עיר; ניתן לתקן במפה.","2026-04-17T00:00:00.000Z","31.300832","34.632189","dairy","",""
"r_ba50cfc4ae69be","Jetlek","הרצל 26","אופקים","Mehadrin","h_943fe3047147c3","m_import_default","לא צוין","2026-04-30T00:00:00.000Z","warning","rb_fc139a1e3119ee","מקור: �מאגר_מסעדות_לאנש_חבד_ניסן_התשפה.pdf | Jetlek – הרצל 26, חלבי, לנדא, 053-3200301 | מיקום משוער לפי עיר; ניתן לתקן במפה.","2026-04-17T00:00:00.000Z","31.313517","34.63249","dairy","053-3200301",""
"r_41b5692f1bd4af","מאפיית עיני","מנחם בגין 132","אשדוד","Mehadrin","h_0dc7b871049d03","m_import_default","לא צוין","2026-04-30T00:00:00.000Z","warning","rb_288e8a3c167cd5","מקור: �מאגר_מסעדות_לאנש_חבד_ניסן_התשפה.pdf | מאפיית עיני - מנחם בגין 132, פרווה, העדה החרדית | מיקום משוער לפי עיר; ניתן לתקן במפה.","2026-04-17T00:00:00.000Z","31.809786","34.640222","pareve","",""
"r_d459655dffab54","מאפיית אנג’ל","רשב""י 2","אשדוד","Mehadrin","h_0dc7b871049d03","m_import_default","לא צוין","2026-04-30T00:00:00.000Z","warning","rb_288e8a3c167cd5","מקור: �מאגר_מסעדות_לאנש_חבד_ניסן_התשפה.pdf | מאפיית אנג’ל - רשב""י 2, פרווה, העדה החרדית | מיקום משוער לפי עיר; ניתן לתקן במפה.","2026-04-17T00:00:00.000Z","31.797262","34.662388","pareve","",""
"r_181884a681e72d","מאפיית חן הלחם","העבודה 18","אשדוד","Mehadrin","h_0dc7b871049d03","m_import_default","לא צוין","2026-04-30T00:00:00.000Z","warning","rb_288e8a3c167cd5","מקור: �מאגר_מסעדות_לאנש_חבד_ניסן_התשפה.pdf | מאפיית חן הלחם - העבודה 18, פרווה, העדה החרדית | מיקום משוער לפי עיר; ניתן לתקן במפה.","2026-04-17T00:00:00.000Z","31.810836","34.656812","pareve","",""
"r_5f74bde7736730","מאפיית פת הלחם","הפלמ""ח 20","אשדוד","Mehadrin","h_7c3ca4f927a2da","m_import_default","לא צוין","2026-04-30T00:00:00.000Z","warning","rb_96167aea894dc8","מקור: �מאגר_מסעדות_לאנש_חבד_ניסן_התשפה.pdf | מאפיית פת הלחם - הפלמ""ח 20, פרווה, רבני הקריות | מיקום משוער לפי עיר; ניתן לתקן במפה.","2026-04-17T00:00:00.000Z","31.81949","34.664294","pareve","",""
"r_cb9f25c60e8cfc","מאפיית דהרי","רשב""י 14","אשדוד","Mehadrin","h_7c3ca4f927a2da","m_import_default","לא צוין","2026-04-30T00:00:00.000Z","warning","rb_96167aea894dc8","מקור: �מאגר_מסעדות_לאנש_חבד_ניסן_התשפה.pdf | מאפיית דהרי - רשב""י 14, פרווה, רבני הקריות | מיקום משוער לפי עיר; ניתן לתקן במפה.","2026-04-17T00:00:00.000Z","31.808264","34.671491","pareve","",""
"r_47fce11e5cc6cf","מעדניית הרובע","הורקנוס 22","אשדוד","Mehadrin","h_7c3ca4f927a2da","m_import_default","לא צוין","2026-04-30T00:00:00.000Z","warning","rb_96167aea894dc8","מקור: �מאגר_מסעדות_לאנש_חבד_ניסן_התשפה.pdf | מעדניית הרובע – הורקנוס 22, פרווה, רבני הקריות | מיקום משוער לפי עיר; ניתן לתקן במפה.","2026-04-17T00:00:00.000Z","31.815762","34.670292","pareve","",""
"r_3e9cf2c4d634f4","פלאפל בראשית","רבי אליעזר בן הורקנוס 5","אשדוד","Mehadrin","h_7c3ca4f927a2da","m_import_default","לא צוין","2026-04-30T00:00:00.000Z","warning","rb_96167aea894dc8","מקור: �מאגר_מסעדות_לאנש_חבד_ניסן_התשפה.pdf | פלאפל בראשית - רבי אליעזר בן הורקנוס 5, פרווה, רבני הקריות | מיקום משוער לפי עיר; ניתן לתקן במפה.","2026-04-17T00:00:00.000Z","31.788654","34.666333","pareve","",""
"r_fcdd1e31b06cfb","שיבולת השרון","האורגים 21","אשדוד","Mehadrin","h_7c3ca4f927a2da","m_import_default","לא צוין","2026-04-30T00:00:00.000Z","warning","rb_96167aea894dc8","מקור: �מאגר_מסעדות_לאנש_חבד_ניסן_התשפה.pdf | שיבולת השרון - האורגים 21, פרווה/ חלבי, רבני הקריות | מיקום משוער לפי עיר; ניתן לתקן במפה.","2026-04-17T00:00:00.000Z","31.788056","34.64528","dairy","",""
"r_830350010b9779","דלקרם","גשר עד הלום 3","אשדוד","Mehadrin","h_7c3ca4f927a2da","m_import_default","לא צוין","2026-04-30T00:00:00.000Z","warning","rb_96167aea894dc8","מקור: �מאגר_מסעדות_לאנש_חבד_ניסן_התשפה.pdf | דלקרם – גשר עד הלום 3, חלבי, רבני הקריות, 058-4114706 | מיקום משוער לפי עיר; ניתן לתקן במפה.","2026-04-17T00:00:00.000Z","31.807865","34.640768","dairy","058-4114706",""
"r_d827d22487e1f4","א גרויסע פיצה","רשב""י 15","אשדוד","Mehadrin","h_0dc7b871049d03","m_import_default","לא צוין","2026-04-30T00:00:00.000Z","warning","rb_288e8a3c167cd5","מקור: �מאגר_מסעדות_לאנש_חבד_ניסן_התשפה.pdf | א גרויסע פיצה - רשב""י 15, חלבי, העדה החרדית, 08-6915555 | מיקום משוער לפי עיר; ניתן לתקן במפה.","2026-04-17T00:00:00.000Z","31.802038","34.645032","dairy","08-6915555",""
"r_c997dc97103a8d","פיצה בורו פארק","שלמה בן יוסף 27","אשדוד","Mehadrin","h_7c3ca4f927a2da","m_import_default","לא צוין","2026-04-30T00:00:00.000Z","warning","rb_96167aea894dc8","מקור: �מאגר_מסעדות_לאנש_חבד_ניסן_התשפה.pdf | פיצה בורו פארק - שלמה בן יוסף 27, חלבי, רבני הקריות | מיקום משוער לפי עיר; ניתן לתקן במפה.","2026-04-17T00:00:00.000Z","31.795017","34.639825","dairy","",""
"r_544edf4b65216e","פיצה לב הרובע","רבי ינאי 7","אשדוד","Mehadrin","h_7c3ca4f927a2da","m_import_default","לא צוין","2026-04-30T00:00:00.000Z","warning","rb_96167aea894dc8","מקור: �מאגר_מסעדות_לאנש_חבד_ניסן_התשפה.pdf | פיצה לב הרובע - רבי ינאי 7, חלבי, רבני הקריות | מיקום משוער לפי עיר; ניתן לתקן במפה.","2026-04-17T00:00:00.000Z","31.788797","34.664147","dairy","",""
"r_cd76a75822a14c","פיצה ש מש","דב גור 11","אשדוד","Mehadrin","h_7c3ca4f927a2da","m_import_default","לא צוין","2026-04-30T00:00:00.000Z","warning","rb_96167aea894dc8","מקור: �מאגר_מסעדות_לאנש_חבד_ניסן_התשפה.pdf | פיצה ש מש – דב גור 11, חלבי, רבני הקריות | מיקום משוער לפי עיר; ניתן לתקן במפה.","2026-04-17T00:00:00.000Z","31.81684","34.666413","dairy","",""
"r_305733e78da04a","עידן הפיצה","יהודה הנשיא 8","אשדוד","Mehadrin","h_7c3ca4f927a2da","m_import_default","לא צוין","2026-04-30T00:00:00.000Z","warning","rb_96167aea894dc8","מקור: �מאגר_מסעדות_לאנש_חבד_ניסן_התשפה.pdf | עידן הפיצה - יהודה הנשיא 8, חלבי, רבני הקריות | מיקום משוער לפי עיר; ניתן לתקן במפה.","2026-04-17T00:00:00.000Z","31.788424","34.646011","dairy","",""
"r_bf7cbb6284552b","עידן הפיצה","הפרחים 20","אשדוד","Mehadrin","h_7c3ca4f927a2da","m_import_default","לא צוין","2026-04-30T00:00:00.000Z","warning","rb_96167aea894dc8","מקור: �מאגר_מסעדות_לאנש_חבד_ניסן_התשפה.pdf | עידן הפיצה - הפרחים 20, חלבי, רבני הקריות | מיקום משוער לפי עיר; ניתן לתקן במפה.","2026-04-17T00:00:00.000Z","31.798111","34.644581","dairy","",""
"r_7b7763e6a07bd9","פישרס פיצה","רבי מאיר בעל הנס 2","אשדוד","Mehadrin","h_7c3ca4f927a2da","m_import_default","לא צוין","2026-04-30T00:00:00.000Z","warning","rb_96167aea894dc8","מקור: �מאגר_מסעדות_לאנש_חבד_ניסן_התשפה.pdf | פישרס פיצה - רבי מאיר בעל הנס 2, חלבי, רבני הקריות | מיקום משוער לפי עיר; ניתן לתקן במפה.","2026-04-17T00:00:00.000Z","31.811124","34.667375","dairy","",""
"r_8cc635ee5ff451","פיצה דלישס","הפלמ""ח 20","אשדוד","Mehadrin","h_7c3ca4f927a2da","m_import_default","לא צוין","2026-04-30T00:00:00.000Z","warning","rb_96167aea894dc8","מקור: �מאגר_מסעדות_לאנש_חבד_ניסן_התשפה.pdf | פיצה דלישס – הפלמ""ח 20, חלבי, רבני הקריות | מיקום משוער לפי עיר; ניתן לתקן במפה.","2026-04-17T00:00:00.000Z","31.815497","34.669411","dairy","",""
"r_a62b60725cbcc5","פיצה סמיילי","חטיבת כרמלי 3","אשדוד","Mehadrin","h_7c3ca4f927a2da","m_import_default","לא צוין","2026-04-30T00:00:00.000Z","warning","rb_96167aea894dc8","מקור: �מאגר_מסעדות_לאנש_חבד_ניסן_התשפה.pdf | פיצה סמיילי – חטיבת כרמלי 3, חלבי, רבני הקריות, 08-8666112 | מיקום משוער לפי עיר; ניתן לתקן במפה.","2026-04-17T00:00:00.000Z","31.82056","34.656589","dairy","08-8666112",""
"r_fcab3bbf559b72","לה קצפת","הפלמ""ח 20","אשדוד","Mehadrin","h_7c3ca4f927a2da","m_import_default","לא צוין","2026-04-30T00:00:00.000Z","warning","rb_96167aea894dc8","מקור: �מאגר_מסעדות_לאנש_חבד_ניסן_התשפה.pdf | לה קצפת - הפלמ""ח 20, חלבי, רבני הקריות | מיקום משוער לפי עיר; ניתן לתקן במפה.","2026-04-17T00:00:00.000Z","31.808684","34.638665","dairy","",""
"r_7d6bf42fb99ab7","שומשום","יהודה המכבי 6","אשדוד","Mehadrin","h_7c3ca4f927a2da","m_import_default","לא צוין","2026-04-30T00:00:00.000Z","warning","rb_96167aea894dc8","מקור: �מאגר_מסעדות_לאנש_חבד_ניסן_התשפה.pdf | שומשום - יהודה המכבי 6, חלבי, רבני הקריות | מיקום משוער לפי עיר; ניתן לתקן במפה.","2026-04-17T00:00:00.000Z","31.819761","34.672067","dairy","",""
"r_6be0ec42ca4304","שטיסל","הפלמ""ח 40","אשדוד","Mehadrin","h_943fe3047147c3","m_import_default","לא צוין","2026-04-30T00:00:00.000Z","warning","rb_fc139a1e3119ee","מקור: �מאגר_מסעדות_לאנש_חבד_ניסן_התשפה.pdf | שטיסל - הפלמ""ח 40, בשרי, לנדא | מיקום משוער לפי עיר; ניתן לתקן במפה.","2026-04-17T00:00:00.000Z","31.794005","34.662382","meat","",""
"r_cdc50cba3ac5f3","אודי'ס","העבודה 64","אשדוד","Mehadrin","h_943fe3047147c3","m_import_default","לא צוין","2026-04-30T00:00:00.000Z","warning","rb_fc139a1e3119ee","מקור: �מאגר_מסעדות_לאנש_חבד_ניסן_התשפה.pdf | אודי'ס – העבודה 64, בשרי, לנדא, 052-6327162 | מיקום משוער לפי עיר; ניתן לתקן במפה.","2026-04-17T00:00:00.000Z","31.794743","34.664955","meat","052-6327162",""
"r_2dbd0f48e5201b","לחמני","הנשיא 4","אשקלון","Mehadrin","h_0dc7b871049d03","m_import_default","לא צוין","2026-04-30T00:00:00.000Z","warning","rb_288e8a3c167cd5","מקור: �מאגר_מסעדות_לאנש_חבד_ניסן_התשפה.pdf | לחמני - הנשיא 4, פרווה, מוצרים העדה החרדית ולנדא באישור בית חב""ד אפרידר אשקלון | מיקום משוער לפי עיר; ניתן לתקן במפה.","2026-04-17T00:00:00.000Z","31.669531","34.564876","pareve","",""
"r_58714d3724e325","פיצה איטליאנו","יוהנסבורג 49","אשקלון","Mehadrin","h_943fe3047147c3","m_import_default","לא צוין","2026-04-30T00:00:00.000Z","warning","rb_fc139a1e3119ee","מקור: �מאגר_מסעדות_לאנש_חבד_ניסן_התשפה.pdf | פיצה איטליאנו - יוהנסבורג 49, חלבי, לנדא | מיקום משוער לפי עיר; ניתן לתקן במפה.","2026-04-17T00:00:00.000Z","31.679719","34.577375","dairy","",""
"r_c7f51007c07937","מאפיית אודל","אליעזר קפלן 13","באר שבע","Mehadrin","h_0dc7b871049d03","m_import_default","לא צוין","2026-04-30T00:00:00.000Z","warning","rb_288e8a3c167cd5","מקור: �מאגר_מסעדות_לאנש_חבד_ניסן_התשפה.pdf | מאפיית אודל - אליעזר קפלן 13, חלבי, בד״ץ באר שבע (מוצרים העדה החרדית ולנדא) | מיקום משוער לפי עיר; ניתן לתקן במפה.","2026-04-17T00:00:00.000Z","31.25966","34.797099","dairy","",""
"r_d4f76c5a51a0a5","הפלאפליה","שפירא 10","באר שבע","Mehadrin","h_0dc7b871049d03","m_import_default","לא צוין","2026-04-30T00:00:00.000Z","warning","rb_288e8a3c167cd5","מקור: �מאגר_מסעדות_לאנש_חבד_ניסן_התשפה.pdf | הפלאפליה - שפירא 10, בשרי, בד״ץ באר שבע (מוצרים העדה החרדית ולנדא, בשרים חב״ד) | מיקום משוער לפי עיר; ניתן לתקן במפה.","2026-04-17T00:00:00.000Z","31.259958","34.783549","meat","",""
"r_fc89a930d6c2e1","טשולנטרק (ליל שישי)","רחוב התמר","בית חלקיה","Mehadrin","h_943fe3047147c3","m_import_default","לא צוין","2026-04-30T00:00:00.000Z","warning","rb_fc139a1e3119ee","מקור: �מאגר_מסעדות_לאנש_חבד_ניסן_התשפה.pdf | טשולנטרק (ליל שישי) – רחוב התמר, בשרי, לנדא, 055-5506596 | מיקום משוער לפי עיר; ניתן לתקן במפה.","2026-04-17T00:00:00.000Z","31.786824","34.816241","meat","055-5506596",""
"r_d68c36188ac08b","מאפה רימון","הרב צבאן 24","נתיבות","Mehadrin","h_0dc7b871049d03","m_import_default","לא צוין","2026-04-30T00:00:00.000Z","warning","rb_288e8a3c167cd5","מקור: �מאגר_מסעדות_לאנש_חבד_ניסן_התשפה.pdf | מאפה רימון - הרב צבאן 24, חלבי, העדה החרדית | מיקום משוער לפי עיר; ניתן לתקן במפה.","2026-04-17T00:00:00.000Z","31.411782","34.60562","dairy","",""
"r_268df14ee9f624","שיבולת השרון","שדרות ירושלים 18","נתיבות","Mehadrin","h_943fe3047147c3","m_import_default","לא צוין","2026-04-30T00:00:00.000Z","warning","rb_fc139a1e3119ee","מקור: �מאגר_מסעדות_לאנש_חבד_ניסן_התשפה.pdf | שיבולת השרון - שדרות ירושלים 18, חלבי, לנדא | מיקום משוער לפי עיר; ניתן לתקן במפה.","2026-04-17T00:00:00.000Z","31.422438","34.574152","dairy","",""
"r_19a64b48101caf","פיצה סטורי","יוסף סמלו 16","נתיבות","Mehadrin","h_943fe3047147c3","m_import_default","לא צוין","2026-04-30T00:00:00.000Z","warning","rb_fc139a1e3119ee","מקור: �מאגר_מסעדות_לאנש_חבד_ניסן_התשפה.pdf | פיצה סטורי – יוסף סמלו 16, חלבי, לנדא | מיקום משוער לפי עיר; ניתן לתקן במפה.","2026-04-17T00:00:00.000Z","31.436662","34.605991","dairy","",""
"r_1684f469ca3247","פיצה שמש","אלעזר בן יאיר 35","ערד","Mehadrin","h_943fe3047147c3","m_import_default","לא צוין","2026-04-30T00:00:00.000Z","warning","rb_fc139a1e3119ee","מקור: �מאגר_מסעדות_לאנש_חבד_ניסן_התשפה.pdf | פיצה שמש - אלעזר בן יאיר 35, חלבי, לנדא | מיקום משוער לפי עיר; ניתן לתקן במפה.","2026-04-17T00:00:00.000Z","31.242343","35.212083","dairy","",""
"r_a180b4e43f899e","בית הלחם והמאפה","משה ברזני 33","קריית גת","Mehadrin","h_943fe3047147c3","m_import_default","לא צוין","2026-04-30T00:00:00.000Z","warning","rb_fc139a1e3119ee","מקור: �מאגר_מסעדות_לאנש_חבד_ניסן_התשפה.pdf | בית הלחם והמאפה - משה ברזני 33, פרווה, לנדא | מיקום משוער לפי עיר; ניתן לתקן במפה.","2026-04-17T00:00:00.000Z","31.62222","34.770753","pareve","",""
"r_55953b89d401ff","מאפיית קריית גת","המלאכה 3","קריית גת","Mehadrin","h_943fe3047147c3","m_import_default","לא צוין","2026-04-30T00:00:00.000Z","warning","rb_fc139a1e3119ee","מקור: �מאגר_מסעדות_לאנש_חבד_ניסן_התשפה.pdf | מאפיית קריית גת - המלאכה 3, פרווה, לנדא | מיקום משוער לפי עיר; ניתן לתקן במפה.","2026-04-17T00:00:00.000Z","31.604622","34.749474","pareve","",""
"r_1c1a6830738c2f","פיצל׳ה","גאון הירדן 43","קריית גת","Mehadrin","h_0dc7b871049d03","m_import_default","לא צוין","2026-04-30T00:00:00.000Z","warning","rb_288e8a3c167cd5","מקור: �מאגר_מסעדות_לאנש_חבד_ניסן_התשפה.pdf | פיצל׳ה - גאון הירדן 43, חלבי, העדה החרדית | מיקום משוער לפי עיר; ניתן לתקן במפה.","2026-04-17T00:00:00.000Z","31.617074","34.747209","dairy","",""
"r_afcf0f70259d3f","בא ביס","משה ברזני 35","קריית גת","Mehadrin","h_0dc7b871049d03","m_import_default","לא צוין","2026-04-30T00:00:00.000Z","warning","rb_288e8a3c167cd5","מקור: �מאגר_מסעדות_לאנש_חבד_ניסן_התשפה.pdf | בא ביס - משה ברזני 35, חלבי, העדה החרדית | מיקום משוער לפי עיר; ניתן לתקן במפה.","2026-04-17T00:00:00.000Z","31.596994","34.770376","dairy","",""
"r_8b62ebe29a82cd","מאפה מלכות","שדרות גת 42","קריית גת","Mehadrin","h_0dc7b871049d03","m_import_default","לא צוין","2026-04-30T00:00:00.000Z","warning","rb_288e8a3c167cd5","מקור: �מאגר_מסעדות_לאנש_חבד_ניסן_התשפה.pdf | מאפה מלכות – שדרות גת 42, חלבי, רבנות קריית גת (מוצרים העדה החרדית ולנדא) | מיקום משוער לפי עיר; ניתן לתקן במפה.","2026-04-17T00:00:00.000Z","31.616992","34.749292","dairy","",""
"r_60f9905a217082","פיצה שמש","אסתר המלכה 13","קריית גת","Mehadrin","h_0dc7b871049d03","m_import_default","לא צוין","2026-04-30T00:00:00.000Z","warning","rb_288e8a3c167cd5","מקור: �מאגר_מסעדות_לאנש_חבד_ניסן_התשפה.pdf | פיצה שמש – אסתר המלכה 13, חלבי, רבנות קריית גת (מוצרים העדה החרדית ולנדא) | מיקום משוער לפי עיר; ניתן לתקן במפה.","2026-04-17T00:00:00.000Z","31.59852","34.763068","dairy","",""
"r_7b285be071de6e","פיצה שמש","שדרות לכיש 33","קריית גת","Mehadrin","h_0dc7b871049d03","m_import_default","לא צוין","2026-04-30T00:00:00.000Z","warning","rb_288e8a3c167cd5","מקור: �מאגר_מסעדות_לאנש_חבד_ניסן_התשפה.pdf | פיצה שמש – שדרות לכיש 33, חלבי, רבנות קריית גת (מוצרים העדה החרדית ולנדא) | מיקום משוער לפי עיר; ניתן לתקן במפה.","2026-04-17T00:00:00.000Z","31.595796","34.76539","dairy","",""
"r_1dac20e5fabd91","ה צרפתי","שדרות ירושלים 40","קריית מלאכי","Mehadrin","h_7c3ca4f927a2da","m_import_default","לא צוין","2026-04-30T00:00:00.000Z","warning","rb_96167aea894dc8","מקור: �מאגר_מסעדות_לאנש_חבד_ניסן_התשפה.pdf | ה צרפתי - שדרות ירושלים 40, פרווה, הרב ירוסלבסקי | מיקום משוער לפי עיר; ניתן לתקן במפה.","2026-04-17T00:00:00.000Z","31.735123","34.748903","pareve","",""
"r_b791028397782b","מאפיית הקרייה","רש״י 1","קריית מלאכי","Mehadrin","h_7c3ca4f927a2da","m_import_default","לא צוין","2026-04-30T00:00:00.000Z","warning","rb_96167aea894dc8","מקור: �מאגר_מסעדות_לאנש_חבד_ניסן_התשפה.pdf | מאפיית הקרייה - רש״י 1, פרווה, הרב ירוסלבסקי | מיקום משוער לפי עיר; ניתן לתקן במפה.","2026-04-17T00:00:00.000Z","31.745159","34.748121","pareve","",""
"r_218a16a84961a5","מאפיית הקרייה","ז'בוטינסקי 20","קריית מלאכי","Mehadrin","h_7c3ca4f927a2da","m_import_default","לא צוין","2026-04-30T00:00:00.000Z","warning","rb_96167aea894dc8","מקור: �מאגר_מסעדות_לאנש_חבד_ניסן_התשפה.pdf | מאפיית הקרייה - ז'בוטינסקי 20, פרווה, הרב ירוסלבסקי | מיקום משוער לפי עיר; ניתן לתקן במפה.","2026-04-17T00:00:00.000Z","31.748001","34.764083","pareve","",""
"r_882239dc4a3901","מאפיית עדן","חלוצי התעשייה 17","קריית מלאכי","Mehadrin","h_7c3ca4f927a2da","m_import_default","לא צוין","2026-04-30T00:00:00.000Z","warning","rb_96167aea894dc8","מקור: �מאגר_מסעדות_לאנש_חבד_ניסן_התשפה.pdf | מאפיית עדן – חלוצי התעשייה 17, פרווה, הרב ירוסלבסקי | מיקום משוער לפי עיר; ניתן לתקן במפה.","2026-04-17T00:00:00.000Z","31.719749","34.743306","pareve","",""
"r_4ef9aa33eb9a4b","תבליני צדק","ז'בוטינסקי 20","קריית מלאכי","Mehadrin","h_7c3ca4f927a2da","m_import_default","לא צוין","2026-04-30T00:00:00.000Z","warning","rb_96167aea894dc8","מקור: �מאגר_מסעדות_לאנש_חבד_ניסן_התשפה.pdf | תבליני צדק - ז'בוטינסקי 20, פרווה, הרב ירוסלבסקי | מיקום משוער לפי עיר; ניתן לתקן במפה.","2026-04-17T00:00:00.000Z","31.725208","34.75369","pareve","",""
"r_0c182e3ce9f04f","קלייה בקריה","ז'בוטינסקי 43","קריית מלאכי","Mehadrin","h_7c3ca4f927a2da","m_import_default","לא צוין","2026-04-30T00:00:00.000Z","warning","rb_96167aea894dc8","מקור: �מאגר_מסעדות_לאנש_חבד_ניסן_התשפה.pdf | קלייה בקריה - ז'בוטינסקי 43, פרווה, הרב ירוסלבסקי | מיקום משוער לפי עיר; ניתן לתקן במפה.","2026-04-17T00:00:00.000Z","31.744357","34.732432","pareve","",""
"r_65c275383c3694","ברכת הלחם","התעשייה 7","קריית מלאכי","Mehadrin","h_7c3ca4f927a2da","m_import_default","לא צוין","2026-04-30T00:00:00.000Z","warning","rb_96167aea894dc8","מקור: �מאגר_מסעדות_לאנש_חבד_ניסן_התשפה.pdf | ברכת הלחם – התעשייה 7, פרווה, הרב ירוסלבסקי | מיקום משוער לפי עיר; ניתן לתקן במפה.","2026-04-17T00:00:00.000Z","31.718924","34.754681","pareve","",""
"r_a9be97fb473e45","מאפיית ידעי","עומר 9","קריית מלאכי","Mehadrin","h_7c3ca4f927a2da","m_import_default","לא צוין","2026-04-30T00:00:00.000Z","warning","rb_96167aea894dc8","מקור: �מאגר_מסעדות_לאנש_חבד_ניסן_התשפה.pdf | מאפיית ידעי – עומר 9, פרווה, הרב ירוסלבסקי | מיקום משוער לפי עיר; ניתן לתקן במפה.","2026-04-17T00:00:00.000Z","31.732016","34.756784","pareve","",""
"r_102c2b99ddda74","קונדיטוריית מיטב","החרושת 8","קריית מלאכי","Mehadrin","h_7c3ca4f927a2da","m_import_default","לא צוין","2026-04-30T00:00:00.000Z","warning","rb_96167aea894dc8","מקור: �מאגר_מסעדות_לאנש_חבד_ניסן_התשפה.pdf | קונדיטוריית מיטב – החרושת 8, פרווה, הרב ירוסלבסקי, 08-8581828 | מיקום משוער לפי עיר; ניתן לתקן במפה.","2026-04-17T00:00:00.000Z","31.725011","34.735226","pareve","08-8581828",""
"r_24acbf93ec3511","יה ו שוע וחווה שדה","חלוצי התעשייה 8","קריית מלאכי","Mehadrin","h_7c3ca4f927a2da","m_import_default","לא צוין","2026-04-30T00:00:00.000Z","warning","rb_96167aea894dc8","מקור: �מאגר_מסעדות_לאנש_חבד_ניסן_התשפה.pdf | יה ו שוע וחווה שדה – חלוצי התעשייה 8, פרווה/חלבי, הרב ירוסלבסקי | מיקום משוער לפי עיר; ניתן לתקן במפה.","2026-04-17T00:00:00.000Z","31.715623","34.737472","dairy","",""
"r_0f0717e7c366c3","מאפה הנדיב","שדרות רבין/גיבשטיין","קריית מלאכי","Mehadrin","h_7c3ca4f927a2da","m_import_default","לא צוין","2026-04-30T00:00:00.000Z","warning","rb_96167aea894dc8","מקור: �מאגר_מסעדות_לאנש_חבד_ניסן_התשפה.pdf | מאפה הנדיב - שדרות רבין/גיבשטיין, חלבי, הרב ירוסלבסקי | מיקום משוער לפי עיר; ניתן לתקן במפה.","2026-04-17T00:00:00.000Z","31.716612","34.761343","dairy","",""
"r_9b04c145517597","אומן הפיצה 770","רוטשילד 10","קריית מלאכי","Mehadrin","h_7c3ca4f927a2da","m_import_default","לא צוין","2026-04-30T00:00:00.000Z","warning","rb_96167aea894dc8","מקור: �מאגר_מסעדות_לאנש_חבד_ניסן_התשפה.pdf | אומן הפיצה 770 – רוטשילד 10, חלבי, הרב ירוסלבסקי, 08-6151612 | מיקום משוער לפי עיר; ניתן לתקן במפה.","2026-04-17T00:00:00.000Z","31.728366","34.741026","dairy","08-6151612",""
"r_4f4fcf5f283be2","פיצה סטורי","ז'בוטינסקי 22","קריית מלאכי","Mehadrin","h_7c3ca4f927a2da","m_import_default","לא צוין","2026-04-30T00:00:00.000Z","warning","rb_96167aea894dc8","מקור: �מאגר_מסעדות_לאנש_חבד_ניסן_התשפה.pdf | פיצה סטורי - ז'בוטינסקי 22, חלבי, הרב ירוסלבסקי | מיקום משוער לפי עיר; ניתן לתקן במפה.","2026-04-17T00:00:00.000Z","31.719555","34.735448","dairy","",""
"r_f493ad14679186","פיצה שמש","רש""י 11","קריית מלאכי","Mehadrin","h_0dc7b871049d03","m_import_default","לא צוין","2026-04-30T00:00:00.000Z","warning","rb_288e8a3c167cd5","מקור: �מאגר_מסעדות_לאנש_חבד_ניסן_התשפה.pdf | פיצה שמש - רש""י 11, חלבי, העדה החרדית | מיקום משוער לפי עיר; ניתן לתקן במפה.","2026-04-17T00:00:00.000Z","31.725648","34.739658","dairy","",""
"r_8acd069a5a8688","שיבולת השרון","המלאכה 1","קריית מלאכי","Mehadrin","h_943fe3047147c3","m_import_default","לא צוין","2026-04-30T00:00:00.000Z","warning","rb_fc139a1e3119ee","מקור: �מאגר_מסעדות_לאנש_חבד_ניסן_התשפה.pdf | שיבולת השרון - המלאכה 1, חלבי, לנדא | מיקום משוער לפי עיר; ניתן לתקן במפה.","2026-04-17T00:00:00.000Z","31.731705","34.743359","dairy","",""
"r_ac13a148ce2539","שיבולת השרון","ז’בוטינסקי 22","קריית מלאכי","Mehadrin","h_943fe3047147c3","m_import_default","לא צוין","2026-04-30T00:00:00.000Z","warning","rb_fc139a1e3119ee","מקור: �מאגר_מסעדות_לאנש_חבד_ניסן_התשפה.pdf | שיבולת השרון - ז’בוטינסקי 22, חלבי, לנדא | מיקום משוער לפי עיר; ניתן לתקן במפה.","2026-04-17T00:00:00.000Z","31.745008","34.743926","dairy","",""
"r_42921572dee776","לאבלה פיאצה","ז'בוטינסקי 3","קריית מלאכי","Mehadrin","h_7c3ca4f927a2da","m_import_default","לא צוין","2026-04-30T00:00:00.000Z","warning","rb_96167aea894dc8","מקור: �מאגר_מסעדות_לאנש_חבד_ניסן_התשפה.pdf | לאבלה פיאצה - ז'בוטינסקי 3, חלבי, הרב ירוסלבסקי | מיקום משוער לפי עיר; ניתן לתקן במפה.","2026-04-17T00:00:00.000Z","31.749281","34.756275","dairy","",""
"r_f926fca763ba3d","הפיצה של חנה קונדיטוריית חב״ד","שדרות ירושלים 40","קריית מלאכי","Mehadrin","h_7c3ca4f927a2da","m_import_default","לא צוין","2026-04-30T00:00:00.000Z","warning","rb_96167aea894dc8","מקור: �מאגר_מסעדות_לאנש_חבד_ניסן_התשפה.pdf | הפיצה של חנה קונדיטוריית חב״ד - שדרות ירושלים 40, חלבי, הרב ירוסלבסקי | מיקום משוער לפי עיר; ניתן לתקן במפה.","2026-04-17T00:00:00.000Z","31.724681","34.74767","dairy","",""
"r_568d4e88b95add","תמרה","ז'בוטינסקי 20","קריית מלאכי","Mehadrin","h_7c3ca4f927a2da","m_import_default","לא צוין","2026-04-30T00:00:00.000Z","warning","rb_96167aea894dc8","מקור: �מאגר_מסעדות_לאנש_חבד_ניסן_התשפה.pdf | תמרה - ז'בוטינסקי 20, בשרי, הרב ירוסלבסקי | מיקום משוער לפי עיר; ניתן לתקן במפה.","2026-04-17T00:00:00.000Z","31.715417","34.746368","meat","",""
"r_a086e15e8461d9","פא רבייסן","שדרות ירושלים 40","קריית מלאכי","Mehadrin","h_7c3ca4f927a2da","m_import_default","לא צוין","2026-04-30T00:00:00.000Z","warning","rb_96167aea894dc8","מקור: �מאגר_מסעדות_לאנש_חבד_ניסן_התשפה.pdf | פא רבייסן – שדרות ירושלים 40, בשרי, הרב ירוסלבסקי, 055-5531348 | מיקום משוער לפי עיר; ניתן לתקן במפה.","2026-04-17T00:00:00.000Z","31.730576","34.732403","meat","055-5531348",""
"r_735fd9affa4515","השווארמה שלי מהדרין","רש""י 7","קריית מלאכי","Mehadrin","h_7c3ca4f927a2da","m_import_default","לא צוין","2026-04-30T00:00:00.000Z","warning","rb_96167aea894dc8","מקור: �מאגר_מסעדות_לאנש_חבד_ניסן_התשפה.pdf | השווארמה שלי מהדרין – רש""י 7, בשרי, הרב ירוסלבסקי, 08-8504313 | מיקום משוער לפי עיר; ניתן לתקן במפה.","2026-04-17T00:00:00.000Z","31.723247","34.760733","meat","08-8504313",""
"r_ff5024c5497c06","מאפיית עמית","מנחם בגין 7","שדרות","Mehadrin","h_943fe3047147c3","m_import_default","לא צוין","2026-04-30T00:00:00.000Z","warning","rb_fc139a1e3119ee","מקור: �מאגר_מסעדות_לאנש_חבד_ניסן_התשפה.pdf | מאפיית עמית - מנחם בגין 7, פרווה, לנדא | מיקום משוער לפי עיר; ניתן לתקן במפה.","2026-04-17T00:00:00.000Z","31.523591","34.590515","pareve","",""
"r_d6ea0d3f54b100","טוסטוב","ההסתדרות 7","שדרות","Mehadrin","h_7c3ca4f927a2da","m_import_default","לא צוין","2026-04-30T00:00:00.000Z","warning","rb_96167aea894dc8","מקור: �מאגר_מסעדות_לאנש_חבד_ניסן_התשפה.pdf | טוסטוב – ההסתדרות 7, בשרי, הרב משה זאב פיזם, 08-9223770 אזור ירושלים | מיקום משוער לפי עיר; ניתן לתקן במפה.","2026-04-17T00:00:00.000Z","31.51766","34.583565","meat","08-9223770",""
"r_1a18a700521b49","מאפיית שובע שמחות","שדרות נהר הירדן 1","ביתר עלית","Mehadrin","h_943fe3047147c3","m_import_default","לא צוין","2026-04-30T00:00:00.000Z","warning","rb_fc139a1e3119ee","מקור: �מאגר_מסעדות_לאנש_חבד_ניסן_התשפה.pdf | מאפיית שובע שמחות - שדרות נהר הירדן 1, פרווה, לנדא | מיקום משוער לפי עיר; ניתן לתקן במפה.","2026-04-17T00:00:00.000Z","31.708396","35.122624","pareve","",""
"r_da18081239315b","פלאפל אבדר","רבי אלעזר המודעי 7","ביתר עלית","Mehadrin","h_0dc7b871049d03","m_import_default","לא צוין","2026-04-30T00:00:00.000Z","warning","rb_288e8a3c167cd5","מקור: �מאגר_מסעדות_לאנש_חבד_ניסן_התשפה.pdf | פלאפל אבדר - רבי אלעזר המודעי 7, פרווה, העדה החרדית | מיקום משוער לפי עיר; ניתן לתקן במפה.","2026-04-17T00:00:00.000Z","31.709154","35.106017","pareve","",""
"r_1543892cd0e323","רויאל צ’יפס","הר""ן 20","ביתר עלית","Mehadrin","h_0dc7b871049d03","m_import_default","לא צוין","2026-04-30T00:00:00.000Z","warning","rb_288e8a3c167cd5","מקור: �מאגר_מסעדות_לאנש_חבד_ניסן_התשפה.pdf | רויאל צ’יפס - הר""ן 20, פרווה, העדה החרדית | מיקום משוער לפי עיר; ניתן לתקן במפה.","2026-04-17T00:00:00.000Z","31.707595","35.125971","pareve","",""
"r_b440bfbd3afbf5","פיצה שי","רבי אלעזר המודעי 13","ביתר עלית","Mehadrin","h_0dc7b871049d03","m_import_default","לא צוין","2026-04-30T00:00:00.000Z","warning","rb_288e8a3c167cd5","מקור: �מאגר_מסעדות_לאנש_חבד_ניסן_התשפה.pdf | פיצה שי - רבי אלעזר המודעי 13, חלבי, העדה החרדית | מיקום משוער לפי עיר; ניתן לתקן במפה.","2026-04-17T00:00:00.000Z","31.703384","35.120875","dairy","",""
"r_523b29125029d1","פיצה שמש","הר""ן 14","ביתר עלית","Mehadrin","h_0dc7b871049d03","m_import_default","לא צוין","2026-04-30T00:00:00.000Z","warning","rb_288e8a3c167cd5","מקור: �מאגר_מסעדות_לאנש_חבד_ניסן_התשפה.pdf | פיצה שמש - הר""ן 14, חלבי, העדה החרדית | מיקום משוער לפי עיר; ניתן לתקן במפה.","2026-04-17T00:00:00.000Z","31.709991","35.130175","dairy","",""
"r_335f1e52fca4b1","טוב טעם","הר""ן 6","ביתר עלית","Mehadrin","h_0dc7b871049d03","m_import_default","לא צוין","2026-04-30T00:00:00.000Z","warning","rb_288e8a3c167cd5","מקור: �מאגר_מסעדות_לאנש_חבד_ניסן_התשפה.pdf | טוב טעם - הר""ן 6, חלבי, העדה החרדית | מיקום משוער לפי עיר; ניתן לתקן במפה.","2026-04-17T00:00:00.000Z","31.700681","35.105122","dairy","",""
"r_2c8b94af552926","פיצה B","הר""ן 20","ביתר עלית","Mehadrin","h_0dc7b871049d03","m_import_default","לא צוין","2026-04-30T00:00:00.000Z","warning","rb_288e8a3c167cd5","מקור: �מאגר_מסעדות_לאנש_חבד_ניסן_התשפה.pdf | פיצה B - הר""ן 20, חלבי, העדה החרדית | מיקום משוער לפי עיר; ניתן לתקן במפה.","2026-04-17T00:00:00.000Z","31.699268","35.130918","dairy","",""
"r_aa7ec5a275e1dc","משולשים","הר""ן 7","ביתר עלית","Mehadrin","h_943fe3047147c3","m_import_default","לא צוין","2026-04-30T00:00:00.000Z","warning","rb_fc139a1e3119ee","מקור: �מאגר_מסעדות_לאנש_חבד_ניסן_התשפה.pdf | משולשים - הר""ן 7, חלבי, לנדא | מיקום משוער לפי עיר; ניתן לתקן במפה.","2026-04-17T00:00:00.000Z","31.687645","35.0995","dairy","",""
"r_6ae196cea109b0","פיצה אורי","בניין דוד 18","ביתר עלית","Mehadrin","h_0dc7b871049d03","m_import_default","לא צוין","2026-04-30T00:00:00.000Z","warning","rb_288e8a3c167cd5","מקור: �מאגר_מסעדות_לאנש_חבד_ניסן_התשפה.pdf | פיצה אורי – בניין דוד 18, חלבי, העדה החרדית | מיקום משוער לפי עיר; ניתן לתקן במפה.","2026-04-17T00:00:00.000Z","31.706308","35.13253","dairy","",""
"r_9689af3997a998","גריל B","המגיד ממעזריטש 70","ביתר עלית","Mehadrin","h_0dc7b871049d03","m_import_default","לא צוין","2026-04-30T00:00:00.000Z","warning","rb_288e8a3c167cd5","מקור: �מאגר_מסעדות_לאנש_חבד_ניסן_התשפה.pdf | גריל B - המגיד ממעזריטש 70, בשרי, העדה החרדית | מיקום משוער לפי עיר; ניתן לתקן במפה.","2026-04-17T00:00:00.000Z","31.693302","35.13037","meat","",""
"r_be4f0f6642aff2","זלמנס","בנין דוד 18","ביתר עלית","Mehadrin","h_0dc7b871049d03","m_import_default","לא צוין","2026-04-30T00:00:00.000Z","warning","rb_288e8a3c167cd5","מקור: �מאגר_מסעדות_לאנש_חבד_ניסן_התשפה.pdf | זלמנס – בנין דוד 18, בשרי, העדה החרדית, 054-7711266 | מיקום משוער לפי עיר; ניתן לתקן במפה.","2026-04-17T00:00:00.000Z","31.682095","35.104691","meat","054-7711266",""
"r_3a178729fb3fed","מאפיית שובע שמחות","שדרות נהר הירדן 1","בית שמש","Mehadrin","h_943fe3047147c3","m_import_default","לא צוין","2026-04-30T00:00:00.000Z","warning","rb_fc139a1e3119ee","מקור: �מאגר_מסעדות_לאנש_חבד_ניסן_התשפה.pdf | מאפיית שובע שמחות - שדרות נהר הירדן 1, פרווה, לנדא | מיקום משוער לפי עיר; ניתן לתקן במפה.","2026-04-17T00:00:00.000Z","31.762196","34.995524","pareve","",""
"r_d60e25c32397ae","מאפיית שובע שמחות","שדרות רבי יהודה הנשיא 2","בית שמש","Mehadrin","h_943fe3047147c3","m_import_default","לא צוין","2026-04-30T00:00:00.000Z","warning","rb_fc139a1e3119ee","מקור: �מאגר_מסעדות_לאנש_חבד_ניסן_התשפה.pdf | מאפיית שובע שמחות - שדרות רבי יהודה הנשיא 2, פרווה, לנדא | מיקום משוער לפי עיר; ניתן לתקן במפה.","2026-04-17T00:00:00.000Z","31.756057","34.974997","pareve","",""
"r_7edbc98b371a47","מאפיית שובע שמחות","האמוראים 7","בית שמש","Mehadrin","h_943fe3047147c3","m_import_default","לא צוין","2026-04-30T00:00:00.000Z","warning","rb_fc139a1e3119ee","מקור: �מאגר_מסעדות_לאנש_חבד_ניסן_התשפה.pdf | מאפיית שובע שמחות – האמוראים 7, פרווה, לנדא | מיקום משוער לפי עיר; ניתן לתקן במפה.","2026-04-17T00:00:00.000Z","31.754327","34.981122","pareve","",""
"r_240713329a9169","מנחת עדן","יצחק רבין 2","בית שמש","Mehadrin","h_943fe3047147c3","m_import_default","לא צוין","2026-04-30T00:00:00.000Z","warning","rb_fc139a1e3119ee","מקור: �מאגר_מסעדות_לאנש_חבד_ניסן_התשפה.pdf | מנחת עדן - יצחק רבין 2, פרווה, לנדא | מיקום משוער לפי עיר; ניתן לתקן במפה.","2026-04-17T00:00:00.000Z","31.745394","34.97951","pareve","",""
"r_b952a7ee915dab","מנחת עדן","מרים הנביאה 16","בית שמש","Mehadrin","h_943fe3047147c3","m_import_default","לא צוין","2026-04-30T00:00:00.000Z","warning","rb_fc139a1e3119ee","מקור: �מאגר_מסעדות_לאנש_חבד_ניסן_התשפה.pdf | מנחת עדן - מרים הנביאה 16, פרווה, לנדא | מיקום משוער לפי עיר; ניתן לתקן במפה.","2026-04-17T00:00:00.000Z","31.747063","34.996692","pareve","",""
"r_82904386ac3223","פלאפל גדסי","יצחק רבין 19","בית שמש","Mehadrin","h_943fe3047147c3","m_import_default","לא צוין","2026-04-30T00:00:00.000Z","warning","rb_fc139a1e3119ee","מקור: �מאגר_מסעדות_לאנש_חבד_ניסן_התשפה.pdf | פלאפל גדסי – יצחק רבין 19, פרווה, לנדא | מיקום משוער לפי עיר; ניתן לתקן במפה.","2026-04-17T00:00:00.000Z","31.734634","34.978194","pareve","",""
"r_38d854b5299c1c","פלאפל בר שלום","ריב""ל 1","בית שמש","Mehadrin","h_0dc7b871049d03","m_import_default","לא צוין","2026-04-30T00:00:00.000Z","warning","rb_288e8a3c167cd5","מקור: �מאגר_מסעדות_לאנש_חבד_ניסן_התשפה.pdf | פלאפל בר שלום – ריב""ל 1, פרווה, העדה החרדית | מיקום משוער לפי עיר; ניתן לתקן במפה.","2026-04-17T00:00:00.000Z","31.746106","34.999352","pareve","",""
"r_4aae061f95302f","פלאפל בר שלום","יגאל אלון 4","בית שמש","Mehadrin","h_0dc7b871049d03","m_import_default","לא צוין","2026-04-30T00:00:00.000Z","warning","rb_288e8a3c167cd5","מקור: �מאגר_מסעדות_לאנש_חבד_ניסן_התשפה.pdf | פלאפל בר שלום – יגאל אלון 4, פרווה, העדה החרדית | מיקום משוער לפי עיר; ניתן לתקן במפה.","2026-04-17T00:00:00.000Z","31.76588","34.976425","pareve","",""
"r_c82d3b0c4807d8","משה דברי סושי שף","רועי קליין 21","בית שמש","Mehadrin","h_7c3ca4f927a2da","m_import_default","לא צוין","2026-04-30T00:00:00.000Z","warning","rb_96167aea894dc8","מקור: �מאגר_מסעדות_לאנש_חבד_ניסן_התשפה.pdf | משה דברי סושי שף – רועי קליין 21, פרווה, הרב מיכאל שלמה אבישיד, 054-4761994 | מיקום משוער לפי עיר; ניתן לתקן במפה.","2026-04-17T00:00:00.000Z","31.753431","35.004933","pareve","054-4761994",""
"r_9505d663a8399e","פינת השובע","נחל זוהר 12","בית שמש","Mehadrin","h_0dc7b871049d03","m_import_default","לא צוין","2026-04-30T00:00:00.000Z","warning","rb_288e8a3c167cd5","מקור: �מאגר_מסעדות_לאנש_חבד_ניסן_התשפה.pdf | פינת השובע - נחל זוהר 12, חלבי, העדה החרדית | מיקום משוער לפי עיר; ניתן לתקן במפה.","2026-04-17T00:00:00.000Z","31.765572","34.979168","dairy","",""
"r_bb5d3a52311bd3","פיצה ירושלים","נחל מאור 8","בית שמש","Mehadrin","h_0dc7b871049d03","m_import_default","לא צוין","2026-04-30T00:00:00.000Z","warning","rb_288e8a3c167cd5","מקור: �מאגר_מסעדות_לאנש_חבד_ניסן_התשפה.pdf | פיצה ירושלים - נחל מאור 8, חלבי, העדה החרדית | מיקום משוער לפי עיר; ניתן לתקן במפה.","2026-04-17T00:00:00.000Z","31.741637","34.982779","dairy","",""
"r_ddaa1f8d8928e9","פיצה וצ'יפס איטליני","שדרות האמוראים 61","בית שמש","Mehadrin","h_0dc7b871049d03","m_import_default","לא צוין","2026-04-30T00:00:00.000Z","warning","rb_288e8a3c167cd5","מקור: �מאגר_מסעדות_לאנש_חבד_ניסן_התשפה.pdf | פיצה וצ'יפס איטליני – שדרות האמוראים 61, פרווה/חלבי, העדה החרדית | מיקום משוער לפי עיר; ניתן לתקן במפה.","2026-04-17T00:00:00.000Z","31.757305","34.977323","dairy","",""
"r_9cd60d2e066b37","פינת הפיצה והפלאפל","שדרות האמוראים 10","בית שמש","Mehadrin","h_0dc7b871049d03","m_import_default","לא צוין","2026-04-30T00:00:00.000Z","warning","rb_288e8a3c167cd5","מקור: �מאגר_מסעדות_לאנש_חבד_ניסן_התשפה.pdf | פינת הפיצה והפלאפל - שדרות האמוראים 10, חלבי, העדה החרדית | מיקום משוער לפי עיר; ניתן לתקן במפה.","2026-04-17T00:00:00.000Z","31.747133","34.991101","dairy","",""
"r_6329ea3a952975","פיצה שיר","אהבת שלום 1","בית שמש","Mehadrin","h_0dc7b871049d03","m_import_default","לא צוין","2026-04-30T00:00:00.000Z","warning","rb_288e8a3c167cd5","מקור: �מאגר_מסעדות_לאנש_חבד_ניסן_התשפה.pdf | פיצה שיר - אהבת שלום 1, חלבי, העדה החרדית | מיקום משוער לפי עיר; ניתן לתקן במפה.","2026-04-17T00:00:00.000Z","31.767348","34.975699","dairy","",""
"r_815b48a06e95e6","משולשים","נחל הקישון 48","בית שמש","Mehadrin","h_943fe3047147c3","m_import_default","לא צוין","2026-04-30T00:00:00.000Z","warning","rb_fc139a1e3119ee","מקור: �מאגר_מסעדות_לאנש_חבד_ניסן_התשפה.pdf | משולשים - נחל הקישון 48, חלבי, לנדא | מיקום משוער לפי עיר; ניתן לתקן במפה.","2026-04-17T00:00:00.000Z","31.760352","35.005961","dairy","",""
"r_b71aed8258e954","משולשים","יגאל אלון 6","בית שמש","Mehadrin","h_943fe3047147c3","m_import_default","לא צוין","2026-04-30T00:00:00.000Z","warning","rb_fc139a1e3119ee","מקור: �מאגר_מסעדות_לאנש_חבד_ניסן_התשפה.pdf | משולשים - יגאל אלון 6, חלבי, לנדא | מיקום משוער לפי עיר; ניתן לתקן במפה.","2026-04-17T00:00:00.000Z","31.752478","35.002074","dairy","",""
"r_6be8f5bc99b34b","משולשים","שדרות האמוראים 26","בית שמש","Mehadrin","h_943fe3047147c3","m_import_default","לא צוין","2026-04-30T00:00:00.000Z","warning","rb_fc139a1e3119ee","מקור: �מאגר_מסעדות_לאנש_חבד_ניסן_התשפה.pdf | משולשים – שדרות האמוראים 26, חלבי, לנדא | מיקום משוער לפי עיר; ניתן לתקן במפה.","2026-04-17T00:00:00.000Z","31.735587","34.971177","dairy","",""
"r_33af83f4d1387f","נפתליס","רבי יהודה הנשיא 15","בית שמש","Mehadrin","h_0dc7b871049d03","m_import_default","לא צוין","2026-04-30T00:00:00.000Z","warning","rb_288e8a3c167cd5","מקור: �מאגר_מסעדות_לאנש_חבד_ניסן_התשפה.pdf | נפתליס - רבי יהודה הנשיא 15, חלבי, העדה החרדית | מיקום משוער לפי עיר; ניתן לתקן במפה.","2026-04-17T00:00:00.000Z","31.762227","34.982739","dairy","",""
"r_83eac54eeb1316","פיצה שמש","האמוראים 35","בית שמש","Mehadrin","h_0dc7b871049d03","m_import_default","לא צוין","2026-04-30T00:00:00.000Z","warning","rb_288e8a3c167cd5","מקור: �מאגר_מסעדות_לאנש_חבד_ניסן_התשפה.pdf | פיצה שמש - האמוראים 35, חלבי, העדה החרדית | מיקום משוער לפי עיר; ניתן לתקן במפה.","2026-04-17T00:00:00.000Z","31.745417","34.987549","dairy","",""
"r_47fd5cbeeda012","פיצה שמש","יחזקאל הנביא 22","בית שמש","Mehadrin","h_0dc7b871049d03","m_import_default","לא צוין","2026-04-30T00:00:00.000Z","warning","rb_288e8a3c167cd5","מקור: �מאגר_מסעדות_לאנש_חבד_ניסן_התשפה.pdf | פיצה שמש - יחזקאל הנביא 22,חלבי, העדה החרדית | מיקום משוער לפי עיר; ניתן לתקן במפה.","2026-04-17T00:00:00.000Z","31.760346","34.972969","dairy","",""
"r_580f7e376ba8bf","פיצה פיקס","נחל ניצנים 8","בית שמש","Mehadrin","h_0dc7b871049d03","m_import_default","לא צוין","2026-04-30T00:00:00.000Z","warning","rb_288e8a3c167cd5","מקור: �מאגר_מסעדות_לאנש_חבד_ניסן_התשפה.pdf | פיצה פיקס - נחל ניצנים 8, חלבי, העדה החרדית | מיקום משוער לפי עיר; ניתן לתקן במפה.","2026-04-17T00:00:00.000Z","31.758888","34.997306","dairy","",""
"r_4067dd8dfcc813","פיצה אורי","מנחם פרוש 12","בית שמש","Mehadrin","h_0dc7b871049d03","m_import_default","לא צוין","2026-04-30T00:00:00.000Z","warning","rb_288e8a3c167cd5","מקור: �מאגר_מסעדות_לאנש_חבד_ניסן_התשפה.pdf | פיצה אורי – מנחם פרוש 12, חלבי, העדה החרדית | מיקום משוער לפי עיר; ניתן לתקן במפה.","2026-04-17T00:00:00.000Z","31.767275","34.976697","dairy","",""
"r_dcfa02e94a1a09","פיצהלנד שלי","נתן הנביא 6","בית שמש","Mehadrin","h_943fe3047147c3","m_import_default","לא צוין","2026-04-30T00:00:00.000Z","warning","rb_fc139a1e3119ee","מקור: �מאגר_מסעדות_לאנש_חבד_ניסן_התשפה.pdf | פיצהלנד שלי - נתן הנביא 6, חלבי, לנדא | מיקום משוער לפי עיר; ניתן לתקן במפה.","2026-04-17T00:00:00.000Z","31.744397","35.005278","dairy","",""
"r_f86d97e6a43d39","SushiNBagels","מנחם פרוש 1","בית שמש","Mehadrin","h_0dc7b871049d03","m_import_default","לא צוין","2026-04-30T00:00:00.000Z","warning","rb_288e8a3c167cd5","מקור: �מאגר_מסעדות_לאנש_חבד_ניסן_התשפה.pdf | SushiNBagels – מנחם פרוש 1, סושי וחלבי, העדה החרדית, 02-5443111 | מיקום משוער לפי עיר; ניתן לתקן במפה.","2026-04-17T00:00:00.000Z","31.743705","34.989941","dairy","02-5443111",""
"r_cbe03e6e71f25a","אברמיטו","יגאל אלון 6","בית שמש","Mehadrin","h_943fe3047147c3","m_import_default","לא צוין","2026-04-30T00:00:00.000Z","warning","rb_fc139a1e3119ee","מקור: �מאגר_מסעדות_לאנש_חבד_ניסן_התשפה.pdf | אברמיטו - יגאל אלון 6, בשרי, לנדא | מיקום משוער לפי עיר; ניתן לתקן במפה.","2026-04-17T00:00:00.000Z","31.739244","35.003411","meat","",""
"r_a16062eecabe92","מסובין","יגאל אלון 2","בית שמש","Mehadrin","h_943fe3047147c3","m_import_default","לא צוין","2026-04-30T00:00:00.000Z","warning","rb_fc139a1e3119ee","מקור: �מאגר_מסעדות_לאנש_חבד_ניסן_התשפה.pdf | מסובין – יגאל אלון 2, בשרי, לנדא | מיקום משוער לפי עיר; ניתן לתקן במפה.","2026-04-17T00:00:00.000Z","31.735505","34.986821","meat","",""
"r_f5ff0132b2c237","נהדר","רבי יהודה הנשיא 15","בית שמש","Mehadrin","h_0dc7b871049d03","m_import_default","לא צוין","2026-04-30T00:00:00.000Z","warning","rb_288e8a3c167cd5","מקור: �מאגר_מסעדות_לאנש_חבד_ניסן_התשפה.pdf | נהדר - רבי יהודה הנשיא 15, בשרי, העדה החרדית | מיקום משוער לפי עיר; ניתן לתקן במפה.","2026-04-17T00:00:00.000Z","31.734804","34.995862","meat","",""
"r_138a0da503c36e","זלמנס","יגאל אלון 6","בית שמש","Mehadrin","h_0dc7b871049d03","m_import_default","לא צוין","2026-04-30T00:00:00.000Z","warning","rb_288e8a3c167cd5","מקור: �מאגר_מסעדות_לאנש_חבד_ניסן_התשפה.pdf | זלמנס – יגאל אלון 6, בשרי, העדה החרדית | מיקום משוער לפי עיר; ניתן לתקן במפה.","2026-04-17T00:00:00.000Z","31.739978","34.997973","meat","",""
"r_50209e4a98627d","סטיק אן גו","מנחם פרוש 1","בית שמש","Mehadrin","h_0dc7b871049d03","m_import_default","לא צוין","2026-04-30T00:00:00.000Z","warning","rb_288e8a3c167cd5","מקור: �מאגר_מסעדות_לאנש_חבד_ניסן_התשפה.pdf | סטיק אן גו – מנחם פרוש 1, בשרי, העדה החרדית, 02-5770555 | מיקום משוער לפי עיר; ניתן לתקן במפה.","2026-04-17T00:00:00.000Z","31.745449","34.984205","meat","02-5770555",""
"r_9c62eb0428eebd","מאפיית שובע שמחות","הפסגה 43","ירושלים","Mehadrin","h_943fe3047147c3","m_import_default","לא צוין","2026-04-30T00:00:00.000Z","warning","rb_fc139a1e3119ee","מקור: �מאגר_מסעדות_לאנש_חבד_ניסן_התשפה.pdf | מאפיית שובע שמחות - הפסגה 43, פרווה, לנדא | מיקום משוער לפי עיר; ניתן לתקן במפה.","2026-04-17T00:00:00.000Z","31.761659","35.198249","pareve","",""
"r_6a9c7fdcf157dd","מאפיית שובע שמחות","שמגר 17","ירושלים","Mehadrin","h_943fe3047147c3","m_import_default","לא צוין","2026-04-30T00:00:00.000Z","warning","rb_fc139a1e3119ee","מקור: �מאגר_מסעדות_לאנש_חבד_ניסן_התשפה.pdf | מאפיית שובע שמחות - שמגר 17, פרווה, לנדא | מיקום משוער לפי עיר; ניתן לתקן במפה.","2026-04-17T00:00:00.000Z","31.782505","35.203563","pareve","",""
"r_e18957523ac731","מאפיית שובע שמחות","צפניה 61","ירושלים","Mehadrin","h_943fe3047147c3","m_import_default","לא צוין","2026-04-30T00:00:00.000Z","warning","rb_fc139a1e3119ee","מקור: �מאגר_מסעדות_לאנש_חבד_ניסן_התשפה.pdf | מאפיית שובע שמחות - צפניה 61, פרווה, לנדא | מיקום משוער לפי עיר; ניתן לתקן במפה.","2026-04-17T00:00:00.000Z","31.762751","35.197862","pareve","",""
"r_2a326473f6b81c","מאפיית אנג’ל","שמואל בייט 12","ירושלים","Mehadrin","h_0dc7b871049d03","m_import_default","לא צוין","2026-04-30T00:00:00.000Z","warning","rb_288e8a3c167cd5","מקור: �מאגר_מסעדות_לאנש_חבד_ניסן_התשפה.pdf | מאפיית אנג’ל - שמואל בייט 12, פרווה, העדה החרדית | מיקום משוער לפי עיר; ניתן לתקן במפה.","2026-04-17T00:00:00.000Z","31.756182","35.214593","pareve","",""
"r_b62b92ec051be0","מאפיית אנג’ל","הפ סגה 17","ירושלים","Mehadrin","h_0dc7b871049d03","m_import_default","לא צוין","2026-04-30T00:00:00.000Z","warning","rb_288e8a3c167cd5","מקור: �מאגר_מסעדות_לאנש_חבד_ניסן_התשפה.pdf | מאפיית אנג’ל - הפ סגה 17, פרווה, העדה החרדית | מיקום משוער לפי עיר; ניתן לתקן במפה.","2026-04-17T00:00:00.000Z","31.759401","35.222164","pareve","",""
"r_d6af2353df07cd","מאפיית מזויינס","שמגר 16","ירושלים","Mehadrin","h_943fe3047147c3","m_import_default","לא צוין","2026-04-30T00:00:00.000Z","warning","rb_fc139a1e3119ee","מקור: �מאגר_מסעדות_לאנש_חבד_ניסן_התשפה.pdf | מאפיית מזויינס - שמגר 16, פרווה, לנדא | מיקום משוער לפי עיר; ניתן לתקן במפה.","2026-04-17T00:00:00.000Z","31.777185","35.205272","pareve","",""
"r_a744d7a64ca39a","מאפיית מזויינס","בר אילן 23","ירושלים","Mehadrin","h_943fe3047147c3","m_import_default","לא צוין","2026-04-30T00:00:00.000Z","warning","rb_fc139a1e3119ee","מקור: �מאגר_מסעדות_לאנש_חבד_ניסן_התשפה.pdf | מאפיית מזויינס - בר אילן 23, פרווה, לנדא | מיקום משוער לפי עיר; ניתן לתקן במפה.","2026-04-17T00:00:00.000Z","31.775539","35.214158","pareve","",""
"r_3d52fdfcc65ef3","מאפיית מזויינס","מלכי ישראל 7","ירושלים","Mehadrin","h_943fe3047147c3","m_import_default","לא צוין","2026-04-30T00:00:00.000Z","warning","rb_fc139a1e3119ee","מקור: �מאגר_מסעדות_לאנש_חבד_ניסן_התשפה.pdf | מאפיית מזויינס - מלכי ישראל 7, פרווה, לנדא | מיקום משוער לפי עיר; ניתן לתקן במפה.","2026-04-17T00:00:00.000Z","31.753559","35.215713","pareve","",""
"r_d4017d0130690d","מאפיית הלמן","נתן שטראוס 18","ירושלים","Mehadrin","h_0dc7b871049d03","m_import_default","לא צוין","2026-04-30T00:00:00.000Z","warning","rb_288e8a3c167cd5","מקור: �מאגר_מסעדות_לאנש_חבד_ניסן_התשפה.pdf | מאפיית הלמן – נתן שטראוס 18, פרווה, העדה החרדית | מיקום משוער לפי עיר; ניתן לתקן במפה.","2026-04-17T00:00:00.000Z","31.784472","35.209028","pareve","",""
"r_cd80d9717eadb6","מאפיית הלמן","מחנה יהודה 1","ירושלים","Mehadrin","h_0dc7b871049d03","m_import_default","לא צוין","2026-04-30T00:00:00.000Z","warning","rb_288e8a3c167cd5","מקור: �מאגר_מסעדות_לאנש_חבד_ניסן_התשפה.pdf | מאפיית הלמן – מחנה יהודה 1, פרווה, העדה החרדית | מיקום משוער לפי עיר; ניתן לתקן במפה.","2026-04-17T00:00:00.000Z","31.769383","35.212697","pareve","",""
"r_cdaa0c4faa144b","מאפיית פריך","שרי ישראל 15","ירושלים","Mehadrin","h_0dc7b871049d03","m_import_default","לא צוין","2026-04-30T00:00:00.000Z","warning","rb_288e8a3c167cd5","מקור: �מאגר_מסעדות_לאנש_חבד_ניסן_התשפה.pdf | מאפיית פריך - שרי ישראל 15, פרווה, העדה החרדית | מיקום משוער לפי עיר; ניתן לתקן במפה.","2026-04-17T00:00:00.000Z","31.780688","35.218533","pareve","",""
"r_ab37ab046274f4","היירינג מלך הערינג","הרב זוננפלד 14","ירושלים","Mehadrin","h_0dc7b871049d03","m_import_default","לא צוין","2026-04-30T00:00:00.000Z","warning","rb_288e8a3c167cd5","מקור: �מאגר_מסעדות_לאנש_חבד_ניסן_התשפה.pdf | היירינג מלך הערינג - הרב זוננפלד 14, פרווה, העדה החרדית | מיקום משוער לפי עיר; ניתן לתקן במפה.","2026-04-17T00:00:00.000Z","31.751667","35.204635","pareve","",""
"r_eb5513138e86da","הפלאפל התימני","יואל 22","ירושלים","Mehadrin","h_0dc7b871049d03","m_import_default","לא צוין","2026-04-30T00:00:00.000Z","warning","rb_288e8a3c167cd5","מקור: �מאגר_מסעדות_לאנש_חבד_ניסן_התשפה.pdf | הפלאפל התימני - יואל 22, פרווה, העדה החרדית | מיקום משוער לפי עיר; ניתן לתקן במפה.","2026-04-17T00:00:00.000Z","31.765989","35.229503","pareve","",""
"r_68762e8e4dd760","התימני","שמואל הנביא 101","ירושלים","Mehadrin","h_0dc7b871049d03","m_import_default","לא צוין","2026-04-30T00:00:00.000Z","warning","rb_288e8a3c167cd5","מקור: �מאגר_מסעדות_לאנש_חבד_ניסן_התשפה.pdf | התימני - שמואל הנביא 101, פרווה, העדה החרדית | מיקום משוער לפי עיר; ניתן לתקן במפה.","2026-04-17T00:00:00.000Z","31.781296","35.212177","pareve","",""
"r_7713e745e656f6","פלאפל מירו","הרב זוננפלד 10","ירושלים","Mehadrin","h_0dc7b871049d03","m_import_default","לא צוין","2026-04-30T00:00:00.000Z","warning","rb_288e8a3c167cd5","מקור: �מאגר_מסעדות_לאנש_חבד_ניסן_התשפה.pdf | פלאפל מירו - הרב זוננפלד 10, פרווה, העדה החרדית | מיקום משוער לפי עיר; ניתן לתקן במפה.","2026-04-17T00:00:00.000Z","31.757979","35.200888","pareve","",""
"r_31821ec24f24fc","פלאפל בן יעקב","גולדה מאיר 1","ירושלים","Mehadrin","h_0dc7b871049d03","m_import_default","לא צוין","2026-04-30T00:00:00.000Z","warning","rb_288e8a3c167cd5","מקור: �מאגר_מסעדות_לאנש_חבד_ניסן_התשפה.pdf | פלאפל בן יעקב - גולדה מאיר 1, פרווה, העדה החרדית | מיקום משוער לפי עיר; ניתן לתקן במפה.","2026-04-17T00:00:00.000Z","31.761267","35.215294","pareve","",""
"r_0ec694117f12c0","צ'יפסלנד","נתן שטראוס 3","ירושלים","Mehadrin","h_0dc7b871049d03","m_import_default","לא צוין","2026-04-30T00:00:00.000Z","warning","rb_288e8a3c167cd5","מקור: �מאגר_מסעדות_לאנש_חבד_ניסן_התשפה.pdf | צ'יפסלנד – נתן שטראוס 3, פרווה, העדה החרדית | מיקום משוער לפי עיר; ניתן לתקן במפה.","2026-04-17T00:00:00.000Z","31.754025","35.209076","pareve","",""
"r_0259b75eef5634","מאנצ'יפס","ירמיהו 25","ירושלים","Mehadrin","h_0dc7b871049d03","m_import_default","לא צוין","2026-04-30T00:00:00.000Z","warning","rb_288e8a3c167cd5","מקור: �מאגר_מסעדות_לאנש_חבד_ניסן_התשפה.pdf | מאנצ'יפס – ירמיהו 25, פרווה, העדה החרדית | מיקום משוער לפי עיר; ניתן לתקן במפה.","2026-04-17T00:00:00.000Z","31.760509","35.196251","pareve","",""
"r_2819eee5950983","סאגא פוקה בר","כנפי נשרים 3","ירושלים","Mehadrin","h_0dc7b871049d03","m_import_default","לא צוין","2026-04-30T00:00:00.000Z","warning","rb_288e8a3c167cd5","מקור: �מאגר_מסעדות_לאנש_חבד_ניסן_התשפה.pdf | סאגא פוקה בר – כנפי נשרים 3, פרווה, העדה החרדית | מיקום משוער לפי עיר; ניתן לתקן במפה.","2026-04-17T00:00:00.000Z","31.765695","35.215332","pareve","",""
"r_c87816ac43ded0","מאפיית ברוקלין","מאה שערים 15","ירושלים","Mehadrin","h_0dc7b871049d03","m_import_default","לא צוין","2026-04-30T00:00:00.000Z","warning","rb_288e8a3c167cd5","מקור: �מאגר_מסעדות_לאנש_חבד_ניסן_התשפה.pdf | מאפיית ברוקלין – מאה שערים 15, פרווה/חלבי, העדה החרדית | מיקום משוער לפי עיר; ניתן לתקן במפה.","2026-04-17T00:00:00.000Z","31.757286","35.209846","dairy","",""
"r_b3f5cc622321fd","ריפרש גלידות","בית ישראל 3","ירושלים","Mehadrin","h_0dc7b871049d03","m_import_default","לא צוין","2026-04-30T00:00:00.000Z","warning","rb_288e8a3c167cd5","מקור: �מאגר_מסעדות_לאנש_חבד_ניסן_התשפה.pdf | ריפרש גלידות – בית ישראל 3, חלבי, העדה החרדית | מיקום משוער לפי עיר; ניתן לתקן במפה.","2026-04-17T00:00:00.000Z","31.768213","35.200178","dairy","",""
"r_84c3fd7756651c","פלאפל ופיצה בן יעקב","שמואל הנביא 66","ירושלים","Mehadrin","h_0dc7b871049d03","m_import_default","לא צוין","2026-04-30T00:00:00.000Z","warning","rb_288e8a3c167cd5","מקור: �מאגר_מסעדות_לאנש_חבד_ניסן_התשפה.pdf | פלאפל ופיצה בן יעקב - שמואל הנביא 66, חלבי, העדה החרדית | מיקום משוער לפי עיר; ניתן לתקן במפה.","2026-04-17T00:00:00.000Z","31.771342","35.202798","dairy","",""
"r_b254f156271784","פאו שוקולה","מלאכי 8","ירושלים","Mehadrin","h_0dc7b871049d03","m_import_default","לא צוין","2026-04-30T00:00:00.000Z","warning","rb_288e8a3c167cd5","מקור: �מאגר_מסעדות_לאנש_חבד_ניסן_התשפה.pdf | פאו שוקולה - מלאכי 8, חלבי, העדה החרדית | מיקום משוער לפי עיר; ניתן לתקן במפה.","2026-04-17T00:00:00.000Z","31.766307","35.220829","dairy","",""
"r_03d28d2faba148","פינת עלי הכהן","עלי הכהן 2","ירושלים","Mehadrin","h_0dc7b871049d03","m_import_default","לא צוין","2026-04-30T00:00:00.000Z","warning","rb_288e8a3c167cd5","מקור: �מאגר_מסעדות_לאנש_חבד_ניסן_התשפה.pdf | פינת עלי הכהן - עלי הכהן 2, חלבי, העדה החרדית | מיקום משוער לפי עיר; ניתן לתקן במפה.","2026-04-17T00:00:00.000Z","31.777016","35.218475","dairy","",""
"r_21e914f30f1127","אקסטרה פיצה","ירמיהו 68","ירושלים","Mehadrin","h_0dc7b871049d03","m_import_default","לא צוין","2026-04-30T00:00:00.000Z","warning","rb_288e8a3c167cd5","מקור: �מאגר_מסעדות_לאנש_חבד_ניסן_התשפה.pdf | אקסטרה פיצה – ירמיהו 68, חלבי, העדה החרדית | מיקום משוער לפי עיר; ניתן לתקן במפה.","2026-04-17T00:00:00.000Z","31.754023","35.217431","dairy","",""
"r_da211dc518ff1f","פיצה שמש","גולדה מאיר 255","ירושלים","Mehadrin","h_0dc7b871049d03","m_import_default","לא צוין","2026-04-30T00:00:00.000Z","warning","rb_288e8a3c167cd5","מקור: �מאגר_מסעדות_לאנש_חבד_ניסן_התשפה.pdf | פיצה שמש - גולדה מאיר 255, חלבי, העדה החרדית | מיקום משוער לפי עיר; ניתן לתקן במפה.","2026-04-17T00:00:00.000Z","31.758542","35.202347","dairy","",""
"r_a8d32a50d3a03d","פיצה שמש","הפסגה 45","ירושלים","Mehadrin","h_0dc7b871049d03","m_import_default","לא צוין","2026-04-30T00:00:00.000Z","warning","rb_288e8a3c167cd5","מקור: �מאגר_מסעדות_לאנש_חבד_ניסן_התשפה.pdf | פיצה שמש – הפסגה 45, חלבי, העדה החרדית | מיקום משוער לפי עיר; ניתן לתקן במפה.","2026-04-17T00:00:00.000Z","31.767037","35.207054","dairy","",""
"r_8221aec568fb04","My pizza","שרי ישראל 15","ירושלים","Mehadrin","h_0dc7b871049d03","m_import_default","לא צוין","2026-04-30T00:00:00.000Z","warning","rb_288e8a3c167cd5","מקור: �מאגר_מסעדות_לאנש_חבד_ניסן_התשפה.pdf | My pizza - שרי ישראל 15, חלבי, העדה החרדית | מיקום משוער לפי עיר; ניתן לתקן במפה.","2026-04-17T00:00:00.000Z","31.755873","35.209709","dairy","",""
"r_631147fd0d1468","My pizza","גולדה מאיר 255","ירושלים","Mehadrin","h_0dc7b871049d03","m_import_default","לא צוין","2026-04-30T00:00:00.000Z","warning","rb_288e8a3c167cd5","מקור: �מאגר_מסעדות_לאנש_חבד_ניסן_התשפה.pdf | My pizza - גולדה מאיר 255, חלבי, העדה החרדית | מיקום משוער לפי עיר; ניתן לתקן במפה.","2026-04-17T00:00:00.000Z","31.772027","35.216826","dairy","",""
"r_6b9f75833e934a","Levi's place","פארן 13","ירושלים","Mehadrin","h_0dc7b871049d03","m_import_default","לא צוין","2026-04-30T00:00:00.000Z","warning","rb_288e8a3c167cd5","מקור: �מאגר_מסעדות_לאנש_חבד_ניסן_התשפה.pdf | Levi's place - פארן 13, חלבי, העדה החרדית | מיקום משוער לפי עיר; ניתן לתקן במפה.","2026-04-17T00:00:00.000Z","31.759503","35.200153","dairy","",""
"r_b129446e28267e","הפיצה","הרב שאולזון 51","ירושלים","Mehadrin","h_0dc7b871049d03","m_import_default","לא צוין","2026-04-30T00:00:00.000Z","warning","rb_288e8a3c167cd5","מקור: �מאגר_מסעדות_לאנש_חבד_ניסן_התשפה.pdf | הפיצה - הרב שאולזון 51, חלבי, העדה החרדית | מיקום משוער לפי עיר; ניתן לתקן במפה.","2026-04-17T00:00:00.000Z","31.763483","35.230156","dairy","",""
"r_52da851f7f0260","בוש בייגלס","צפניה 61","ירושלים","Mehadrin","h_0dc7b871049d03","m_import_default","לא צוין","2026-04-30T00:00:00.000Z","warning","rb_288e8a3c167cd5","מקור: �מאגר_מסעדות_לאנש_חבד_ניסן_התשפה.pdf | בוש בייגלס - צפניה 61, חלבי, העדה החרדית | מיקום משוער לפי עיר; ניתן לתקן במפה.","2026-04-17T00:00:00.000Z","31.777569","35.228541","dairy","",""
"r_b034b44d1f3d0a","פיצה הלל","זכרון יעקב 1","ירושלים","Mehadrin","h_0dc7b871049d03","m_import_default","לא צוין","2026-04-30T00:00:00.000Z","warning","rb_288e8a3c167cd5","מקור: �מאגר_מסעדות_לאנש_חבד_ניסן_התשפה.pdf | פיצה הלל - זכרון יעקב 1, חלבי, העדה החרדית | מיקום משוער לפי עיר; ניתן לתקן במפה.","2026-04-17T00:00:00.000Z","31.777123","35.199447","dairy","",""
"r_fa6fc6abab9109","פיצה ירושלים","מלכי ישראל 43","ירושלים","Mehadrin","h_0dc7b871049d03","m_import_default","לא צוין","2026-04-30T00:00:00.000Z","warning","rb_288e8a3c167cd5","מקור: �מאגר_מסעדות_לאנש_חבד_ניסן_התשפה.pdf | פיצה ירושלים - מלכי ישראל 43, חלבי, העדה החרדית | מיקום משוער לפי עיר; ניתן לתקן במפה.","2026-04-17T00:00:00.000Z","31.771572","35.199106","dairy","",""
"r_f5bc96dd48dc82","היימשע בייגלס","פרי חדש 18","ירושלים","Mehadrin","h_0dc7b871049d03","m_import_default","לא צוין","2026-04-30T00:00:00.000Z","warning","rb_288e8a3c167cd5","מקור: �מאגר_מסעדות_לאנש_חבד_ניסן_התשפה.pdf | היימשע בייגלס - פרי חדש 18, חלבי, העדה החרדית | מיקום משוער לפי עיר; ניתן לתקן במפה.","2026-04-17T00:00:00.000Z","31.779562","35.228211","dairy","",""
"r_a672ac5471f97b","פלאפל ופיצה ברטוב","יחיאל מיכל פינס 6","ירושלים","Mehadrin","h_0dc7b871049d03","m_import_default","לא צוין","2026-04-30T00:00:00.000Z","warning","rb_288e8a3c167cd5","מקור: �מאגר_מסעדות_לאנש_חבד_ניסן_התשפה.pdf | פלאפל ופיצה ברטוב - יחיאל מיכל פינס 6, חלבי, העדה החרדית | מיקום משוער לפי עיר; ניתן לתקן במפה.","2026-04-17T00:00:00.000Z","31.780272","35.224136","dairy","",""
"r_c66450fd80ed4c","פיצה סטורי","כנפי נשרים 31","ירושלים","Mehadrin","h_943fe3047147c3","m_import_default","לא צוין","2026-04-30T00:00:00.000Z","warning","rb_fc139a1e3119ee","מקור: �מאגר_מסעדות_לאנש_חבד_ניסן_התשפה.pdf | פיצה סטורי – כנפי נשרים 31, חלבי, לנדא | מיקום משוער לפי עיר; ניתן לתקן במפה.","2026-04-17T00:00:00.000Z","31.759241","35.201065","dairy","",""
"r_be4e7260a732c9","פיצה סטורי","צביה ויצחק 800","ירושלים","Mehadrin","h_943fe3047147c3","m_import_default","לא צוין","2026-04-30T00:00:00.000Z","warning","rb_fc139a1e3119ee","מקור: �מאגר_מסעדות_לאנש_חבד_ניסן_התשפה.pdf | פיצה סטורי – צביה ויצחק 800, חלבי, לנדא | מיקום משוער לפי עיר; ניתן לתקן במפה.","2026-04-17T00:00:00.000Z","31.753889","35.227059","dairy","",""
"r_fb549ec0afb559","פיצה אורי","לבוש מרדכי 2","ירושלים","Mehadrin","h_0dc7b871049d03","m_import_default","לא צוין","2026-04-30T00:00:00.000Z","warning","rb_288e8a3c167cd5","מקור: �מאגר_מסעדות_לאנש_חבד_ניסן_התשפה.pdf | פיצה אורי - לבוש מרדכי 2, חלבי, העדה החרדית | מיקום משוער לפי עיר; ניתן לתקן במפה.","2026-04-17T00:00:00.000Z","31.763841","35.216224","dairy","",""
"r_fa05b46bd56fc0","פיצה אורי","ירמיהו 9","ירושלים","Mehadrin","h_0dc7b871049d03","m_import_default","לא צוין","2026-04-30T00:00:00.000Z","warning","rb_288e8a3c167cd5","מקור: �מאגר_מסעדות_לאנש_חבד_ניסן_התשפה.pdf | פיצה אורי - ירמיהו 9, חלבי, העדה החרדית | מיקום משוער לפי עיר; ניתן לתקן במפה.","2026-04-17T00:00:00.000Z","31.758384","35.20493","dairy","",""
"r_6dab32ec232751","פיצה אורי","יעקב אליאב 3","ירושלים","Mehadrin","h_0dc7b871049d03","m_import_default","לא צוין","2026-04-30T00:00:00.000Z","warning","rb_288e8a3c167cd5","מקור: �מאגר_מסעדות_לאנש_חבד_ניסן_התשפה.pdf | פיצה אורי - יעקב אליאב 3, חלבי, העדה החרדית | מיקום משוער לפי עיר; ניתן לתקן במפה.","2026-04-17T00:00:00.000Z","31.77162","35.209259","dairy","",""
"r_33b11fe085cff1","פיצה בר אילן","בר אילן 6","ירושלים","Mehadrin","h_0dc7b871049d03","m_import_default","לא צוין","2026-04-30T00:00:00.000Z","warning","rb_288e8a3c167cd5","מקור: �מאגר_מסעדות_לאנש_חבד_ניסן_התשפה.pdf | פיצה בר אילן - בר אילן 6, חלבי, העדה החרדית | מיקום משוער לפי עיר; ניתן לתקן במפה.","2026-04-17T00:00:00.000Z","31.782609","35.215351","dairy","",""
"r_93c6582cf00e40","אייס סטורי","שמגר 14","ירושלים","Mehadrin","h_0dc7b871049d03","m_import_default","לא צוין","2026-04-30T00:00:00.000Z","warning","rb_288e8a3c167cd5","מקור: �מאגר_מסעדות_לאנש_חבד_ניסן_התשפה.pdf | אייס סטורי - שמגר 14, חלבי, העדה החרדית | מיקום משוער לפי עיר; ניתן לתקן במפה.","2026-04-17T00:00:00.000Z","31.750932","35.227585","dairy","",""
"r_bda0a38a3c4f8b","SushiNBagels","ירמיהו 68","ירושלים","Mehadrin","h_0dc7b871049d03","m_import_default","לא צוין","2026-04-30T00:00:00.000Z","warning","rb_288e8a3c167cd5","מקור: �מאגר_מסעדות_לאנש_חבד_ניסן_התשפה.pdf | SushiNBagels - ירמיהו 68, סושי וחלבי, העדה החרדית | מיקום משוער לפי עיר; ניתן לתקן במפה.","2026-04-17T00:00:00.000Z","31.78318","35.219744","dairy","",""
"r_4d600cd72aa472","ביג בייט","שמגר 16","ירושלים","Mehadrin","h_0dc7b871049d03","m_import_default","לא צוין","2026-04-30T00:00:00.000Z","warning","rb_288e8a3c167cd5","מקור: �מאגר_מסעדות_לאנש_חבד_ניסן_התשפה.pdf | ביג בייט - שמגר 16, חלבי, העדה החרדית | מיקום משוער לפי עיר; ניתן לתקן במפה.","2026-04-17T00:00:00.000Z","31.784514","35.216716","dairy","",""
"r_e6b37f27e714df","פיצה ביתית","צפניה 72","ירושלים","Mehadrin","h_0dc7b871049d03","m_import_default","לא צוין","2026-04-30T00:00:00.000Z","warning","rb_288e8a3c167cd5","מקור: �מאגר_מסעדות_לאנש_חבד_ניסן_התשפה.pdf | פיצה ביתית - צפניה 72, חלבי, העדה החרדית | מיקום משוער לפי עיר; ניתן לתקן במפה.","2026-04-17T00:00:00.000Z","31.752471","35.219224","dairy","",""
"r_2c75519b3feadb","פיצה ביתית","חסידי קרלין 3","ירושלים","Mehadrin","h_0dc7b871049d03","m_import_default","לא צוין","2026-04-30T00:00:00.000Z","warning","rb_288e8a3c167cd5","מקור: �מאגר_מסעדות_לאנש_חבד_ניסן_התשפה.pdf | פיצה ביתית - חסידי קרלין 3, חלבי, העדה החרדית | מיקום משוער לפי עיר; ניתן לתקן במפה.","2026-04-17T00:00:00.000Z","31.770646","35.219246","dairy","",""
"r_dac727925401e3","פודקס פיצה ופלאפל","שמגר 21","ירושלים","Mehadrin","h_0dc7b871049d03","m_import_default","לא צוין","2026-04-30T00:00:00.000Z","warning","rb_288e8a3c167cd5","מקור: �מאגר_מסעדות_לאנש_חבד_ניסן_התשפה.pdf | פודקס פיצה ופלאפל - שמגר 21, חלבי, העדה החרדית | מיקום משוער לפי עיר; ניתן לתקן במפה.","2026-04-17T00:00:00.000Z","31.769285","35.218987","dairy","",""
"r_3e991a6c3cdcdc","פיצה קלינטון","יעקב מאיר 11","ירושלים","Mehadrin","h_0dc7b871049d03","m_import_default","לא צוין","2026-04-30T00:00:00.000Z","warning","rb_288e8a3c167cd5","מקור: �מאגר_מסעדות_לאנש_חבד_ניסן_התשפה.pdf | פיצה קלינטון - יעקב מאיר 11, חלבי, העדה החרדית | מיקום משוער לפי עיר; ניתן לתקן במפה.","2026-04-17T00:00:00.000Z","31.76694","35.200354","dairy","",""
"r_5fce29c5ee839e","מסעדת החברים","גולדה מאיר 255 קניון רמות","ירושלים","Mehadrin","h_943fe3047147c3","m_import_default","לא צוין","2026-04-30T00:00:00.000Z","warning","rb_fc139a1e3119ee","מקור: �מאגר_מסעדות_לאנש_חבד_ניסן_התשפה.pdf | מסעדת החברים – גולדה מאיר 255 קניון רמות, בשרי, לנדא | מיקום משוער לפי עיר; ניתן לתקן במפה.","2026-04-17T00:00:00.000Z","31.764803","35.207446","meat","",""
"r_00999ab6dce1a1","זלמנס","גולדה מאיר 255","ירושלים","Mehadrin","h_0dc7b871049d03","m_import_default","לא צוין","2026-04-30T00:00:00.000Z","warning","rb_288e8a3c167cd5","מקור: �מאגר_מסעדות_לאנש_חבד_ניסן_התשפה.pdf | זלמנס - גולדה מאיר 255, בשרי, העדה החרדית | מיקום משוער לפי עיר; ניתן לתקן במפה.","2026-04-17T00:00:00.000Z","31.755478","35.229984","meat","",""
"r_5a357e70f11b61","זלמנס","לואיס ברנדייס 3","ירושלים","Mehadrin","h_0dc7b871049d03","m_import_default","לא צוין","2026-04-30T00:00:00.000Z","warning","rb_288e8a3c167cd5","מקור: �מאגר_מסעדות_לאנש_חבד_ניסן_התשפה.pdf | זלמנס - לואיס ברנדייס 3, בשרי, העדה החרדית | מיקום משוער לפי עיר; ניתן לתקן במפה.","2026-04-17T00:00:00.000Z","31.764512","35.197815","meat","",""
"r_00b807386aff85","הדר גאולה","מלכי ישראל 13","ירושלים","Mehadrin","h_0dc7b871049d03","m_import_default","לא צוין","2026-04-30T00:00:00.000Z","warning","rb_288e8a3c167cd5","מקור: �מאגר_מסעדות_לאנש_חבד_ניסן_התשפה.pdf | הדר גאולה - מלכי ישראל 13, בשרי, העדה החרדית | מיקום משוער לפי עיר; ניתן לתקן במפה.","2026-04-17T00:00:00.000Z","31.780433","35.199557","meat","",""
"r_7323efface29ce","הדר גאולה","גבעת משה 5","ירושלים","Mehadrin","h_0dc7b871049d03","m_import_default","לא צוין","2026-04-30T00:00:00.000Z","warning","rb_288e8a3c167cd5","מקור: �מאגר_מסעדות_לאנש_חבד_ניסן_התשפה.pdf | הדר גאולה - גבעת משה 5, בשרי, העדה החרדית | מיקום משוער לפי עיר; ניתן לתקן במפה.","2026-04-17T00:00:00.000Z","31.756926","35.203169","meat","",""
"r_08f101b5218a88","מעדני גאולה","נתן שטראוס 38","ירושלים","Mehadrin","h_0dc7b871049d03","m_import_default","לא צוין","2026-04-30T00:00:00.000Z","warning","rb_288e8a3c167cd5","מקור: �מאגר_מסעדות_לאנש_חבד_ניסן_התשפה.pdf | מעדני גאולה - נתן שטראוס 38, בשרי, העדה החרדית | מיקום משוער לפי עיר; ניתן לתקן במפה.","2026-04-17T00:00:00.000Z","31.76114","35.218926","meat","",""
"r_644376c3d2c2c4","שבט אחים","חסידי קרלין 4","ירושלים","Mehadrin","h_0dc7b871049d03","m_import_default","לא צוין","2026-04-30T00:00:00.000Z","warning","rb_288e8a3c167cd5","מקור: �מאגר_מסעדות_לאנש_חבד_ניסן_התשפה.pdf | שבט אחים - חסידי קרלין 4, בשרי, העדה החרדית | מיקום משוער לפי עיר; ניתן לתקן במפה.","2026-04-17T00:00:00.000Z","31.772246","35.204407","meat","",""
"r_a94ce26af83548","Bennis","אדוניהו הכהן 9","ירושלים","Mehadrin","h_0dc7b871049d03","m_import_default","לא צוין","2026-04-30T00:00:00.000Z","warning","rb_288e8a3c167cd5","מקור: �מאגר_מסעדות_לאנש_חבד_ניסן_התשפה.pdf | Bennis - אדוניהו הכהן 9, בשרי, העדה החרדית | מיקום משוער לפי עיר; ניתן לתקן במפה.","2026-04-17T00:00:00.000Z","31.753214","35.213678","meat","",""
"r_8eb9afa77b9d9a","לה קאזה","יעקב מאיר 12","ירושלים","Mehadrin","h_0dc7b871049d03","m_import_default","לא צוין","2026-04-30T00:00:00.000Z","warning","rb_288e8a3c167cd5","מקור: �מאגר_מסעדות_לאנש_חבד_ניסן_התשפה.pdf | לה קאזה - יעקב מאיר 12, בשרי, העדה החרדית | מיקום משוער לפי עיר; ניתן לתקן במפה.","2026-04-17T00:00:00.000Z","31.755256","35.218389","meat","",""
"r_af7b0b433174df","מסעדת קוריץ","רלב""ח 5","ירושלים","Mehadrin","h_0dc7b871049d03","m_import_default","לא צוין","2026-04-30T00:00:00.000Z","warning","rb_288e8a3c167cd5","מקור: �מאגר_מסעדות_לאנש_חבד_ניסן_התשפה.pdf | מסעדת קוריץ - רלב""ח 5, בשרי, העדה החרדית | מיקום משוער לפי עיר; ניתן לתקן במפה.","2026-04-17T00:00:00.000Z","31.782218","35.217688","meat","",""
"r_6c12fa4963f8fc","המסעדה של קרויזר","חסידי קרלין 13","ירושלים","Mehadrin","h_0dc7b871049d03","m_import_default","לא צוין","2026-04-30T00:00:00.000Z","warning","rb_288e8a3c167cd5","מקור: �מאגר_מסעדות_לאנש_חבד_ניסן_התשפה.pdf | המסעדה של קרויזר - חסידי קרלין 13, בשרי, העדה החרדית | מיקום משוער לפי עיר; ניתן לתקן במפה.","2026-04-17T00:00:00.000Z","31.754977","35.228796","meat","",""
"r_ffc79956945454","אנטריקוט","קרית המדע 22","ירושלים","Mehadrin","h_0dc7b871049d03","m_import_default","לא צוין","2026-04-30T00:00:00.000Z","warning","rb_288e8a3c167cd5","מקור: �מאגר_מסעדות_לאנש_חבד_ניסן_התשפה.pdf | אנטריקוט - קרית המדע 22, בשרי, העדה החרדית | מיקום משוער לפי עיר; ניתן לתקן במפה.","2026-04-17T00:00:00.000Z","31.751488","35.197691","meat","",""
"r_e1fd859cdafcb9","קאבלרו","המרפא 1","ירושלים","Mehadrin","h_0dc7b871049d03","m_import_default","לא צוין","2026-04-30T00:00:00.000Z","warning","rb_288e8a3c167cd5","מקור: �מאגר_מסעדות_לאנש_חבד_ניסן_התשפה.pdf | קאבלרו – המרפא 1, בשרי, העדה החרדית | מיקום משוער לפי עיר; ניתן לתקן במפה.","2026-04-17T00:00:00.000Z","31.778762","35.204374","meat","",""
"r_d47c71052bb5c9","מגה ביס (ליל שישי)","המרפא 1","ירושלים","Mehadrin","h_0dc7b871049d03","m_import_default","לא צוין","2026-04-30T00:00:00.000Z","warning","rb_288e8a3c167cd5","מקור: �מאגר_מסעדות_לאנש_חבד_ניסן_התשפה.pdf | מגה ביס (ליל שישי) – המרפא 1, בשרי, העדה החרדית | מיקום משוער לפי עיר; ניתן לתקן במפה.","2026-04-17T00:00:00.000Z","31.764416","35.207771","meat","",""
"r_11d91e48e3f730","מפגש האש","ירמיהו 23","ירושלים","Mehadrin","h_0dc7b871049d03","m_import_default","לא צוין","2026-04-30T00:00:00.000Z","warning","rb_288e8a3c167cd5","מקור: �מאגר_מסעדות_לאנש_חבד_ניסן_התשפה.pdf | מפגש האש - ירמיהו 23, בשרי, העדה החרדית | מיקום משוער לפי עיר; ניתן לתקן במפה.","2026-04-17T00:00:00.000Z","31.769651","35.198837","meat","",""
"r_78df3bb79aaedd","גולדיס","עזרת תורה 18","ירושלים","Mehadrin","h_0dc7b871049d03","m_import_default","לא צוין","2026-04-30T00:00:00.000Z","warning","rb_288e8a3c167cd5","מקור: �מאגר_מסעדות_לאנש_חבד_ניסן_התשפה.pdf | גולדיס - עזרת תורה 18, בשרי, העדה החרדית | מיקום משוער לפי עיר; ניתן לתקן במפה.","2026-04-17T00:00:00.000Z","31.752823","35.228864","meat","",""
"r_8e93d11bd024e5","Prime beef","ירמיהו 43","ירושלים","Mehadrin","h_0dc7b871049d03","m_import_default","לא צוין","2026-04-30T00:00:00.000Z","warning","rb_288e8a3c167cd5","מקור: �מאגר_מסעדות_לאנש_חבד_ניסן_התשפה.pdf | Prime beef - ירמיהו 43, העדה החרדית, בשרי | מיקום משוער לפי עיר; ניתן לתקן במפה.","2026-04-17T00:00:00.000Z","31.776542","35.207675","meat","",""
"r_e4a02221a1e687","דלישאבעס","עמוס 11","ירושלים","Mehadrin","h_0dc7b871049d03","m_import_default","לא צוין","2026-04-30T00:00:00.000Z","warning","rb_288e8a3c167cd5","מקור: �מאגר_מסעדות_לאנש_חבד_ניסן_התשפה.pdf | דלישאבעס - עמוס 11, בשרי, העדה החרדית | מיקום משוער לפי עיר; ניתן לתקן במפה.","2026-04-17T00:00:00.000Z","31.76714","35.210012","meat","",""
"r_47a7f5ceb68699","Firenze פיצה אורי","דרך ימית 10","מעלה אדומים","Mehadrin","h_0dc7b871049d03","m_import_default","לא צוין","2026-04-30T00:00:00.000Z","warning","rb_288e8a3c167cd5","מקור: �מאגר_מסעדות_לאנש_חבד_ניסן_התשפה.pdf | Firenze פיצה אורי - דרך ימית 10, חלבי, העדה החרדית | מיקום משוער לפי עיר; ניתן לתקן במפה.","2026-04-17T00:00:00.000Z","31.770846","35.312906","dairy","",""
"r_709baaa2a0a88b","פיצה אורי","יד היוצר 14","שער בנימין","Mehadrin","h_0dc7b871049d03","m_import_default","לא צוין","2026-04-30T00:00:00.000Z","warning","rb_288e8a3c167cd5","מקור: �מאגר_מסעדות_לאנש_חבד_ניסן_התשפה.pdf | פיצה אורי - יד היוצר 14, חלבי, העדה החרדית אוכל מוכן לשבת | מיקום משוער לפי עיר; ניתן לתקן במפה.","2026-04-17T00:00:00.000Z","31.842434","35.253045","dairy","",""
"r_f93651ac83c041","דוד בישולים","החינוך העברי 6","נתניה","Mehadrin","h_0dc7b871049d03","m_import_default","לא צוין","2026-04-30T00:00:00.000Z","warning","rb_288e8a3c167cd5","מקור: �מאגר_מסעדות_לאנש_חבד_ניסן_התשפה.pdf | דוד בישולים - החינוך העברי 6, מהדרין נתניה, 09-7996162 (מוצרים העדה החרדית ולנדא, בשרים חב״ד) | מיקום משוער לפי עיר; ניתן לתקן במפה.","2026-04-17T00:00:00.000Z","32.317526","34.85599","meat","09-7996162",""
"r_97d926432bce53","גלי תמר","יקותיאל אדם 9","אשקלון","Mehadrin","h_0dc7b871049d03","m_import_default","לא צוין","2026-04-30T00:00:00.000Z","warning","rb_288e8a3c167cd5","מקור: �מאגר_מסעדות_לאנש_חבד_ניסן_התשפה.pdf | גלי תמר – יקותיאל אדם 9, העדה החרדית, 053-3580540 | מיקום משוער לפי עיר; ניתן לתקן במפה.","2026-04-17T00:00:00.000Z","31.665245","34.589469","pareve","053-3580540",""
"r_9d8a7a6607d23e","הבית בצפת, בד״ץ צפת (מוצרים העדה ולנדא, בשר ועופות","העדה החרדית לנדא וחב״ד) ק יי טרינג ק יי טרינג בשרי","צפת","Mehadrin","h_0dc7b871049d03","m_import_default","לא צוין","2026-04-30T00:00:00.000Z","warning","rb_288e8a3c167cd5","מקור: �מאגר_מסעדות_לאנש_חבד_ניסן_התשפה.pdf | הבית בצפת, בד״ץ צפת (מוצרים העדה ולנדא, בשר ועופות - העדה החרדית לנדא וחב״ד) ק יי טרינג ק יי טרינג בשרי | מיקום משוער לפי עיר; ניתן לתקן במפה.","2026-04-17T00:00:00.000Z","32.953561","35.492275","meat","",""
"r_955aaeefeae30a","חמ״ה, הרב ירוסלבסקי (ארוחות","050-7703111","קריית מלאכי","Mehadrin","h_7c3ca4f927a2da","m_import_default","לא צוין","2026-04-30T00:00:00.000Z","warning","rb_96167aea894dc8","מקור: �מאגר_מסעדות_לאנש_חבד_ניסן_התשפה.pdf | חמ״ה, הרב ירוסלבסקי (ארוחות – 050-7703111, שינה – 054-4395713 ) | מיקום משוער לפי עיר; ניתן לתקן במפה.","2026-04-17T00:00:00.000Z","31.73488","34.742356","pareve","050-7703111",""
"r_f192217473aa2f","Cafe Big Ben","יוספטל 92","בת ים","Regular","h_cb270691c26978","m_29aa9bc9d9fbf9","לא צוין","2026-12-31T00:00:00.000Z","ok","rb_4b20b4bf49b2f0","מקור: �מסעדות כשרות.pdf | כשרות רגילה | מיקום משוער לפי עיר; ניתן לתקן במפה.","2026-04-17T00:00:00.000Z","32.022812","34.731151","dairy","",""
"r_0eeff066c14367","FRESH BAR","דרך בן גוריון 96","בת ים","Regular","h_cb270691c26978","m_29aa9bc9d9fbf9","לא צוין","2026-12-31T00:00:00.000Z","ok","rb_4b20b4bf49b2f0","מקור: �מסעדות כשרות.pdf | כשרות רגילה | מיקום משוער לפי עיר; ניתן לתקן במפה.","2026-04-17T00:00:00.000Z","32.015637","34.734578","dairy","",""
"r_41b6d0104e2e3d","LAMOR","הנביאים 5","בת ים","Mehadrin","h_cb270691c26978","m_29aa9bc9d9fbf9","לא צוין","2026-12-31T00:00:00.000Z","ok","rb_4b20b4bf49b2f0","מקור: �מסעדות כשרות.pdf | כשר למהדרין | מיקום משוער לפי עיר; ניתן לתקן במפה.","2026-04-17T00:00:00.000Z","32.003237","34.732514","dairy","",""
"r_8294b25ed66386","MY THAI","רוטשילד 6","בת ים","Regular","h_cb270691c26978","m_29aa9bc9d9fbf9","לא צוין","2026-12-31T00:00:00.000Z","ok","rb_4b20b4bf49b2f0","מקור: �מסעדות כשרות.pdf | כשרות רגילה | מיקום משוער לפי עיר; ניתן לתקן במפה.","2026-04-17T00:00:00.000Z","32.025583","34.748079","meat","",""
"r_f526982e4e7dcb","יקטור טיילתV בת ים","דרך בן גוריון 97","בת ים","Regular","h_cb270691c26978","m_29aa9bc9d9fbf9","לא צוין","2026-12-31T00:00:00.000Z","ok","rb_4b20b4bf49b2f0","מקור: �מסעדות כשרות.pdf | כשרות רגילה | מיקום משוער לפי עיר; ניתן לתקן במפה.","2026-04-17T00:00:00.000Z","32.015593","34.742329","meat","",""
"r_d403aaf5b2a1f2","בורגר z","הרצל 48","בת ים","Regular","h_cb270691c26978","m_29aa9bc9d9fbf9","לא צוין","2026-12-31T00:00:00.000Z","ok","rb_4b20b4bf49b2f0","מקור: �מסעדות כשרות.pdf | כשרות רגילה | מיקום משוער לפי עיר; ניתן לתקן במפה.","2026-04-17T00:00:00.000Z","32.006334","34.743586","meat","",""
"r_3ab261fa61a88a","ארומה","יוספטל 92","בת ים","Regular","h_cb270691c26978","m_29aa9bc9d9fbf9","לא צוין","2026-12-31T00:00:00.000Z","ok","rb_4b20b4bf49b2f0","מקור: �מסעדות כשרות.pdf | כשרות רגילה | מיקום משוער לפי עיר; ניתן לתקן במפה.","2026-04-17T00:00:00.000Z","32.007719","34.750287","dairy","",""
"r_89940d6a51ca55","באצ'יס","יוספטל 92","בת ים","Regular","h_cb270691c26978","m_29aa9bc9d9fbf9","לא צוין","2026-12-31T00:00:00.000Z","ok","rb_4b20b4bf49b2f0","מקור: �מסעדות כשרות.pdf | כשרות רגילה | מיקום משוער לפי עיר; ניתן לתקן במפה.","2026-04-17T00:00:00.000Z","32.004313","34.745157","meat","",""
"r_0efa84c6c6036c","בורגר סטיישן בע""מ","דרך בן גוריון 134","בת ים","Regular","h_cb270691c26978","m_29aa9bc9d9fbf9","לא צוין","2026-12-31T00:00:00.000Z","ok","rb_4b20b4bf49b2f0","מקור: �מסעדות כשרות.pdf | כשרות רגילה | מיקום משוער לפי עיר; ניתן לתקן במפה.","2026-04-17T00:00:00.000Z","32.018681","34.740539","meat","",""
"r_bf0ce2b615f68a","בורגר קומפני","הרב ניסנבאום 33","בת ים","Mehadrin","h_af97830360cdc7","m_d8f87ffa2b909a","לא צוין","2026-12-31T00:00:00.000Z","ok","rb_050ad423fd1f6d","מקור: �מסעדות כשרות.pdf | כשר למהדרין | מיקום משוער לפי עיר; ניתן לתקן במפה.","2026-04-17T00:00:00.000Z","32.006345","34.734947","meat","",""
"r_2a2b501fe3b8c1","בחבוש שווארמה","רוטשילד 27","בת ים","Mehadrin","h_af97830360cdc7","m_29aa9bc9d9fbf9","לא צוין","2026-12-31T00:00:00.000Z","ok","rb_050ad423fd1f6d","מקור: �מסעדות כשרות.pdf | כשר למהדרין | מיקום משוער לפי עיר; ניתן לתקן במפה.","2026-04-17T00:00:00.000Z","32.018341","34.735137","meat","",""
"r_72264295d2cfcd","בי פרש","יוספטל 92","בת ים","Regular","h_cb270691c26978","m_29aa9bc9d9fbf9","לא צוין","2026-12-31T00:00:00.000Z","ok","rb_4b20b4bf49b2f0","מקור: �מסעדות כשרות.pdf | כשרות רגילה | מיקום משוער לפי עיר; ניתן לתקן במפה.","2026-04-17T00:00:00.000Z","32.025599","34.73043","dairy","",""
"r_b3a101bbf185ef","ביס בפיתה","בר אילן 10","בת ים","Regular","h_cb270691c26978","m_d8f87ffa2b909a","לא צוין","2026-12-31T00:00:00.000Z","ok","rb_4b20b4bf49b2f0","מקור: �מסעדות כשרות.pdf | כשרות רגילה | מיקום משוער לפי עיר; ניתן לתקן במפה.","2026-04-17T00:00:00.000Z","32.002794","34.758225","meat","",""
"r_1c8166db72fa37","בית הבורגר","קרן היסוד 20","בת ים","Mehadrin","h_af97830360cdc7","m_d8f87ffa2b909a","לא צוין","2026-12-31T00:00:00.000Z","ok","rb_050ad423fd1f6d","מקור: �מסעדות כשרות.pdf | כשר למהדרין | מיקום משוער לפי עיר; ניתן לתקן במפה.","2026-04-17T00:00:00.000Z","32.032296","34.744591","meat","",""
"r_145fafdd895b6b","בית הגלידה","אנה פרנק 29","בת ים","Regular","h_cb270691c26978","m_45c0806e925442","לא צוין","2026-12-31T00:00:00.000Z","ok","rb_4b20b4bf49b2f0","מקור: �מסעדות כשרות.pdf | כשרות רגילה | מיקום משוער לפי עיר; ניתן לתקן במפה.","2026-04-17T00:00:00.000Z","32.020703","34.751337","dairy","",""
"r_8609412ce3abd5","גוד מורנינג סאן שיין","הקוממיות 14","בת ים","Regular","h_cb270691c26978","m_993e6f7311b31c","לא צוין","2026-12-31T00:00:00.000Z","ok","rb_4b20b4bf49b2f0","מקור: �מסעדות כשרות.pdf | כשרות רגילה | מיקום משוער לפי עיר; ניתן לתקן במפה.","2026-04-17T00:00:00.000Z","32.018926","34.736774","dairy","",""
"r_7481d7a9af716e","גולדה הכשר","נעמי שמר 9","בת ים","Mehadrin","h_af97830360cdc7","m_29aa9bc9d9fbf9","לא צוין","2026-12-31T00:00:00.000Z","ok","rb_050ad423fd1f6d","מקור: �מסעדות כשרות.pdf | כשר למהדרין | מיקום משוער לפי עיר; ניתן לתקן במפה.","2026-04-17T00:00:00.000Z","32.019841","34.75781","dairy","",""
"r_b7226df04bef0a","גורילה בר קפה","דרך בן גוריון 81","בת ים","Regular","h_af97830360cdc7","m_29aa9bc9d9fbf9","לא צוין","2026-12-31T00:00:00.000Z","ok","rb_050ad423fd1f6d","מקור: �מסעדות כשרות.pdf | כשרות רגילה | מיקום משוער לפי עיר; ניתן לתקן במפה.","2026-04-17T00:00:00.000Z","32.007842","34.731536","dairy","",""
"r_6ccc679bdd0db3","דודא","מנחם יקואל 13","בת ים","Regular","h_cb270691c26978","m_d8f87ffa2b909a","לא צוין","2026-12-31T00:00:00.000Z","ok","rb_4b20b4bf49b2f0","מקור: �מסעדות כשרות.pdf | כשרות רגילה | מיקום משוער לפי עיר; ניתן לתקן במפה.","2026-04-17T00:00:00.000Z","32.031127","34.737148","meat","",""
"r_1feeb091f73282","דונה","דרך בן גוריון 135","בת ים","Mehadrin","h_af97830360cdc7","m_29aa9bc9d9fbf9","לא צוין","2026-12-31T00:00:00.000Z","ok","rb_050ad423fd1f6d","מקור: �מסעדות כשרות.pdf | כשר למהדרין | מיקום משוער לפי עיר; ניתן לתקן במפה.","2026-04-17T00:00:00.000Z","32.011449","34.761904","dairy","",""
"r_6c6da9d3c6d461","הטונשי – סנדוויץ טוניסאי","אהוד קינמון 45","בת ים","Regular","h_cb270691c26978","m_d8f87ffa2b909a","לא צוין","2026-12-31T00:00:00.000Z","ok","rb_4b20b4bf49b2f0","מקור: �מסעדות כשרות.pdf | כשרות רגילה | מיקום משוער לפי עיר; ניתן לתקן במפה.","2026-04-17T00:00:00.000Z","32.003292","34.756911","meat","",""
"r_9c663b68e43700","דוש בשרים","העמל 15","בת ים","Regular","h_cb270691c26978","m_993e6f7311b31c","לא צוין","2026-12-31T00:00:00.000Z","ok","rb_4b20b4bf49b2f0","מקור: �מסעדות כשרות.pdf | כשרות רגילה | מיקום משוער לפי עיר; ניתן לתקן במפה.","2026-04-17T00:00:00.000Z","32.026381","34.750952","meat","",""
"r_7750fee48b3072","הסורי חומוס פול - רוני","העבודה 12","בת ים","Mehadrin","h_cb270691c26978","m_d8f87ffa2b909a","לא צוין","2026-12-31T00:00:00.000Z","ok","rb_4b20b4bf49b2f0","מקור: �מסעדות כשרות.pdf | כשר למהדרין | מיקום משוער לפי עיר; ניתן לתקן במפה.","2026-04-17T00:00:00.000Z","32.030226","34.73006","meat","",""
"r_26fc19fba47879","הסורי חומוס פול המקורי - משה","מצודת ביתר 8","בת ים","Mehadrin","h_cb270691c26978","m_d8f87ffa2b909a","לא צוין","2026-12-31T00:00:00.000Z","ok","rb_4b20b4bf49b2f0","מקור: �מסעדות כשרות.pdf | כשר למהדרין | מיקום משוער לפי עיר; ניתן לתקן במפה.","2026-04-17T00:00:00.000Z","32.012503","34.745938","pareve","",""
"r_ad987b4702e280","הפנקיקייה","רוטשילד 8","בת ים","Mehadrin","h_cb270691c26978","m_29aa9bc9d9fbf9","לא צוין","2026-12-31T00:00:00.000Z","ok","rb_4b20b4bf49b2f0","מקור: �מסעדות כשרות.pdf | כשר למהדרין | מיקום משוער לפי עיר; ניתן לתקן במפה.","2026-04-17T00:00:00.000Z","32.015388","34.740855","dairy","",""
"r_cd3da84370ca55","הקוסם האיטלקי","ירושלים 11","בת ים","Mehadrin","h_cb270691c26978","m_45c0806e925442","לא צוין","2026-12-31T00:00:00.000Z","ok","rb_4b20b4bf49b2f0","מקור: �מסעדות כשרות.pdf | כשר למהדרין | מיקום משוער לפי עיר; ניתן לתקן במפה.","2026-04-17T00:00:00.000Z","32.006232","34.760009","dairy","",""
"r_f9a25317fae110","התימני הנדיב","בר שאול 5","בת ים","Mehadrin","h_af97830360cdc7","m_29aa9bc9d9fbf9","לא צוין","2026-12-31T00:00:00.000Z","ok","rb_050ad423fd1f6d","מקור: �מסעדות כשרות.pdf | כשר למהדרין | מיקום משוער לפי עיר; ניתן לתקן במפה.","2026-04-17T00:00:00.000Z","32.034172","34.736865","meat","",""
"r_b3a0be4cb0a9cd","חוף שירת הים","דרך בן גוריון 10","בת ים","Mehadrin","h_cb270691c26978","m_993e6f7311b31c","לא צוין","2026-12-31T00:00:00.000Z","ok","rb_4b20b4bf49b2f0","מקור: �מסעדות כשרות.pdf | כשר למהדרין | מיקום משוער לפי עיר; ניתן לתקן במפה.","2026-04-17T00:00:00.000Z","32.004437","34.751672","dairy","",""
"r_d12738edc1b871","טיביס","הקוממיות 14","בת ים","Regular","h_cb270691c26978","m_d8f87ffa2b909a","לא צוין","2026-12-31T00:00:00.000Z","ok","rb_4b20b4bf49b2f0","מקור: �מסעדות כשרות.pdf | כשרות רגילה | מיקום משוער לפי עיר; ניתן לתקן במפה.","2026-04-17T00:00:00.000Z","32.004999","34.75589","meat","",""
"r_51b655ae9a7b37","טעמים בוכרים","בלפור 63","בת ים","Regular","h_cb270691c26978","m_29aa9bc9d9fbf9","לא צוין","2026-12-31T00:00:00.000Z","ok","rb_4b20b4bf49b2f0","מקור: �מסעדות כשרות.pdf | כשרות רגילה | מיקום משוער לפי עיר; ניתן לתקן במפה.","2026-04-17T00:00:00.000Z","32.027189","34.749639","meat","",""
"r_7c586201d5fd94","יבויה","נעמי שמר","בת ים","Mehadrin","h_af97830360cdc7","m_d8f87ffa2b909a","לא צוין","2026-12-31T00:00:00.000Z","ok","rb_050ad423fd1f6d","מקור: �מסעדות כשרות.pdf | כשר למהדרין | מיקום משוער לפי עיר; ניתן לתקן במפה.","2026-04-17T00:00:00.000Z","32.01209","34.749693","meat","",""
"r_c421791acb3625","לאה קריספי צ'יקן","בלפור 135","בת ים","Mehadrin","h_cb270691c26978","m_29aa9bc9d9fbf9","לא צוין","2026-12-31T00:00:00.000Z","ok","rb_4b20b4bf49b2f0","מקור: �מסעדות כשרות.pdf | כשר למהדרין | מיקום משוער לפי עיר; ניתן לתקן במפה.","2026-04-17T00:00:00.000Z","32.016007","34.729601","meat","",""
"r_a5b3aa76582d49","מוזס שופ בת ים","אריק איינשטיין 1","בת ים","Regular","h_cb270691c26978","m_993e6f7311b31c","לא צוין","2026-12-31T00:00:00.000Z","ok","rb_4b20b4bf49b2f0","מקור: �מסעדות כשרות.pdf | כשרות רגילה | מיקום משוער לפי עיר; ניתן לתקן במפה.","2026-04-17T00:00:00.000Z","32.001425","34.749033","meat","",""
"r_e4bf7cf83b72be","מיסטר קורן","יוספטל 92","בת ים","Regular","h_cb270691c26978","m_29aa9bc9d9fbf9","לא צוין","2026-12-31T00:00:00.000Z","ok","rb_4b20b4bf49b2f0","מקור: �מסעדות כשרות.pdf | כשרות רגילה | מיקום משוער לפי עיר; ניתן לתקן במפה.","2026-04-17T00:00:00.000Z","32.004221","34.759708","dairy","",""
"r_848fa1705de787","מסעדת בית הסנדוויץ","מקס נורדואו 3","בת ים","Mehadrin","h_cb270691c26978","m_29aa9bc9d9fbf9","לא צוין","2026-12-31T00:00:00.000Z","ok","rb_4b20b4bf49b2f0","מקור: �מסעדות כשרות.pdf | כשר למהדרין | מיקום משוער לפי עיר; ניתן לתקן במפה.","2026-04-17T00:00:00.000Z","32.014425","34.742237","meat","",""
"r_23b9d0cacf6b6c","מסעדת דרקון הזהב","שדרות העצמאות 67","בת ים","Regular","h_cb270691c26978","m_29aa9bc9d9fbf9","לא צוין","2026-12-31T00:00:00.000Z","ok","rb_4b20b4bf49b2f0","מקור: �מסעדות כשרות.pdf | כשרות רגילה | מיקום משוער לפי עיר; ניתן לתקן במפה.","2026-04-17T00:00:00.000Z","32.032071","34.759749","meat","",""
"r_10d1f44c220b1b","מסעדת מאמא דיאלי","בלפור 15","בת ים","Regular","h_cb270691c26978","m_29aa9bc9d9fbf9","לא צוין","2026-12-31T00:00:00.000Z","ok","rb_4b20b4bf49b2f0","מקור: �מסעדות כשרות.pdf | כשרות רגילה | מיקום משוער לפי עיר; ניתן לתקן במפה.","2026-04-17T00:00:00.000Z","32.022575","34.733556","meat","",""
"r_7cc6dc6e470fc9","מסעדת מיסטר ג'ק","שדרות העצמאות 77","בת ים","Regular","h_cb270691c26978","m_29aa9bc9d9fbf9","לא צוין","2026-12-31T00:00:00.000Z","ok","rb_4b20b4bf49b2f0","מקור: �מסעדות כשרות.pdf | כשרות רגילה | מיקום משוער לפי עיר; ניתן לתקן במפה.","2026-04-17T00:00:00.000Z","32.022864","34.745816","meat","",""
"r_c23eb900a9c112","מסעדת פונדק בני","דרך בן גוריון 109","בת ים","Regular","h_af97830360cdc7","m_29aa9bc9d9fbf9","לא צוין","2026-12-31T00:00:00.000Z","ok","rb_050ad423fd1f6d","מקור: �מסעדות כשרות.pdf | כשרות רגילה | מיקום משוער לפי עיר; ניתן לתקן במפה.","2026-04-17T00:00:00.000Z","32.010369","34.747455","meat","",""
"r_a68ae83eb7514d","מסעדת שווארמה גריל בר","יוספטל 92","בת ים","Regular","h_af97830360cdc7","m_29aa9bc9d9fbf9","לא צוין","2026-12-31T00:00:00.000Z","ok","rb_050ad423fd1f6d","מקור: �מסעדות כשרות.pdf | כשרות רגילה | מיקום משוער לפי עיר; ניתן לתקן במפה.","2026-04-17T00:00:00.000Z","32.009724","34.733392","meat","",""
"r_88ca37c8c2b9f4","מסעדת שיפודי ציפורה","הרב בר שאול 5","בת ים","Regular","h_af97830360cdc7","m_993e6f7311b31c","לא צוין","2026-12-31T00:00:00.000Z","ok","rb_050ad423fd1f6d","מקור: �מסעדות כשרות.pdf | כשרות רגילה | מיקום משוער לפי עיר; ניתן לתקן במפה.","2026-04-17T00:00:00.000Z","32.003224","34.737149","meat","",""
"r_e3ba97b4fa43ec","מקדונלדס הכשר","יוספטל 92","בת ים","Regular","h_cb270691c26978","m_29aa9bc9d9fbf9","לא צוין","2026-12-31T00:00:00.000Z","ok","rb_4b20b4bf49b2f0","מקור: �מסעדות כשרות.pdf | כשרות רגילה | מיקום משוער לפי עיר; ניתן לתקן במפה.","2026-04-17T00:00:00.000Z","32.01588","34.73658","meat","",""
"r_efad96b99a36ff","סנדרו פיצה","ניצנה 21","בת ים","Mehadrin","h_cb270691c26978","m_45c0806e925442","לא צוין","2026-12-31T00:00:00.000Z","ok","rb_4b20b4bf49b2f0","מקור: �מסעדות כשרות.pdf | כשר למהדרין | מיקום משוער לפי עיר; ניתן לתקן במפה.","2026-04-17T00:00:00.000Z","32.019761","34.75757","dairy","",""
"r_9d1eca0b48ac17","עמוס הבגט הלוהט","האורגים 12","בת ים","Regular","h_cb270691c26978","m_29aa9bc9d9fbf9","לא צוין","2026-12-31T00:00:00.000Z","ok","rb_4b20b4bf49b2f0","מקור: �מסעדות כשרות.pdf | כשרות רגילה | מיקום משוער לפי עיר; ניתן לתקן במפה.","2026-04-17T00:00:00.000Z","32.003803","34.751491","meat","",""
"r_bad96abca6f95d","פאפא פיצה","דרך בן גוריון 107","בת ים","Regular","h_cb270691c26978","m_45c0806e925442","לא צוין","2026-12-31T00:00:00.000Z","ok","rb_4b20b4bf49b2f0","מקור: �מסעדות כשרות.pdf | כשרות רגילה | מיקום משוער לפי עיר; ניתן לתקן במפה.","2026-04-17T00:00:00.000Z","32.022591","34.730233","dairy","",""
"r_c8bef900a33671","פוצי פיצה בע""מ","בן גוריון 119","בת ים","Mehadrin","h_cb270691c26978","m_45c0806e925442","לא צוין","2026-12-31T00:00:00.000Z","ok","rb_4b20b4bf49b2f0","מקור: �מסעדות כשרות.pdf | כשר למהדרין | מיקום משוער לפי עיר; ניתן לתקן במפה.","2026-04-17T00:00:00.000Z","32.011011","34.744335","dairy","",""
"r_9171b0de2ddef1","פטריקס ביץ בת ים","דרך בן גוריון 136","בת ים","Regular","h_cb270691c26978","m_29aa9bc9d9fbf9","לא צוין","2026-12-31T00:00:00.000Z","ok","rb_4b20b4bf49b2f0","מקור: �מסעדות כשרות.pdf | כשרות רגילה | מיקום משוער לפי עיר; ניתן לתקן במפה.","2026-04-17T00:00:00.000Z","32.005784","34.758503","meat","",""
"r_55ce5943b317c7","פיצה אפי","רוטשילד 44","בת ים","Regular","h_cb270691c26978","m_45c0806e925442","לא צוין","2026-12-31T00:00:00.000Z","ok","rb_4b20b4bf49b2f0","מקור: �מסעדות כשרות.pdf | כשרות רגילה | מיקום משוער לפי עיר; ניתן לתקן במפה.","2026-04-17T00:00:00.000Z","32.024432","34.762044","dairy","",""
"r_fcbe4ce491d5aa","פיצה בנדס","בלפור 144","בת ים","Mehadrin","h_af97830360cdc7","m_45c0806e925442","לא צוין","2026-12-31T00:00:00.000Z","ok","rb_050ad423fd1f6d","מקור: �מסעדות כשרות.pdf | כשר למהדרין | מיקום משוער לפי עיר; ניתן לתקן במפה.","2026-04-17T00:00:00.000Z","32.033532","34.740169","dairy","",""
"r_92381162b575bf","פיצה האט","רוטשילד 32","בת ים","Mehadrin","h_cb270691c26978","m_45c0806e925442","לא צוין","2026-12-31T00:00:00.000Z","ok","rb_4b20b4bf49b2f0","מקור: �מסעדות כשרות.pdf | כשר למהדרין | מיקום משוער לפי עיר; ניתן לתקן במפה.","2026-04-17T00:00:00.000Z","32.027243","34.73832","dairy","",""
"r_479d116c3c3492","פיצה זברה","מבצע סיני 16","בת ים","Regular","h_cb270691c26978","m_45c0806e925442","לא צוין","2026-12-31T00:00:00.000Z","ok","rb_4b20b4bf49b2f0","מקור: �מסעדות כשרות.pdf | כשרות רגילה | מיקום משוער לפי עיר; ניתן לתקן במפה.","2026-04-17T00:00:00.000Z","32.013655","34.728185","dairy","",""
"r_3a0db968047e5b","פיצה לה מאמא","שדרות העצמאות 79","בת ים","Mehadrin","h_cb270691c26978","m_29aa9bc9d9fbf9","לא צוין","2026-12-31T00:00:00.000Z","ok","rb_4b20b4bf49b2f0","מקור: �מסעדות כשרות.pdf | כשר למהדרין | מיקום משוער לפי עיר; ניתן לתקן במפה.","2026-04-17T00:00:00.000Z","32.010805","34.750428","dairy","",""
"r_fe59beda12de67","פיצה סטורי בת ים","בלפור 101","בת ים","Mehadrin","h_af97830360cdc7","m_45c0806e925442","לא צוין","2026-12-31T00:00:00.000Z","ok","rb_050ad423fd1f6d","מקור: �מסעדות כשרות.pdf | כשר למהדרין | מיקום משוער לפי עיר; ניתן לתקן במפה.","2026-04-17T00:00:00.000Z","32.03008","34.73645","dairy","",""
"r_97489de317595b","פיצה סטורי","הנביאים 3","בת ים","Mehadrin","h_cb270691c26978","m_45c0806e925442","לא צוין","2026-12-31T00:00:00.000Z","ok","rb_4b20b4bf49b2f0","מקור: �מסעדות כשרות.pdf | כשר למהדרין | מיקום משוער לפי עיר; ניתן לתקן במפה.","2026-04-17T00:00:00.000Z","32.028723","34.75694","dairy","",""
"r_eabcbbb08a6c16","פיצה פורטובלו","דרך בן גוריון 59","בת ים","Mehadrin","h_cb270691c26978","m_45c0806e925442","לא צוין","2026-12-31T00:00:00.000Z","ok","rb_4b20b4bf49b2f0","מקור: �מסעדות כשרות.pdf | כשר למהדרין | מיקום משוער לפי עיר; ניתן לתקן במפה.","2026-04-17T00:00:00.000Z","32.010049","34.756872","dairy","",""
"r_e006a62b3f012f","פיצה פצץ","דניאל 50","בת ים","Regular","h_af97830360cdc7","m_45c0806e925442","לא צוין","2026-12-31T00:00:00.000Z","ok","rb_050ad423fd1f6d","מקור: �מסעדות כשרות.pdf | כשרות רגילה | מיקום משוער לפי עיר; ניתן לתקן במפה.","2026-04-17T00:00:00.000Z","32.021859","34.741109","dairy","",""
"r_2d335a4986d015","פיצה קשת","בר שאול 3","בת ים","Regular","h_cb270691c26978","m_45c0806e925442","לא צוין","2026-12-31T00:00:00.000Z","ok","rb_4b20b4bf49b2f0","מקור: �מסעדות כשרות.pdf | כשרות רגילה | מיקום משוער לפי עיר; ניתן לתקן במפה.","2026-04-17T00:00:00.000Z","32.027494","34.744291","dairy","",""
"r_47b7ba5099286f","פיצה רונדו","דרך בן גוריון 97","בת ים","Mehadrin","h_cb270691c26978","m_45c0806e925442","לא צוין","2026-12-31T00:00:00.000Z","ok","rb_4b20b4bf49b2f0","מקור: �מסעדות כשרות.pdf | כשר למהדרין | מיקום משוער לפי עיר; ניתן לתקן במפה.","2026-04-17T00:00:00.000Z","32.02439","34.728872","dairy","",""
"r_7e4d05e7dd46a3","פיצה רחוב","הנביאים 3","בת ים","Mehadrin","h_cb270691c26978","m_45c0806e925442","לא צוין","2026-12-31T00:00:00.000Z","ok","rb_4b20b4bf49b2f0","מקור: �מסעדות כשרות.pdf | כשר למהדרין | מיקום משוער לפי עיר; ניתן לתקן במפה.","2026-04-17T00:00:00.000Z","32.025903","34.754934","dairy","",""
"r_b6849fb46e525d","פיצה שמש","עוזיאל 25","בת ים","Mehadrin","h_af97830360cdc7","m_45c0806e925442","לא צוין","2026-12-31T00:00:00.000Z","ok","rb_050ad423fd1f6d","מקור: �מסעדות כשרות.pdf | כשר למהדרין | מיקום משוער לפי עיר; ניתן לתקן במפה.","2026-04-17T00:00:00.000Z","31.999968","34.760464","dairy","",""
"r_1de47874456e02","פיצה שמש","הרצל 75","בת ים","Mehadrin","h_af97830360cdc7","m_45c0806e925442","לא צוין","2026-12-31T00:00:00.000Z","ok","rb_050ad423fd1f6d","מקור: �מסעדות כשרות.pdf | כשר למהדרין | מיקום משוער לפי עיר; ניתן לתקן במפה.","2026-04-17T00:00:00.000Z","32.027742","34.75029","dairy","",""
"r_60360955573f9e","פיצריקה","שדרות העצמאות 7","בת ים","Mehadrin","h_cb270691c26978","m_29aa9bc9d9fbf9","לא צוין","2026-12-31T00:00:00.000Z","ok","rb_4b20b4bf49b2f0","מקור: �מסעדות כשרות.pdf | כשר למהדרין | מיקום משוער לפי עיר; ניתן לתקן במפה.","2026-04-17T00:00:00.000Z","32.025523","34.735603","dairy","",""
"r_86fe582eb41b7e","פיש אנד צ'יפס","בלפור 140","בת ים","Mehadrin","h_cb270691c26978","m_45c0806e925442","לא צוין","2026-12-31T00:00:00.000Z","ok","rb_4b20b4bf49b2f0","מקור: �מסעדות כשרות.pdf | כשר למהדרין | מיקום משוער לפי עיר; ניתן לתקן במפה.","2026-04-17T00:00:00.000Z","32.018559","34.748556","pareve","",""
"r_beb9c391483c38","פיתה בשר","דרך בן גוריון 115","בת ים","Mehadrin","h_af97830360cdc7","m_29aa9bc9d9fbf9","לא צוין","2026-12-31T00:00:00.000Z","ok","rb_050ad423fd1f6d","מקור: �מסעדות כשרות.pdf | כשר למהדרין | מיקום משוער לפי עיר; ניתן לתקן במפה.","2026-04-17T00:00:00.000Z","32.017885","34.732415","meat","",""
"r_4170b31fa9e958","פלאפל ביבי","אהוד קינמון 22","בת ים","Regular","h_cb270691c26978","m_d8f87ffa2b909a","לא צוין","2026-12-31T00:00:00.000Z","ok","rb_4b20b4bf49b2f0","מקור: �מסעדות כשרות.pdf | כשרות רגילה | מיקום משוער לפי עיר; ניתן לתקן במפה.","2026-04-17T00:00:00.000Z","32.032638","34.747941","meat","",""
"r_c551c60cfc4f97","פלאפל דניאל","בלפור 59","בת ים","Mehadrin","h_cb270691c26978","m_29aa9bc9d9fbf9","לא צוין","2026-12-31T00:00:00.000Z","ok","rb_4b20b4bf49b2f0","מקור: �מסעדות כשרות.pdf | כשר למהדרין | מיקום משוער לפי עיר; ניתן לתקן במפה.","2026-04-17T00:00:00.000Z","32.016676","34.736349","meat","",""
"r_1acba10b5dc550","פלאפל החברים","שדרות העצמאות 79","בת ים","Mehadrin","h_cb270691c26978","m_29aa9bc9d9fbf9","לא צוין","2026-12-31T00:00:00.000Z","ok","rb_4b20b4bf49b2f0","מקור: �מסעדות כשרות.pdf | כשר למהדרין | מיקום משוער לפי עיר; ניתן לתקן במפה.","2026-04-17T00:00:00.000Z","32.03349","34.751674","meat","",""
"r_fa18c5ac0eb0ac","פלאפל הכי טוב","מבצע סיני 16","בת ים","Mehadrin","h_cb270691c26978","m_29aa9bc9d9fbf9","לא צוין","2026-12-31T00:00:00.000Z","ok","rb_4b20b4bf49b2f0","מקור: �מסעדות כשרות.pdf | כשר למהדרין | מיקום משוער לפי עיר; ניתן לתקן במפה.","2026-04-17T00:00:00.000Z","31.999765","34.740415","dairy","",""
"r_68097f990f5904","פלאפל חתוכה","מקס נורדואו 34","בת ים","Mehadrin","h_cb270691c26978","m_29aa9bc9d9fbf9","לא צוין","2026-12-31T00:00:00.000Z","ok","rb_4b20b4bf49b2f0","מקור: �מסעדות כשרות.pdf | כשר למהדרין | מיקום משוער לפי עיר; ניתן לתקן במפה.","2026-04-17T00:00:00.000Z","32.016104","34.749468","pareve","",""
"r_df550836fbd09c","פצץ בורגר","עוזיאל 34","בת ים","Mehadrin","h_af97830360cdc7","m_29aa9bc9d9fbf9","לא צוין","2026-12-31T00:00:00.000Z","ok","rb_050ad423fd1f6d","מקור: �מסעדות כשרות.pdf | כשר למהדרין | מיקום משוער לפי עיר; ניתן לתקן במפה.","2026-04-17T00:00:00.000Z","32.010341","34.757102","meat","",""
"r_745a95884e6de6","פרשופ בת ים","יוספטל 92","בת ים","Regular","h_cb270691c26978","m_29aa9bc9d9fbf9","לא צוין","2026-12-31T00:00:00.000Z","ok","rb_4b20b4bf49b2f0","מקור: �מסעדות כשרות.pdf | כשרות רגילה | מיקום משוער לפי עיר; ניתן לתקן במפה.","2026-04-17T00:00:00.000Z","32.022649","34.729468","dairy","",""
"r_34ce188285a87f","פשוט טעים","הרב ניסנבאום 29","בת ים","Mehadrin","h_cb270691c26978","m_d8f87ffa2b909a","לא צוין","2026-12-31T00:00:00.000Z","ok","rb_4b20b4bf49b2f0","מקור: �מסעדות כשרות.pdf | כשר למהדרין | מיקום משוער לפי עיר; ניתן לתקן במפה.","2026-04-17T00:00:00.000Z","32.016311","34.730336","meat","",""
"r_98dce2ae59ed88","צ'וף בורגר","בלפור 60","בת ים","Regular","h_cb270691c26978","m_29aa9bc9d9fbf9","לא צוין","2026-12-31T00:00:00.000Z","ok","rb_4b20b4bf49b2f0","מקור: �מסעדות כשרות.pdf | כשרות רגילה | מיקום משוער לפי עיר; ניתן לתקן במפה.","2026-04-17T00:00:00.000Z","32.007355","34.731034","meat","",""
"r_badd19c3f47da7","צחי בשרים","הרצל 82","בת ים","Regular","h_af97830360cdc7","m_993e6f7311b31c","לא צוין","2026-12-31T00:00:00.000Z","ok","rb_050ad423fd1f6d","מקור: �מסעדות כשרות.pdf | כשרות רגילה | מיקום משוער לפי עיר; ניתן לתקן במפה.","2026-04-17T00:00:00.000Z","32.011696","34.735856","meat","",""
"r_af41ee07385de7","קופיקס","הרב ניסנבאום 33","בת ים","Regular","h_cb270691c26978","m_993e6f7311b31c","לא צוין","2026-12-31T00:00:00.000Z","ok","rb_4b20b4bf49b2f0","מקור: �מסעדות כשרות.pdf | כשרות רגילה | מיקום משוער לפי עיר; ניתן לתקן במפה.","2026-04-17T00:00:00.000Z","32.002561","34.750244","dairy","",""
"r_a9576778574ca7","קופיקס","שדרות העצמאות 69","בת ים","Regular","h_cb270691c26978","m_29aa9bc9d9fbf9","לא צוין","2026-12-31T00:00:00.000Z","ok","rb_4b20b4bf49b2f0","מקור: �מסעדות כשרות.pdf | כשרות רגילה | מיקום משוער לפי עיר; ניתן לתקן במפה.","2026-04-17T00:00:00.000Z","32.02389","34.741807","dairy","",""
"r_099588ea0ceff9","קינג צ'יקן","מקס נורדואו 34","בת ים","Mehadrin","h_cb270691c26978","m_29aa9bc9d9fbf9","לא צוין","2026-12-31T00:00:00.000Z","ok","rb_4b20b4bf49b2f0","מקור: �מסעדות כשרות.pdf | כשר למהדרין | מיקום משוער לפי עיר; ניתן לתקן במפה.","2026-04-17T00:00:00.000Z","32.020165","34.747756","meat","",""
"r_7523a5445308b1","קפה יותו בע""מ","הרב ניסנבאום 7","בת ים","Regular","h_cb270691c26978","m_d8f87ffa2b909a","לא צוין","2026-12-31T00:00:00.000Z","ok","rb_4b20b4bf49b2f0","מקור: �מסעדות כשרות.pdf | כשרות רגילה | מיקום משוער לפי עיר; ניתן לתקן במפה.","2026-04-17T00:00:00.000Z","32.001956","34.739421","dairy","",""
"r_489bf205d1fe3d","קפה קפה טיילת","דרך בן גוריון 81","בת ים","Mehadrin","h_af97830360cdc7","m_29aa9bc9d9fbf9","לא צוין","2026-12-31T00:00:00.000Z","ok","rb_050ad423fd1f6d","מקור: �מסעדות כשרות.pdf | כשר למהדרין | מיקום משוער לפי עיר; ניתן לתקן במפה.","2026-04-17T00:00:00.000Z","32.025099","34.740142","dairy","",""
"r_11f2482d958165","קפה קפה קניון","יוספטל 92","בת ים","Mehadrin","h_af97830360cdc7","m_29aa9bc9d9fbf9","לא צוין","2026-12-31T00:00:00.000Z","ok","rb_050ad423fd1f6d","מקור: �מסעדות כשרות.pdf | כשר למהדרין | מיקום משוער לפי עיר; ניתן לתקן במפה.","2026-04-17T00:00:00.000Z","32.0287","34.751303","dairy","",""
"r_2db110ad2fe300","רוני פול","אנילביץ 41","בת ים","Regular","h_cb270691c26978","m_29aa9bc9d9fbf9","לא צוין","2026-12-31T00:00:00.000Z","ok","rb_4b20b4bf49b2f0","מקור: �מסעדות כשרות.pdf | כשרות רגילה | מיקום משוער לפי עיר; ניתן לתקן במפה.","2026-04-17T00:00:00.000Z","32.016999","34.758511","pareve","",""
"r_07d6679851be6a","ריקו טוסט נקניק","בר שאול 5","בת ים","Regular","h_cb270691c26978","m_29aa9bc9d9fbf9","לא צוין","2026-12-31T00:00:00.000Z","ok","rb_4b20b4bf49b2f0","מקור: �מסעדות כשרות.pdf | כשרות רגילה | מיקום משוער לפי עיר; ניתן לתקן במפה.","2026-04-17T00:00:00.000Z","32.032953","34.734514","meat","",""
"r_b6b75b17daa377","שיפודי סיני","מבצע סיני","בת ים","Mehadrin","h_af97830360cdc7","m_29aa9bc9d9fbf9","לא צוין","2026-12-31T00:00:00.000Z","ok","rb_050ad423fd1f6d","מקור: �מסעדות כשרות.pdf | כשר למהדרין | מיקום משוער לפי עיר; ניתן לתקן במפה.","2026-04-17T00:00:00.000Z","32.005929","34.753167","meat","",""
"r_50dda8af7f9426","שיפודי עזרא ובניו הכשר","העמל 10","בת ים","Regular","h_cb270691c26978","m_d8f87ffa2b909a","לא צוין","2026-12-31T00:00:00.000Z","ok","rb_4b20b4bf49b2f0","מקור: �מסעדות כשרות.pdf | כשרות רגילה | מיקום משוער לפי עיר; ניתן לתקן במפה.","2026-04-17T00:00:00.000Z","32.007713","34.7501","meat","",""
